diagnostic,scale,distance
inter_date,raw,161.0882309629164
inter_date,raw,160.8779807878659
inter_date,raw,160.9842263420624
inter_date,raw,160.9724586395952
inter_date,raw,161.01097548363117
inter_date,raw,161.06195661622772
inter_date,raw,161.02513390772262
inter_date,raw,161.1162189598079
inter_date,raw,222.10389433990656
inter_date,raw,222.14176618932848
inter_date,raw,222.204251009441
inter_date,raw,222.27076205985048
inter_date,raw,222.23052836659332
inter_date,raw,222.2036884632356
inter_date,raw,222.21651282348162
inter_date,raw,222.2017932078
inter_date,raw,141.26548587677033
inter_date,raw,141.31293372545642
inter_date,raw,141.41721034213757
inter_date,raw,141.3240219023881
inter_date,raw,141.28850086327083
inter_date,raw,141.34971196089708
inter_date,raw,141.28568870672405
inter_date,raw,141.2579222388539
inter_date,raw,91.75836863352419
inter_date,raw,91.84565858003306
inter_date,raw,91.71242905330304
inter_date,raw,91.68857422196696
inter_date,raw,91.79517507291256
inter_date,raw,91.7640770309021
inter_date,raw,91.78000028536147
inter_date,raw,91.66882032102092
inter_date,raw,3.6292052783468933
inter_date,raw,3.4323825544364954
inter_date,raw,3.4271760553385224
inter_date,raw,3.4968097705520917
inter_date,raw,3.4570063432315044
inter_date,raw,3.52098302020493
inter_date,raw,3.4831652955595542
inter_date,raw,3.411508882758897
inter_date,raw,3.677068578818368
inter_date,raw,3.6030740843261686
inter_date,raw,3.5393199508218687
inter_date,raw,3.5203490086718876
inter_date,raw,3.5523298860110977
inter_date,raw,3.725715016067705
inter_date,raw,3.600595188893874
inter_date,raw,3.8277651069894185
inter_date,raw,3.6825279231476173
inter_date,raw,3.5688383464171003
inter_date,raw,3.587552886618637
inter_date,raw,3.5441517891819907
inter_date,raw,3.5779999068380834
inter_date,raw,3.5659183683202578
inter_date,raw,3.525628954358289
inter_date,raw,3.6357598930622466
inter_date,raw,3.7169175657359137
inter_date,raw,3.5636224213438723
inter_date,raw,3.5773760003135044
inter_date,raw,3.526262016572763
inter_date,raw,3.5569348763065247
inter_date,raw,3.584440581975699
inter_date,raw,3.5456210417116734
inter_date,raw,3.643323966354011
inter_date,raw,266.25235579105345
inter_date,raw,266.5915705272589
inter_date,raw,170.97774674194412
inter_date,raw,210.07808213908964
inter_date,raw,247.97964586212467
inter_date,raw,229.52836283396022
inter_date,raw,225.95771372727498
inter_date,raw,180.10297567013737
inter_date,raw,246.45056492607387
inter_date,raw,216.3966644129424
inter_date,raw,306.10555631537113
inter_date,raw,309.94475554216956
inter_date,raw,302.2324894490522
inter_date,raw,281.79513307331894
inter_date,raw,261.91211948539785
inter_date,raw,244.66093520275302
inter_date,raw,240.00100756236915
inter_date,raw,226.40375596329164
inter_date,raw,302.7351653791526
inter_date,raw,302.83776400826207
inter_date,raw,295.9615684510406
inter_date,raw,276.20236337822
inter_date,raw,254.86384962414363
inter_date,raw,248.55667589294876
inter_date,raw,248.71766360770638
inter_date,raw,230.41584754009227
inter_date,raw,277.1870258894319
inter_date,raw,261.79721966856425
inter_date,raw,279.72303212710415
inter_date,raw,205.01036559159635
inter_date,raw,243.83790844583228
inter_date,raw,219.33449802484225
inter_date,raw,260.40577596274994
inter_date,raw,223.64080203159114
inter_date,raw,254.07130139092095
inter_date,raw,265.51043047397627
inter_date,raw,288.08998986758417
inter_date,raw,256.0397366156091
inter_date,raw,257.11849628323586
inter_date,raw,155.02775769120157
inter_date,raw,224.7476329394923
inter_date,raw,267.59395323796804
inter_date,raw,206.4530241737238
inter_date,raw,229.2050054510362
inter_date,raw,257.79588871449295
inter_date,raw,272.8787641801322
inter_date,raw,255.74489998638802
inter_date,raw,241.12042844169127
inter_date,raw,242.46707864407173
inter_date,raw,185.22224424162656
inter_date,raw,294.8291171735474
inter_date,raw,304.27740808582644
inter_date,raw,311.6858919458743
inter_date,raw,284.38088298467403
inter_date,raw,277.31026600353687
inter_date,raw,215.53906327535861
inter_date,raw,246.349466254363
inter_date,raw,193.30131995829475
inter_date,raw,286.201084924402
inter_date,raw,296.880941043311
inter_date,raw,305.63107769787075
inter_date,raw,277.8769426168628
inter_date,raw,269.8168360202899
inter_date,raw,206.7908421109416
inter_date,raw,19.864046847076683
inter_date,raw,19.5826620958925
inter_date,raw,14.875675254781353
inter_date,raw,16.506807758647714
inter_date,raw,17.347764711229814
inter_date,raw,14.110269394343694
inter_date,raw,13.131772629045646
inter_date,raw,15.442481604173537
inter_date,raw,20.02803095188151
inter_date,raw,15.26799289831041
inter_date,raw,19.91335397833993
inter_date,raw,21.05134737232931
inter_date,raw,21.678076208354792
inter_date,raw,22.977246768218752
inter_date,raw,22.309310996596402
inter_date,raw,22.062951061084497
inter_date,raw,15.136433105023691
inter_date,raw,10.430467048849867
inter_date,raw,14.94488883802594
inter_date,raw,15.665210165325249
inter_date,raw,16.333394071801546
inter_date,raw,17.78768635079576
inter_date,raw,17.591216355247948
inter_date,raw,17.60821135558229
inter_date,raw,13.295966986091614
inter_date,raw,13.878029484799072
inter_date,raw,14.550814082936752
inter_date,raw,15.084434976870316
inter_date,raw,15.836168292566109
inter_date,raw,13.51085322109247
inter_date,raw,15.437277085338716
inter_date,raw,9.754577679955483
inter_date,raw,12.024590380113736
inter_date,raw,12.147653114510481
inter_date,raw,12.868554789911428
inter_date,raw,13.228306589964387
inter_date,raw,13.915668626887223
inter_date,raw,13.60595545375347
inter_date,raw,14.54748996513537
inter_date,raw,11.236036307558013
inter_date,raw,12.44792725144001
inter_date,raw,11.52042699274806
inter_date,raw,8.260184910878495
inter_date,raw,7.847315282493571
inter_date,raw,8.107536176739693
inter_date,raw,13.50143290455463
inter_date,raw,12.539520857406528
inter_date,raw,15.698185745948024
inter_date,raw,12.179461634829584
inter_date,raw,5.786247036024712
inter_date,raw,11.35925781445417
inter_date,raw,12.12147101319842
inter_date,raw,12.820126940163453
inter_date,raw,13.105285647583646
inter_date,raw,13.292496988544936
inter_date,raw,13.965092535454591
inter_date,raw,12.491246935354372
inter_date,raw,6.758812589430751
inter_date,raw,11.477397560505812
inter_date,raw,12.092771355136879
inter_date,raw,12.714118511474144
inter_date,raw,13.233817611385938
inter_date,raw,13.437520764103558
inter_date,raw,13.863975671811149
inter_date,raw,72.45349493690024
inter_date,raw,60.81752077595184
inter_date,raw,49.20477740065104
inter_date,raw,54.30501105966627
inter_date,raw,56.42474180796256
inter_date,raw,40.32715911026664
inter_date,raw,43.100553802651284
inter_date,raw,51.36265203247905
inter_date,raw,67.04602630176633
inter_date,raw,45.91526227218799
inter_date,raw,67.66753899273516
inter_date,raw,73.50796644549746
inter_date,raw,75.55046996481731
inter_date,raw,82.77414767794063
inter_date,raw,81.42250917283255
inter_date,raw,80.5081887287309
inter_date,raw,59.03727888054333
inter_date,raw,44.85255274892654
inter_date,raw,62.333719281972975
inter_date,raw,71.57168401247068
inter_date,raw,73.92177332443109
inter_date,raw,78.40344190391741
inter_date,raw,78.12822374301169
inter_date,raw,79.53405043483846
inter_date,raw,56.72373264549941
inter_date,raw,57.97324660072585
inter_date,raw,69.66468369814008
inter_date,raw,77.10467529521769
inter_date,raw,80.51053613392118
inter_date,raw,71.83961344219364
inter_date,raw,77.6969367999488
inter_date,raw,63.74618335914035
inter_date,raw,62.0686423973299
inter_date,raw,63.29305188302004
inter_date,raw,73.69490476345864
inter_date,raw,81.74035184073787
inter_date,raw,86.06303061184424
inter_date,raw,83.96986952529603
inter_date,raw,86.61186167802498
inter_date,raw,79.26324622661471
inter_date,raw,60.43048692506126
inter_date,raw,60.176142737482806
inter_date,raw,59.92700172471743
inter_date,raw,65.62170626654974
inter_date,raw,70.70867883014617
inter_date,raw,78.15911160057077
inter_date,raw,76.87229476463514
inter_date,raw,85.40341070193747
inter_date,raw,51.987406900041435
inter_date,raw,40.60399640194945
inter_date,raw,59.963456133119706
inter_date,raw,66.20943277279483
inter_date,raw,71.93173226847006
inter_date,raw,74.00906878149975
inter_date,raw,74.34703856144603
inter_date,raw,79.05236736312382
inter_date,raw,53.96674185264918
inter_date,raw,40.75465573754383
inter_date,raw,61.18107151648099
inter_date,raw,66.89103612806214
inter_date,raw,72.1760620190062
inter_date,raw,75.49382070266225
inter_date,raw,75.7124199567963
inter_date,raw,78.89971596001743
inter_date,raw,23.451888440562126
inter_date,raw,26.30634542318278
inter_date,raw,20.10726444182135
inter_date,raw,21.636127745267263
inter_date,raw,21.97949531462709
inter_date,raw,15.930279643616101
inter_date,raw,13.169397697475983
inter_date,raw,28.990479759166917
inter_date,raw,29.55810460126034
inter_date,raw,17.08800749063506
inter_date,raw,23.847824848400744
inter_date,raw,24.409087886043007
inter_date,raw,24.945655218608998
inter_date,raw,29.746548419222403
inter_date,raw,30.339522197009913
inter_date,raw,30.478207476037383
inter_date,raw,27.01402303390205
inter_date,raw,16.230253570181244
inter_date,raw,23.300444508328898
inter_date,raw,24.293499277437515
inter_date,raw,25.28142198570024
inter_date,raw,30.721652632568297
inter_date,raw,31.19752737454868
inter_date,raw,31.728010758108784
inter_date,raw,19.930272798171224
inter_date,raw,27.729641824486045
inter_date,raw,28.401039551732037
inter_date,raw,29.200482098107642
inter_date,raw,30.384172140551513
inter_date,raw,27.59563996790245
inter_date,raw,30.433133181420793
inter_date,raw,20.287149932431426
inter_date,raw,22.05829667904919
inter_date,raw,26.00766828310084
inter_date,raw,27.16497767171477
inter_date,raw,28.129854078473112
inter_date,raw,29.3329105759579
inter_date,raw,29.124731758421397
inter_date,raw,30.885806379537602
inter_date,raw,24.84706196102948
inter_date,raw,24.575896776739448
inter_date,raw,18.88581761912513
inter_date,raw,20.482498336268407
inter_date,raw,19.852469259875097
inter_date,raw,19.757118970133273
inter_date,raw,29.701816723336414
inter_date,raw,28.832387130084246
inter_date,raw,31.446619547296034
inter_date,raw,25.392924117519335
inter_date,raw,9.813741580535112
inter_date,raw,20.542819681732848
inter_date,raw,21.373102811934533
inter_date,raw,21.99810597907617
inter_date,raw,28.322546966448243
inter_date,raw,28.093514121844667
inter_date,raw,30.00468713384627
inter_date,raw,25.32714523420051
inter_date,raw,14.240598402354546
inter_date,raw,22.32321421429143
inter_date,raw,23.362120847136087
inter_date,raw,24.236741589106877
inter_date,raw,28.72017086101185
inter_date,raw,29.3209101804416
inter_date,raw,29.71053304485673
inter_date,raw,209.82384547746804
inter_date,raw,163.50374522432492
inter_date,raw,118.40052585951433
inter_date,raw,171.11331006368962
inter_date,raw,194.59796773763864
inter_date,raw,189.51267390712573
inter_date,raw,191.18778166280097
inter_date,raw,147.65859109381182
inter_date,raw,189.60009999118319
inter_date,raw,190.55505156928123
inter_date,raw,192.39229361608315
inter_date,raw,194.76725273540015
inter_date,raw,157.2521954574577
inter_date,raw,205.62647452069376
inter_date,raw,175.59124612088644
inter_date,raw,208.12114432292967
inter_date,raw,195.61254524478449
inter_date,raw,180.1072266602262
inter_date,raw,193.3826048155265
inter_date,raw,197.62985107446264
inter_date,raw,137.59128463366733
inter_date,raw,193.3212806690557
inter_date,raw,158.06062824872282
inter_date,raw,204.95542851696177
inter_date,raw,141.2584226313097
inter_date,raw,149.87222236196502
inter_date,raw,182.8212029877956
inter_date,raw,134.36780988515565
inter_date,raw,189.0569405912258
inter_date,raw,99.89126528857456
inter_date,raw,189.894347191374
inter_date,raw,190.61253081778727
inter_date,raw,193.34379461639483
inter_date,raw,148.83660444067036
inter_date,raw,114.55849514341487
inter_date,raw,175.78635402642823
inter_date,raw,198.46051844372568
inter_date,raw,200.44541918295008
inter_date,raw,210.8439320693773
inter_date,raw,126.53201646411944
inter_date,raw,179.6530469040388
inter_date,raw,134.24714016640036
inter_date,raw,87.33589202449521
inter_date,raw,145.08284271408525
inter_date,raw,187.64729531884063
inter_date,raw,205.7905380130833
inter_date,raw,208.56648976947832
inter_date,raw,164.70125823528403
inter_date,raw,205.0121802420994
inter_date,raw,161.01393758068926
inter_date,raw,141.48999312588117
inter_date,raw,194.07181031650066
inter_date,raw,197.30594369320622
inter_date,raw,214.6549175559516
inter_date,raw,212.82067890373722
inter_date,raw,163.6419809115823
inter_date,raw,205.1208086249476
inter_date,raw,159.308723380856
inter_date,raw,138.88276573804114
inter_date,raw,192.22014289177224
inter_date,raw,196.741037189209
inter_date,raw,214.53822919403964
inter_date,raw,213.08484644787455
inter_date,raw,161.05701814959227
inter_date,raw,226.72189015662002
inter_date,raw,242.424064571431
inter_date,raw,154.09920660467554
inter_date,raw,161.68620402318984
inter_date,raw,160.51755021981685
inter_date,raw,109.70123794717568
inter_date,raw,83.56288621380278
inter_date,raw,178.83994157452904
inter_date,raw,262.507780496938
inter_date,raw,199.74342917853394
inter_date,raw,245.17802994772518
inter_date,raw,252.59442187880103
inter_date,raw,255.23724083123696
inter_date,raw,257.71821544358977
inter_date,raw,259.6785243563756
inter_date,raw,243.21402611691622
inter_date,raw,199.44444789870448
inter_date,raw,121.949540696923
inter_date,raw,181.9768635542651
inter_date,raw,193.62039828218613
inter_date,raw,208.69989062104966
inter_date,raw,221.26307467421154
inter_date,raw,227.87415269022003
inter_date,raw,229.94054614596521
inter_date,raw,182.96156163444354
inter_date,raw,183.3691875113467
inter_date,raw,191.19255673273477
inter_date,raw,197.97440385901743
inter_date,raw,212.59681618029936
inter_date,raw,180.7711655262373
inter_date,raw,211.78934741523577
inter_date,raw,142.06113497867238
inter_date,raw,187.64348081629998
inter_date,raw,160.96568696760306
inter_date,raw,165.15046800821767
inter_date,raw,176.56486144649236
inter_date,raw,188.71632859551775
inter_date,raw,195.48456278109094
inter_date,raw,212.69027545661208
inter_date,raw,175.62868365904677
inter_date,raw,179.89723422263162
inter_date,raw,147.6172102900252
inter_date,raw,97.20287449208386
inter_date,raw,102.79824495907829
inter_date,raw,116.30572141272042
inter_date,raw,188.65676899622562
inter_date,raw,181.36488969556848
inter_date,raw,226.76294458247423
inter_date,raw,190.76839844491565
inter_date,raw,102.79083304041687
inter_date,raw,152.73303331069448
inter_date,raw,167.6153431933053
inter_date,raw,186.54275888615228
inter_date,raw,199.74090360121176
inter_date,raw,209.97021118085615
inter_date,raw,218.28971983516374
inter_date,raw,194.0041152300396
inter_date,raw,113.14629173478613
inter_date,raw,153.21214964100938
inter_date,raw,166.93102991954493
inter_date,raw,184.71565583865586
inter_date,raw,200.22472493723265
inter_date,raw,211.43196234812976
inter_date,raw,215.08443801491188
inter_date,raw,83.1568100610155
inter_date,raw,81.39840841722364
inter_date,raw,71.79147838739372
inter_date,raw,72.19177090025072
inter_date,raw,73.49889657415986
inter_date,raw,62.417493160018466
inter_date,raw,58.703185502110856
inter_date,raw,71.82973212164073
inter_date,raw,91.03032102128442
inter_date,raw,75.60642727465765
inter_date,raw,86.94681427116673
inter_date,raw,86.94180798781721
inter_date,raw,86.50962477419162
inter_date,raw,89.08630112210882
inter_date,raw,85.03450805128357
inter_date,raw,85.96503130426265
inter_date,raw,63.801892978336056
inter_date,raw,42.47303065868191
inter_date,raw,56.072789640744986
inter_date,raw,57.27807847518564
inter_date,raw,57.542867043787865
inter_date,raw,62.30468290509761
inter_date,raw,61.6199952087292
inter_date,raw,65.78565935057941
inter_date,raw,52.13585447106983
inter_date,raw,59.85984374233817
inter_date,raw,60.360462362929816
inter_date,raw,60.975990591145205
inter_date,raw,61.216596819738974
inter_date,raw,57.136480298950694
inter_date,raw,61.7116349877164
inter_date,raw,44.53468084110458
inter_date,raw,50.97149938936464
inter_date,raw,49.48293657317401
inter_date,raw,51.351221179896655
inter_date,raw,52.25524011089816
inter_date,raw,51.52032365969764
inter_date,raw,54.85690259123971
inter_date,raw,55.68059688120826
inter_date,raw,51.3814081856741
inter_date,raw,48.48961290342304
inter_date,raw,36.805695567268884
inter_date,raw,32.85141966201041
inter_date,raw,31.173907358558697
inter_date,raw,32.681794662792804
inter_date,raw,54.574026832934955
inter_date,raw,50.39677391885885
inter_date,raw,66.20547695297896
inter_date,raw,48.88869160313729
inter_date,raw,25.377213719998423
inter_date,raw,40.373147900907746
inter_date,raw,43.941976758318134
inter_date,raw,46.78086579748075
inter_date,raw,48.21845440532178
inter_date,raw,47.81689405579222
inter_date,raw,51.56794523917427
inter_date,raw,51.696400814204246
inter_date,raw,27.3414259216408
inter_date,raw,41.47273918175764
inter_date,raw,44.24070052941446
inter_date,raw,45.93748987690203
inter_date,raw,48.867547538023146
inter_date,raw,49.02040391510457
inter_date,raw,53.4374634502799
inter_date,raw,421.8735793626874
inter_date,raw,442.0032909676018
inter_date,raw,296.83279023238464
inter_date,raw,332.18918743691825
inter_date,raw,343.79107546797746
inter_date,raw,230.48936681392857
inter_date,raw,179.12465315820606
inter_date,raw,385.99257294544884
inter_date,raw,493.6384759522663
inter_date,raw,333.48853455339577
inter_date,raw,422.7173539252012
inter_date,raw,422.96143617130775
inter_date,raw,427.9687245192885
inter_date,raw,511.28124831735454
inter_date,raw,479.32746318595775
inter_date,raw,493.5963489074467
inter_date,raw,386.65195990093997
inter_date,raw,218.0484805747391
inter_date,raw,317.10978317190614
inter_date,raw,316.5946785342269
inter_date,raw,321.93620199468387
inter_date,raw,425.5641196582205
inter_date,raw,405.5296543968617
inter_date,raw,438.1146872300296
inter_date,raw,289.21496011576215
inter_date,raw,364.5269663909523
inter_date,raw,390.22362712509687
inter_date,raw,398.79879347682515
inter_date,raw,411.5991028034092
inter_date,raw,350.20420063565365
inter_date,raw,397.4083545896073
inter_date,raw,239.00919301407234
inter_date,raw,313.6439111097017
inter_date,raw,304.25708212597044
inter_date,raw,356.1818418508806
inter_date,raw,364.06552752675356
inter_date,raw,368.0323949735947
inter_date,raw,392.5870600292131
inter_date,raw,421.52151063566305
inter_date,raw,333.07286847518174
inter_date,raw,340.26749587640603
inter_date,raw,192.94539922821
inter_date,raw,212.70631441138786
inter_date,raw,207.7680819877229
inter_date,raw,202.80859055957643
inter_date,raw,383.46029859066
inter_date,raw,350.0798654626983
inter_date,raw,448.7596414271336
inter_date,raw,349.1268317429314
inter_date,raw,153.74302152184555
inter_date,raw,241.53975012998822
inter_date,raw,265.0047618619783
inter_date,raw,271.896965450938
inter_date,raw,351.2377666908842
inter_date,raw,321.323189735669
inter_date,raw,415.7922085781379
inter_date,raw,361.1220176161277
inter_date,raw,163.7406167795069
inter_date,raw,259.14143959290976
inter_date,raw,267.9564502418079
inter_date,raw,270.0324605707706
inter_date,raw,384.1030135263195
inter_date,raw,358.7909695371785
inter_date,raw,420.8280368596452
inter_date,raw,315.80058647296187
inter_date,raw,341.7939193919829
inter_date,raw,245.79601310746236
inter_date,raw,247.94237461747514
inter_date,raw,239.86009997397193
inter_date,raw,158.5371276178969
inter_date,raw,153.58447342160105
inter_date,raw,228.24081046018875
inter_date,raw,349.7236174909444
inter_date,raw,266.71413825970876
inter_date,raw,294.6845897573814
inter_date,raw,303.57489808941716
inter_date,raw,305.7136630083778
inter_date,raw,307.6902963246988
inter_date,raw,301.0705205318736
inter_date,raw,300.784705375947
inter_date,raw,249.91876656416258
inter_date,raw,174.74459678955128
inter_date,raw,214.98932697761003
inter_date,raw,234.03553352510588
inter_date,raw,245.4769955762512
inter_date,raw,261.52946148797554
inter_date,raw,270.48948960744343
inter_date,raw,288.2721308565423
inter_date,raw,219.08359597151386
inter_date,raw,234.3688999206166
inter_date,raw,229.0671104096539
inter_date,raw,250.45303000382174
inter_date,raw,268.23297442974564
inter_date,raw,228.09597825831793
inter_date,raw,270.3447672043273
inter_date,raw,203.8571657990443
inter_date,raw,205.8377192515178
inter_date,raw,193.85841436839561
inter_date,raw,197.74376156555542
inter_date,raw,223.84806310786533
inter_date,raw,244.19981694349832
inter_date,raw,259.2912529744257
inter_date,raw,285.87139393273964
inter_date,raw,263.9687199632707
inter_date,raw,167.77849981448756
inter_date,raw,156.0077121491114
inter_date,raw,158.436623576988
inter_date,raw,169.05337808768311
inter_date,raw,188.9491932214785
inter_date,raw,268.1584103393259
inter_date,raw,268.3618598042931
inter_date,raw,331.86247510219107
inter_date,raw,203.51357887304297
inter_date,raw,118.81184479792287
inter_date,raw,182.59512361141154
inter_date,raw,215.4057563784041
inter_date,raw,244.3612117045467
inter_date,raw,248.2836769225687
inter_date,raw,265.29427450160574
inter_date,raw,279.4512213590193
inter_date,raw,209.51827542745582
inter_date,raw,132.47921557559062
inter_date,raw,177.76339444543103
inter_date,raw,208.66806204843044
inter_date,raw,236.2638066008499
inter_date,raw,249.1376884327601
inter_date,raw,266.04159348546557
inter_date,raw,280.66573704743683
inter_date,raw,124.26737686287963
inter_date,raw,116.89234337832478
inter_date,raw,80.45236685973467
inter_date,raw,86.67519417754012
inter_date,raw,87.7481939171074
inter_date,raw,52.97390979574397
inter_date,raw,57.436921923097515
inter_date,raw,81.07976672036354
inter_date,raw,120.94585688488485
inter_date,raw,88.76597777033614
inter_date,raw,123.16530341084584
inter_date,raw,121.26416829346071
inter_date,raw,127.1744911154599
inter_date,raw,127.33699313800594
inter_date,raw,125.27153246144192
inter_date,raw,123.1038627009923
inter_date,raw,98.18945790082122
inter_date,raw,62.476316941473335
inter_date,raw,102.3054192578468
inter_date,raw,111.5937172877364
inter_date,raw,118.22640834835668
inter_date,raw,120.50534714474786
inter_date,raw,123.18373327212137
inter_date,raw,124.89509884012949
inter_date,raw,88.67376840069983
inter_date,raw,93.07343171107526
inter_date,raw,104.37652907348745
inter_date,raw,114.02386576627593
inter_date,raw,121.51611690087314
inter_date,raw,103.1574227530313
inter_date,raw,118.85756406604624
inter_date,raw,89.91567643657929
inter_date,raw,90.49365276347392
inter_date,raw,80.70552918156346
inter_date,raw,96.48207951048042
inter_date,raw,108.50219440396674
inter_date,raw,116.20949755260355
inter_date,raw,117.42772599915803
inter_date,raw,123.0394221571359
inter_date,raw,103.20606121458454
inter_date,raw,84.52418469064962
inter_date,raw,82.34563480494016
inter_date,raw,54.983614983617315
inter_date,raw,64.11504958536126
inter_date,raw,71.34801111787343
inter_date,raw,106.74144746602819
inter_date,raw,95.67522412779999
inter_date,raw,123.71589837973437
inter_date,raw,84.86353716689041
inter_date,raw,40.63722343580364
inter_date,raw,90.16666941730477
inter_date,raw,101.60007821284954
inter_date,raw,109.72815435038929
inter_date,raw,110.55793972263723
inter_date,raw,111.66612251111196
inter_date,raw,113.97315238373339
inter_date,raw,90.08197325082253
inter_date,raw,43.96249416101347
inter_date,raw,88.94161072887998
inter_date,raw,100.80064897277862
inter_date,raw,108.71958386908344
inter_date,raw,111.01183709943042
inter_date,raw,112.44943307994042
inter_date,raw,113.04656910191608
inter_date,raw,76.4104965832263
inter_date,raw,70.52636918203007
inter_date,raw,39.69845415006436
inter_date,raw,42.11970964377829
inter_date,raw,44.62492496992492
inter_date,raw,29.533853658213346
inter_date,raw,23.812605455334545
inter_date,raw,54.94359932824621
inter_date,raw,69.2800240054121
inter_date,raw,46.59011046195472
inter_date,raw,76.3205372410461
inter_date,raw,78.83754582020156
inter_date,raw,81.1451337918377
inter_date,raw,78.00071542712193
inter_date,raw,78.41181162542384
inter_date,raw,73.32519908891193
inter_date,raw,68.67689836508066
inter_date,raw,45.36575893042387
inter_date,raw,71.5636371816488
inter_date,raw,73.22532291951103
inter_date,raw,75.14363230634034
inter_date,raw,72.64117003004104
inter_date,raw,72.36044655881054
inter_date,raw,70.2755101114789
inter_date,raw,73.48666667206663
inter_date,raw,63.32189354702647
inter_date,raw,69.00334274166585
inter_date,raw,69.78575845638802
inter_date,raw,71.11779714971894
inter_date,raw,56.76073686977645
inter_date,raw,63.921070656001405
inter_date,raw,37.7481275158435
inter_date,raw,74.89488665869685
inter_date,raw,60.5122232831241
inter_date,raw,66.01380853023606
inter_date,raw,66.40057013524594
inter_date,raw,67.46909565903206
inter_date,raw,61.20542595772589
inter_date,raw,65.2022266271855
inter_date,raw,48.86847630313918
inter_date,raw,69.25174056605778
inter_date,raw,71.53029661152911
inter_date,raw,42.17002504036205
inter_date,raw,40.554049765479064
inter_date,raw,40.12348869724684
inter_date,raw,62.09816058160698
inter_date,raw,55.27186595969659
inter_date,raw,75.36267470104308
inter_date,raw,65.11475675773539
inter_date,raw,42.32389986756891
inter_date,raw,66.15645912028042
inter_date,raw,69.1739525709332
inter_date,raw,71.86840031812113
inter_date,raw,66.03363140241854
inter_date,raw,65.71121887253565
inter_date,raw,65.17197944486499
inter_date,raw,69.09398791983762
inter_date,raw,46.474551407963354
inter_date,raw,65.30011986789845
inter_date,raw,66.80230249809972
inter_date,raw,68.80425348493397
inter_date,raw,65.59782317090945
inter_date,raw,65.0398458455972
inter_date,raw,64.09827833658471
inter_date,raw,671.009560555692
inter_date,raw,659.7427585358374
inter_date,raw,312.156399196819
inter_date,raw,431.7580633845986
inter_date,raw,503.33117115587316
inter_date,raw,486.1289144132155
inter_date,raw,484.29354230574626
inter_date,raw,468.9689726638945
inter_date,raw,622.1321166245272
inter_date,raw,513.1583199262425
inter_date,raw,733.6748724417247
inter_date,raw,735.1861968560203
inter_date,raw,730.4270206122418
inter_date,raw,697.5701054971703
inter_date,raw,703.0095942327766
inter_date,raw,661.7220184956102
inter_date,raw,584.2322839480397
inter_date,raw,473.9113338810883
inter_date,raw,689.8146360746902
inter_date,raw,694.5982416202223
inter_date,raw,685.1651684343814
inter_date,raw,656.9383612003996
inter_date,raw,680.1658815966111
inter_date,raw,658.8340553584036
inter_date,raw,611.2208314201216
inter_date,raw,542.5828538332275
inter_date,raw,610.3360327857653
inter_date,raw,576.1649908890599
inter_date,raw,617.5817615043834
inter_date,raw,426.16568080970575
inter_date,raw,595.1229214764516
inter_date,raw,545.7115453917111
inter_date,raw,617.1875824291687
inter_date,raw,566.3485867610075
inter_date,raw,609.8859585532989
inter_date,raw,635.923605353063
inter_date,raw,662.825571395098
inter_date,raw,637.9244921917447
inter_date,raw,680.315147122833
inter_date,raw,539.7413001901489
inter_date,raw,524.3908285538836
inter_date,raw,648.0355307443742
inter_date,raw,455.05521479475954
inter_date,raw,517.7690251384851
inter_date,raw,559.5143647885744
inter_date,raw,681.1766299503207
inter_date,raw,690.6666422481151
inter_date,raw,755.7117023596587
inter_date,raw,588.4125068978476
inter_date,raw,438.4524937615412
inter_date,raw,711.9917046567326
inter_date,raw,727.282828409966
inter_date,raw,740.0269692238057
inter_date,raw,720.4269433153939
inter_date,raw,745.6761962027039
inter_date,raw,658.3620683903638
inter_date,raw,604.9206141344184
inter_date,raw,459.1589085205791
inter_date,raw,702.480156684667
inter_date,raw,715.2071409488902
inter_date,raw,723.2501399107728
inter_date,raw,700.0333644259563
inter_date,raw,725.7932934120463
inter_date,raw,634.6944064534785
inter_date,raw,52.66138743130944
inter_date,raw,48.767792845766756
inter_date,raw,34.3565210071434
inter_date,raw,38.31804172225626
inter_date,raw,39.180709235419364
inter_date,raw,34.121631178560534
inter_date,raw,35.35681216776573
inter_date,raw,31.304856613935282
inter_date,raw,46.677576318317776
inter_date,raw,39.517702482859626
inter_date,raw,53.23016901022523
inter_date,raw,53.318938719656416
inter_date,raw,51.1751485912189
inter_date,raw,46.26486247683008
inter_date,raw,45.33204217348969
inter_date,raw,42.367932055584994
inter_date,raw,37.3163359478316
inter_date,raw,32.850332498136076
inter_date,raw,43.40441742934643
inter_date,raw,43.73908026990443
inter_date,raw,41.6854183995178
inter_date,raw,38.68864189791058
inter_date,raw,37.45133747373288
inter_date,raw,35.47603567399911
inter_date,raw,39.22625912270892
inter_date,raw,34.18073897192199
inter_date,raw,38.02481958881468
inter_date,raw,35.57692035442025
inter_date,raw,37.85748259056904
inter_date,raw,24.414482674955746
inter_date,raw,33.23896612483034
inter_date,raw,29.748374305321693
inter_date,raw,37.05652455242885
inter_date,raw,28.809204051747734
inter_date,raw,33.3451244026555
inter_date,raw,34.95794667474458
inter_date,raw,36.641807048909634
inter_date,raw,32.03992115500673
inter_date,raw,34.78732151366699
inter_date,raw,20.453344120565852
inter_date,raw,32.65166079054712
inter_date,raw,37.79682132641516
inter_date,raw,21.812581013630425
inter_date,raw,26.648840768140634
inter_date,raw,30.524263377875393
inter_date,raw,34.06779393112112
inter_date,raw,33.26420659622277
inter_date,raw,32.873698598177384
inter_date,raw,33.882016932711835
inter_date,raw,23.129391474917796
inter_date,raw,39.242227013159955
inter_date,raw,40.713612149816846
inter_date,raw,41.512673767577695
inter_date,raw,40.01125213760559
inter_date,raw,39.37330873162923
inter_date,raw,30.37187667657603
inter_date,raw,34.39197632754311
inter_date,raw,24.86816429168215
inter_date,raw,38.734347837300064
inter_date,raw,40.22457419349046
inter_date,raw,40.81400174076585
inter_date,raw,38.831749405670124
inter_date,raw,38.229647557634536
inter_date,raw,29.254730997127382
inter_date,raw,2681.4225596597753
inter_date,raw,2532.087795803053
inter_date,raw,928.8871798324826
inter_date,raw,908.1755635154839
inter_date,raw,848.1089749161563
inter_date,raw,599.4258748705179
inter_date,raw,401.4735747841942
inter_date,raw,1132.9274651843548
inter_date,raw,1994.9344160660426
inter_date,raw,779.3020524726567
inter_date,raw,2413.767577800907
inter_date,raw,2326.3780593446113
inter_date,raw,2241.464967249045
inter_date,raw,1822.0698652219678
inter_date,raw,1966.6081905904946
inter_date,raw,1473.862722879189
inter_date,raw,2039.5898732810174
inter_date,raw,714.6959403847072
inter_date,raw,2532.2477175379563
inter_date,raw,2439.6944279531635
inter_date,raw,2361.9070961730017
inter_date,raw,1946.0313006004467
inter_date,raw,2090.9605935715404
inter_date,raw,1598.0988588937853
inter_date,raw,2708.1496434044093
inter_date,raw,1808.6773938927226
inter_date,raw,1944.3224857444375
inter_date,raw,1868.823311191398
inter_date,raw,1820.8896814861841
inter_date,raw,1163.7914964981608
inter_date,raw,1394.7785629207717
inter_date,raw,629.3434775999661
inter_date,raw,2538.776487810521
inter_date,raw,1601.9191652217544
inter_date,raw,2096.1869787073815
inter_date,raw,2023.0458159695506
inter_date,raw,1952.3629658179902
inter_date,raw,1434.7171095807737
inter_date,raw,1614.9059413491432
inter_date,raw,976.8603527677453
inter_date,raw,2037.1085575632976
inter_date,raw,2676.4631456902403
inter_date,raw,1046.9979327252524
inter_date,raw,992.4212372789999
inter_date,raw,985.2006813032948
inter_date,raw,1623.780794458532
inter_date,raw,1447.04029936149
inter_date,raw,1947.00118619574
inter_date,raw,1841.641957521163
inter_date,raw,634.4209278471795
inter_date,raw,2491.3252846842665
inter_date,raw,2397.8961720815464
inter_date,raw,2305.4840878792215
inter_date,raw,1996.7881933960132
inter_date,raw,2114.464813239646
inter_date,raw,1690.1685795745207
inter_date,raw,2042.069073924428
inter_date,raw,812.853128389953
inter_date,raw,2432.7057543407054
inter_date,raw,2338.1539609145666
inter_date,raw,2250.0451407508845
inter_date,raw,1860.2876841653128
inter_date,raw,1993.0907530767383
inter_date,raw,1522.1156769209663
inter_date,raw,451.2838992675179
inter_date,raw,425.1341402456182
inter_date,raw,260.1406756563694
inter_date,raw,212.90866167041142
inter_date,raw,189.43985805903827
inter_date,raw,146.34758648993352
inter_date,raw,135.85675557628443
inter_date,raw,153.7833248824617
inter_date,raw,410.01759181191005
inter_date,raw,361.8909024797654
inter_date,raw,255.2856913855347
inter_date,raw,210.65960045035868
inter_date,raw,189.12889674328812
inter_date,raw,168.7579363213137
inter_date,raw,163.9168860603272
inter_date,raw,156.16445753633906
inter_date,raw,392.96895892496576
inter_date,raw,328.8993866634887
inter_date,raw,233.3925775128576
inter_date,raw,191.02235518015013
inter_date,raw,166.55526038496882
inter_date,raw,146.05787645248552
inter_date,raw,144.34329944697154
inter_date,raw,142.1809502677754
inter_date,raw,395.0250990368177
inter_date,raw,361.5642561281795
inter_date,raw,239.21759869167136
inter_date,raw,193.0701397654428
inter_date,raw,169.91831020480737
inter_date,raw,132.92533372250037
inter_date,raw,134.1077436420504
inter_date,raw,100.08524640334882
inter_date,raw,400.9804668826508
inter_date,raw,357.864765625495
inter_date,raw,238.4498237625286
inter_date,raw,194.42428367704827
inter_date,raw,170.34943952833848
inter_date,raw,137.31729744854223
inter_date,raw,140.54091930822142
inter_date,raw,114.54030793941992
inter_date,raw,397.6444163385651
inter_date,raw,370.66021775179695
inter_date,raw,201.3861340807753
inter_date,raw,155.09766988056575
inter_date,raw,128.99967700217962
inter_date,raw,142.75845921895987
inter_date,raw,127.9724789052039
inter_date,raw,151.0885994407003
inter_date,raw,398.8376116619275
inter_date,raw,329.4796741147501
inter_date,raw,238.19385175084759
inter_date,raw,193.71228511574043
inter_date,raw,172.63548423388127
inter_date,raw,147.3751388383368
inter_date,raw,145.7650435346783
inter_date,raw,143.428558830155
inter_date,raw,401.8334061642011
inter_date,raw,335.00018878814865
inter_date,raw,238.31425269109332
inter_date,raw,193.99983124685838
inter_date,raw,172.27847663566322
inter_date,raw,145.91588819786358
inter_date,raw,145.18585687219775
inter_date,raw,141.59650398394797
inter_date,raw,172.2445226857391
inter_date,raw,164.28123570500043
inter_date,raw,108.55067940828376
inter_date,raw,126.01043985472376
inter_date,raw,159.87406688360926
inter_date,raw,152.5868019943309
inter_date,raw,164.2461132395093
inter_date,raw,127.68704767069032
inter_date,raw,171.53480835151353
inter_date,raw,158.52613574513734
inter_date,raw,203.68552149494246
inter_date,raw,205.26150568064563
inter_date,raw,197.27321970882343
inter_date,raw,194.2179448945118
inter_date,raw,189.68623842445461
inter_date,raw,180.3796838813697
inter_date,raw,123.20062639953619
inter_date,raw,104.5338219930573
inter_date,raw,184.51216649135455
inter_date,raw,185.44289407870477
inter_date,raw,175.37988105416034
inter_date,raw,172.02537793814582
inter_date,raw,165.07694363971177
inter_date,raw,160.05776022156144
inter_date,raw,138.60385374804528
inter_date,raw,115.64803824535892
inter_date,raw,165.50476093713178
inter_date,raw,145.89505666582335
inter_date,raw,159.55200021876732
inter_date,raw,112.89419693846514
inter_date,raw,155.96947675289363
inter_date,raw,142.36713208328334
inter_date,raw,156.93152320738648
inter_date,raw,126.78358482450471
inter_date,raw,159.6975750479339
inter_date,raw,163.46572926108132
inter_date,raw,183.45165283684807
inter_date,raw,160.9909417741673
inter_date,raw,177.10152287533245
inter_date,raw,99.51414711582709
inter_date,raw,132.14895658381295
inter_date,raw,156.7105355880252
inter_date,raw,105.38927980406284
inter_date,raw,127.76395995853335
inter_date,raw,157.43856984173073
inter_date,raw,173.78765864588615
inter_date,raw,178.12430033279463
inter_date,raw,171.26153506510778
inter_date,raw,135.62972067711553
inter_date,raw,101.17880359847634
inter_date,raw,188.24960870761836
inter_date,raw,187.4002710967699
inter_date,raw,194.35145891742962
inter_date,raw,187.52254229571338
inter_date,raw,195.06190638212416
inter_date,raw,146.72254245440854
inter_date,raw,138.66935665889014
inter_date,raw,102.85665302462729
inter_date,raw,184.40607688055238
inter_date,raw,182.7967662134515
inter_date,raw,191.39259390060002
inter_date,raw,181.07465245556807
inter_date,raw,189.63030292048336
inter_date,raw,134.3236363627574
inter_date,raw,123.90850839381835
inter_date,raw,114.01771870446905
inter_date,raw,62.147972901087336
inter_date,raw,65.92874716222774
inter_date,raw,68.45340785979211
inter_date,raw,54.852087363155455
inter_date,raw,56.040987338775196
inter_date,raw,66.04391801780734
inter_date,raw,95.92157945301935
inter_date,raw,49.92564411678822
inter_date,raw,123.56306828999551
inter_date,raw,121.67046023113886
inter_date,raw,116.93581623714617
inter_date,raw,107.55916837899478
inter_date,raw,112.62051745743736
inter_date,raw,97.39156821575371
inter_date,raw,89.8096200701398
inter_date,raw,51.671625146090534
inter_date,raw,110.47692201369048
inter_date,raw,108.12552642316112
inter_date,raw,100.83735725933926
inter_date,raw,87.9663676937845
inter_date,raw,93.57383448379146
inter_date,raw,77.95962973903622
inter_date,raw,105.99043223890766
inter_date,raw,82.05961102701353
inter_date,raw,91.03010033316818
inter_date,raw,88.86280557289261
inter_date,raw,83.64886395209555
inter_date,raw,55.714087301234
inter_date,raw,67.55228354322865
inter_date,raw,41.503370488488784
inter_date,raw,103.59448327148368
inter_date,raw,72.59611855031527
inter_date,raw,101.6218773315124
inter_date,raw,99.62666919196744
inter_date,raw,94.21856713438781
inter_date,raw,71.61105261859274
inter_date,raw,81.10574189937245
inter_date,raw,50.35259604599775
inter_date,raw,95.68949350198623
inter_date,raw,114.05657926577284
inter_date,raw,54.07370686211112
inter_date,raw,53.44221122367777
inter_date,raw,48.56475794530139
inter_date,raw,70.84363020396535
inter_date,raw,63.3924614340433
inter_date,raw,85.26674706333006
inter_date,raw,83.14187530102643
inter_date,raw,39.8504085239262
inter_date,raw,117.89029025205717
inter_date,raw,116.39350461544952
inter_date,raw,111.81855785580666
inter_date,raw,101.13917361970184
inter_date,raw,106.22404444873871
inter_date,raw,91.9195186925316
inter_date,raw,91.11073031521276
inter_date,raw,42.87138156326265
inter_date,raw,116.97370736317505
inter_date,raw,115.37547399685948
inter_date,raw,110.52730081835202
inter_date,raw,96.32832311077222
inter_date,raw,102.6942048140057
inter_date,raw,84.43994414177847
inter_date,raw,462.0290072835564
inter_date,raw,451.83819665050555
inter_date,raw,278.2529975665346
inter_date,raw,279.33950317796854
inter_date,raw,278.82156085500105
inter_date,raw,255.64991000994942
inter_date,raw,236.87980111983256
inter_date,raw,292.00196968106064
inter_date,raw,401.3804305144933
inter_date,raw,243.2605770225281
inter_date,raw,462.3090097929244
inter_date,raw,462.98708424595543
inter_date,raw,457.25847612493226
inter_date,raw,413.9481272856943
inter_date,raw,433.0382677882494
inter_date,raw,355.5561057628431
inter_date,raw,410.4238572007283
inter_date,raw,227.35261774965127
inter_date,raw,483.23652150296516
inter_date,raw,484.0467251648927
inter_date,raw,477.6856968760945
inter_date,raw,428.0022182296767
inter_date,raw,449.6499564476053
inter_date,raw,366.7055715290895
inter_date,raw,510.25143632704214
inter_date,raw,375.36729829721764
inter_date,raw,404.1847541362619
inter_date,raw,399.8816789287265
inter_date,raw,401.3112065764044
inter_date,raw,288.2760695269463
inter_date,raw,330.99292810025554
inter_date,raw,216.20480535164535
inter_date,raw,484.0320052877259
inter_date,raw,338.7502152520841
inter_date,raw,424.96410387623723
inter_date,raw,425.5557343471173
inter_date,raw,422.64139821850773
inter_date,raw,335.2740195045866
inter_date,raw,367.7199718244461
inter_date,raw,265.22015506888215
inter_date,raw,423.6816017983091
inter_date,raw,510.62901365211644
inter_date,raw,242.18276377857399
inter_date,raw,250.34240837015895
inter_date,raw,253.42758076120325
inter_date,raw,346.41279050948947
inter_date,raw,317.22889156389454
inter_date,raw,403.0800131782889
inter_date,raw,365.9203579104794
inter_date,raw,199.07384517644033
inter_date,raw,472.8238638753336
inter_date,raw,476.69920853371116
inter_date,raw,480.260803093585
inter_date,raw,447.7539898389144
inter_date,raw,465.6053647186229
inter_date,raw,394.8266327649088
inter_date,raw,401.9900366717232
inter_date,raw,219.01027033430364
inter_date,raw,469.1576893753315
inter_date,raw,472.94840464090896
inter_date,raw,475.99546066262917
inter_date,raw,424.44535236336037
inter_date,raw,446.17460013936676
inter_date,raw,363.38902887886394
inter_date,raw,402.0894182860562
inter_date,raw,385.9140857077117
inter_date,raw,164.70956129907375
inter_date,raw,36.30676999705493
inter_date,raw,25.705984109689695
inter_date,raw,21.128609863450666
inter_date,raw,21.150854142383494
inter_date,raw,21.147969338517047
inter_date,raw,406.4724958480615
inter_date,raw,389.8744551439726
inter_date,raw,165.98608662288822
inter_date,raw,40.394464937897716
inter_date,raw,30.164849655881014
inter_date,raw,26.311096699374
inter_date,raw,26.186828750346997
inter_date,raw,24.931214895998874
inter_date,raw,412.0033879310541
inter_date,raw,395.3546949530618
inter_date,raw,171.9939782999061
inter_date,raw,45.947611860838705
inter_date,raw,35.38060488998107
inter_date,raw,31.01367785809536
inter_date,raw,30.665874083960713
inter_date,raw,29.662887667283925
inter_date,raw,413.3923518972537
inter_date,raw,396.6502447581076
inter_date,raw,172.74428441375144
inter_date,raw,47.06976205591016
inter_date,raw,36.36283751828166
inter_date,raw,31.799057525716222
inter_date,raw,31.565573282718415
inter_date,raw,30.598518677185915
inter_date,raw,325.9371584370214
inter_date,raw,310.0898679261807
inter_date,raw,197.47784309107885
inter_date,raw,123.24948082572
inter_date,raw,122.8992037635488
inter_date,raw,123.89135145071957
inter_date,raw,125.6624766416542
inter_date,raw,125.6520315622246
inter_date,raw,267.2505261921855
inter_date,raw,256.009968881422
inter_date,raw,178.37596147169714
inter_date,raw,138.1865005294346
inter_date,raw,143.71932384901845
inter_date,raw,146.82704130889448
inter_date,raw,148.54716562986542
inter_date,raw,150.01590689466425
inter_date,raw,232.7477334808573
inter_date,raw,214.79931109670497
inter_date,raw,130.6351756118652
inter_date,raw,141.50575244911593
inter_date,raw,151.0052525891858
inter_date,raw,156.09641499345693
inter_date,raw,157.06758952301848
inter_date,raw,158.2015319217262
inter_date,raw,233.17425274428808
inter_date,raw,214.93386648987106
inter_date,raw,130.54616269825053
inter_date,raw,141.36796064745027
inter_date,raw,150.87998324906488
inter_date,raw,155.96525483031698
inter_date,raw,156.92091198768767
inter_date,raw,158.04423167792828
inter_date,raw,854.2842729721875
inter_date,raw,810.4127475728473
inter_date,raw,628.6540552091844
inter_date,raw,776.6525574157831
inter_date,raw,848.4502951109213
inter_date,raw,1086.4960328801417
inter_date,raw,1196.4223864445676
inter_date,raw,1236.5680834470863
inter_date,raw,819.4403051415497
inter_date,raw,669.8899407649702
inter_date,raw,842.1899042504775
inter_date,raw,963.1280997910625
inter_date,raw,1015.8338169946893
inter_date,raw,1141.2905999923737
inter_date,raw,1274.9808005090379
inter_date,raw,1296.753912017748
inter_date,raw,771.5297748320417
inter_date,raw,650.4216306512627
inter_date,raw,1030.4482215047883
inter_date,raw,1337.3631065903708
inter_date,raw,1527.1551735521648
inter_date,raw,1699.9262899811413
inter_date,raw,1844.7451745237258
inter_date,raw,1865.2833532992347
inter_date,raw,902.2163492055603
inter_date,raw,773.2288084251462
inter_date,raw,1024.4157887954154
inter_date,raw,1286.8988159525209
inter_date,raw,1514.9847791157445
inter_date,raw,1669.815967725614
inter_date,raw,1888.6488458148112
inter_date,raw,1876.374988302229
inter_date,raw,1045.1833286444012
inter_date,raw,970.3658275545952
inter_date,raw,1248.2473015764372
inter_date,raw,1562.616508513388
inter_date,raw,1856.801223671018
inter_date,raw,2065.4299524294834
inter_date,raw,2255.832164845687
inter_date,raw,2244.2689935647622
inter_date,raw,761.2689721226438
inter_date,raw,870.6408738682098
inter_date,raw,1027.4814373830152
inter_date,raw,1406.9440086415595
inter_date,raw,1655.109602003099
inter_date,raw,1975.7704931663156
inter_date,raw,2118.273952349502
inter_date,raw,2163.9647471905205
inter_date,raw,732.14681169083
inter_date,raw,674.0880358376967
inter_date,raw,1100.8637193456002
inter_date,raw,1421.158256032901
inter_date,raw,1708.3210638351495
inter_date,raw,1928.5736286363112
inter_date,raw,2099.219777466653
inter_date,raw,2100.8201101990308
inter_date,raw,746.9439682243017
inter_date,raw,681.1975405752096
inter_date,raw,1089.6304221364408
inter_date,raw,1411.5029124044308
inter_date,raw,1703.8776246612983
inter_date,raw,1922.2967107981115
inter_date,raw,2094.199414454125
inter_date,raw,2093.971632192894
inter_date,raw,34.20504522797213
inter_date,raw,32.8169073003826
inter_date,raw,29.48471153472108
inter_date,raw,24.50370477334086
inter_date,raw,16.176436051656538
inter_date,raw,17.159788265981994
inter_date,raw,14.560781883113936
inter_date,raw,12.956601093834829
inter_date,raw,35.52319413325006
inter_date,raw,34.746252795565354
inter_date,raw,31.154879041576105
inter_date,raw,26.66304848965896
inter_date,raw,20.213223512391703
inter_date,raw,14.25443748785753
inter_date,raw,14.830089265376916
inter_date,raw,15.787464888925252
inter_date,raw,17.158877682801208
inter_date,raw,17.76939751638299
inter_date,raw,20.83891591870044
inter_date,raw,31.355939476854946
inter_date,raw,35.216169175942056
inter_date,raw,35.508780771870526
inter_date,raw,35.97953287237462
inter_date,raw,37.133767202731626
inter_date,raw,13.212942338408022
inter_date,raw,12.953384830669881
inter_date,raw,17.515596791213852
inter_date,raw,29.51444864081707
inter_date,raw,33.98113096859435
inter_date,raw,38.34843775920251
inter_date,raw,38.705965763875284
inter_date,raw,36.9178221898055
inter_date,raw,21.110149048671893
inter_date,raw,19.528024733700025
inter_date,raw,23.650008809018797
inter_date,raw,18.676164144246997
inter_date,raw,26.44406720752673
inter_date,raw,33.6632261914845
inter_date,raw,30.494095837594216
inter_date,raw,29.464870124074388
inter_date,raw,27.432682758588037
inter_date,raw,25.670154756800653
inter_date,raw,24.689711323506703
inter_date,raw,18.61303146927417
inter_date,raw,17.566709587008198
inter_date,raw,26.11333471619433
inter_date,raw,23.040531057867817
inter_date,raw,20.488818088573744
inter_date,raw,34.82716680436477
inter_date,raw,33.51758600240434
inter_date,raw,30.075401275872647
inter_date,raw,24.071198953264023
inter_date,raw,16.130743716801863
inter_date,raw,16.757105813298885
inter_date,raw,12.792820252000729
inter_date,raw,12.56418047277183
inter_date,raw,34.80149918089873
inter_date,raw,33.48611563732334
inter_date,raw,30.12679060080516
inter_date,raw,24.073826184112427
inter_date,raw,16.065991143672758
inter_date,raw,16.760701982685003
inter_date,raw,12.865027344371585
inter_date,raw,12.563055247146577
inter_date,raw,602.9300209137439
inter_date,raw,669.1415609356727
inter_date,raw,286.37678103206224
inter_date,raw,419.6146031521918
inter_date,raw,531.0163463765006
inter_date,raw,531.5787624188554
inter_date,raw,531.7378866128722
inter_date,raw,438.10847822254726
inter_date,raw,651.3990803683729
inter_date,raw,539.671827639371
inter_date,raw,662.8059513663609
inter_date,raw,666.7026281223422
inter_date,raw,623.620961936549
inter_date,raw,613.7913270442666
inter_date,raw,597.7549403810896
inter_date,raw,610.0787371120144
inter_date,raw,549.4295309899255
inter_date,raw,467.9353015413257
inter_date,raw,569.3089378067647
inter_date,raw,573.2343218943009
inter_date,raw,527.8650198361952
inter_date,raw,511.37328674155157
inter_date,raw,503.6862020927032
inter_date,raw,505.0561378509842
inter_date,raw,576.1009310338729
inter_date,raw,503.0067067383988
inter_date,raw,515.6756951990734
inter_date,raw,462.80112944618736
inter_date,raw,495.8105046765539
inter_date,raw,310.0627840607831
inter_date,raw,482.95100898883453
inter_date,raw,454.79359525581964
inter_date,raw,620.2985012514232
inter_date,raw,462.535177233658
inter_date,raw,437.14623622449056
inter_date,raw,493.9965930333644
inter_date,raw,542.8997087400213
inter_date,raw,481.37299912408287
inter_date,raw,516.8958602631122
inter_date,raw,279.8052389184135
inter_date,raw,449.0349738473555
inter_date,raw,566.8049078575701
inter_date,raw,300.52251619154134
inter_date,raw,371.4051643837931
inter_date,raw,466.2153983075287
inter_date,raw,513.9932325962686
inter_date,raw,497.1082883010693
inter_date,raw,462.02813767128947
inter_date,raw,567.810998799022
inter_date,raw,367.0775390062121
inter_date,raw,544.9403555173984
inter_date,raw,573.9245001263129
inter_date,raw,571.2024102298423
inter_date,raw,536.4697615518733
inter_date,raw,545.2555579835063
inter_date,raw,412.5137335376155
inter_date,raw,587.9047655810056
inter_date,raw,386.8240513801985
inter_date,raw,521.6401061053675
inter_date,raw,556.6096456396059
inter_date,raw,561.2570858074289
inter_date,raw,523.9812877202319
inter_date,raw,532.4235022181927
inter_date,raw,382.7538781645458
inter_date,raw,1669.7687816659497
inter_date,raw,1516.9655605532917
inter_date,raw,1228.504511518549
inter_date,raw,1390.097942121517
inter_date,raw,1610.4819228446881
inter_date,raw,1579.7611459565048
inter_date,raw,1622.1643220702454
inter_date,raw,1196.7225847875004
inter_date,raw,1647.2241237876815
inter_date,raw,1608.030421450267
inter_date,raw,1647.8772289242736
inter_date,raw,1607.0587208135419
inter_date,raw,1512.285585943469
inter_date,raw,1654.7123702546644
inter_date,raw,1446.0341408857341
inter_date,raw,1734.506512173941
inter_date,raw,2058.7801812776
inter_date,raw,2139.6688168577243
inter_date,raw,2083.1509754713275
inter_date,raw,2012.7331970778064
inter_date,raw,1780.693548840157
inter_date,raw,1956.8126799934973
inter_date,raw,1692.9918611630376
inter_date,raw,2127.1443280980075
inter_date,raw,1812.274196525696
inter_date,raw,1842.6841519719464
inter_date,raw,1938.3528418694398
inter_date,raw,1879.0993710893981
inter_date,raw,1975.1117644687495
inter_date,raw,1359.9641293194884
inter_date,raw,2100.6710531427584
inter_date,raw,1960.1048824737973
inter_date,raw,2090.0588860894395
inter_date,raw,1842.6233749156972
inter_date,raw,1716.3944295521408
inter_date,raw,1796.180998277019
inter_date,raw,1894.78941143613
inter_date,raw,1859.6503155515427
inter_date,raw,1894.9710361054522
inter_date,raw,1196.7336553988468
inter_date,raw,1940.7745757477985
inter_date,raw,1884.7748405060913
inter_date,raw,1571.6356731087824
inter_date,raw,1713.0857757275319
inter_date,raw,1828.7371773140273
inter_date,raw,1857.3678087776082
inter_date,raw,1956.278984647591
inter_date,raw,1395.2656637076068
inter_date,raw,1854.0009065820714
inter_date,raw,1761.4420482336948
inter_date,raw,1754.27703914163
inter_date,raw,1807.0931414909996
inter_date,raw,1865.3774369126634
inter_date,raw,1745.6324260749413
inter_date,raw,1844.0939457236884
inter_date,raw,1184.9907530531318
inter_date,raw,1832.0731661998448
inter_date,raw,1751.6582496343015
inter_date,raw,1701.1626468949041
inter_date,raw,1761.6851354226292
inter_date,raw,1829.8420928652365
inter_date,raw,1750.9238471311028
inter_date,raw,1829.62705996917
inter_date,raw,1172.969062942006
inter_date,raw,221.31991429667082
inter_date,raw,220.14936420422342
inter_date,raw,108.73422846774695
inter_date,raw,115.6595347396421
inter_date,raw,118.6864930434478
inter_date,raw,104.76789823223524
inter_date,raw,81.96770015712055
inter_date,raw,142.65524125367023
inter_date,raw,195.72163861318086
inter_date,raw,105.11993575367683
inter_date,raw,215.65166674303174
inter_date,raw,220.96903736992311
inter_date,raw,228.7021515140224
inter_date,raw,211.52161321515788
inter_date,raw,224.81081001059323
inter_date,raw,187.96212099402217
inter_date,raw,180.11498063736954
inter_date,raw,95.70144392352509
inter_date,raw,193.42348447186575
inter_date,raw,197.04074844462767
inter_date,raw,206.41527649146423
inter_date,raw,188.93659178223183
inter_date,raw,201.15168036062926
inter_date,raw,168.57871377518347
inter_date,raw,201.89592070574147
inter_date,raw,158.64850992801968
inter_date,raw,153.9678528212333
inter_date,raw,157.01617864775227
inter_date,raw,166.60065508217403
inter_date,raw,124.1844466336839
inter_date,raw,145.85583329830473
inter_date,raw,81.85532751664454
inter_date,raw,188.05081791645475
inter_date,raw,125.14333448756537
inter_date,raw,156.17663039313015
inter_date,raw,159.58961040744475
inter_date,raw,170.40485754869337
inter_date,raw,137.18963348487483
inter_date,raw,158.3853799169247
inter_date,raw,99.4304240471219
inter_date,raw,155.57634303423114
inter_date,raw,192.85058134781568
inter_date,raw,83.21963374394404
inter_date,raw,85.0472557716339
inter_date,raw,85.80162093318462
inter_date,raw,147.82411927048724
inter_date,raw,128.74921983120075
inter_date,raw,180.82699407365672
inter_date,raw,137.53653194350807
inter_date,raw,43.054920630239124
inter_date,raw,180.3037532953237
inter_date,raw,183.32073685080968
inter_date,raw,191.9843201062698
inter_date,raw,186.66574324814115
inter_date,raw,198.90848727373051
inter_date,raw,173.86199285503375
inter_date,raw,153.25449577807
inter_date,raw,53.69393532305292
inter_date,raw,177.24887500482532
inter_date,raw,180.69579886148566
inter_date,raw,189.67920914257414
inter_date,raw,177.92887908348314
inter_date,raw,193.12620010414605
inter_date,raw,160.3548659558365
inter_date,raw,879.4414022887049
inter_date,raw,896.5526644093608
inter_date,raw,359.62738239275757
inter_date,raw,398.34942560640445
inter_date,raw,441.0208480251893
inter_date,raw,405.69342459781717
inter_date,raw,358.068703503352
inter_date,raw,507.329869735846
inter_date,raw,768.1451966619084
inter_date,raw,348.61073981830606
inter_date,raw,825.5243157129494
inter_date,raw,818.9242362770226
inter_date,raw,776.986046827281
inter_date,raw,716.7853210191818
inter_date,raw,759.5946855458665
inter_date,raw,645.2330685865527
inter_date,raw,682.8432973603826
inter_date,raw,317.17606975651626
inter_date,raw,733.507847200534
inter_date,raw,705.1185395108433
inter_date,raw,667.8914192566533
inter_date,raw,594.9016500349329
inter_date,raw,652.4596183454028
inter_date,raw,544.2961474518742
inter_date,raw,824.0815639893559
inter_date,raw,593.270755210549
inter_date,raw,577.2163728372824
inter_date,raw,558.989841461491
inter_date,raw,557.1313817117963
inter_date,raw,395.89000471511446
inter_date,raw,471.1297497202109
inter_date,raw,285.65598326275176
inter_date,raw,773.7943752180211
inter_date,raw,501.2331875817216
inter_date,raw,623.3372059499004
inter_date,raw,584.7520854927285
inter_date,raw,553.3787237550446
inter_date,raw,417.2329110740587
inter_date,raw,499.361427046011
inter_date,raw,320.05935089485837
inter_date,raw,658.040655631767
inter_date,raw,767.652640126286
inter_date,raw,344.8416303174546
inter_date,raw,280.3222794519602
inter_date,raw,221.34029970570097
inter_date,raw,407.1185404183663
inter_date,raw,360.7914827814247
inter_date,raw,518.8168387806827
inter_date,raw,575.0513085286184
inter_date,raw,384.57138517786143
inter_date,raw,687.71474135443
inter_date,raw,643.6584978890296
inter_date,raw,562.8071529121211
inter_date,raw,527.1738299876138
inter_date,raw,567.3926450796451
inter_date,raw,517.0618242140139
inter_date,raw,623.6652258929428
inter_date,raw,399.1670624563104
inter_date,raw,678.2007314526114
inter_date,raw,636.8550145235645
inter_date,raw,559.7907440136299
inter_date,raw,510.04927399689717
inter_date,raw,555.7202105205032
inter_date,raw,475.3552290129982
inter_date,raw,641.3267184683862
inter_date,raw,632.3459133786401
inter_date,raw,270.1017169512256
inter_date,raw,284.23880699996243
inter_date,raw,317.89313633822354
inter_date,raw,287.00347652200014
inter_date,raw,268.6618709323248
inter_date,raw,323.9315495741713
inter_date,raw,519.8070455306789
inter_date,raw,207.36709025071366
inter_date,raw,589.2238639980241
inter_date,raw,592.751983286835
inter_date,raw,581.1392149927425
inter_date,raw,526.5182652396328
inter_date,raw,560.8310200369754
inter_date,raw,489.7604583340912
inter_date,raw,502.77589559412667
inter_date,raw,174.915323901922
inter_date,raw,599.2695442012241
inter_date,raw,576.5407759812376
inter_date,raw,557.4788699818052
inter_date,raw,507.29538157435127
inter_date,raw,540.0682964967971
inter_date,raw,470.38143558231144
inter_date,raw,655.7807517343263
inter_date,raw,444.3692861798619
inter_date,raw,481.0842262412012
inter_date,raw,467.68577923135325
inter_date,raw,469.89417659977545
inter_date,raw,381.99427546508497
inter_date,raw,435.24563227752975
inter_date,raw,290.82760602902096
inter_date,raw,631.5695655044095
inter_date,raw,389.4987029289486
inter_date,raw,523.2201448152357
inter_date,raw,497.4490327446335
inter_date,raw,494.8459596778818
inter_date,raw,423.21190375058035
inter_date,raw,468.817826838853
inter_date,raw,343.91754142180514
inter_date,raw,501.313175866762
inter_date,raw,642.9735678304136
inter_date,raw,236.64033639581356
inter_date,raw,262.5493831099753
inter_date,raw,271.73269811745234
inter_date,raw,407.7727341039018
inter_date,raw,357.463915511562
inter_date,raw,467.0153172516069
inter_date,raw,457.8004185387839
inter_date,raw,157.02541404104593
inter_date,raw,599.7242210958698
inter_date,raw,576.1686428985213
inter_date,raw,556.9613188671955
inter_date,raw,519.0604550072958
inter_date,raw,547.2366321324067
inter_date,raw,486.79903664996436
inter_date,raw,510.9119443514238
inter_date,raw,197.042549641055
inter_date,raw,588.0693935303408
inter_date,raw,565.604842445341
inter_date,raw,549.7233043172936
inter_date,raw,497.2539532750032
inter_date,raw,529.105832648684
inter_date,raw,456.2362734399589
inter_date,raw,3982.1566451021176
inter_date,raw,3665.084461931981
inter_date,raw,1581.5668875961194
inter_date,raw,1508.1837897782882
inter_date,raw,1328.4541555704438
inter_date,raw,794.5687884153325
inter_date,raw,637.820814468333
inter_date,raw,1524.3063840255188
inter_date,raw,3221.934569561541
inter_date,raw,1815.2372040983673
inter_date,raw,3416.613932011732
inter_date,raw,3286.7507739860075
inter_date,raw,3170.665172156873
inter_date,raw,2760.164127711387
inter_date,raw,2958.6773068805596
inter_date,raw,2296.540413110037
inter_date,raw,3092.4302841778017
inter_date,raw,1609.5140566369419
inter_date,raw,3383.3496139357294
inter_date,raw,3318.547576106293
inter_date,raw,3211.4146047175
inter_date,raw,2812.6456970198515
inter_date,raw,3029.0685012259214
inter_date,raw,2366.6937950113524
inter_date,raw,3816.2841298210237
inter_date,raw,2672.363763566148
inter_date,raw,2752.3428704988255
inter_date,raw,2703.169628726001
inter_date,raw,2626.7572375119535
inter_date,raw,1689.7187147041452
inter_date,raw,2046.2948121747593
inter_date,raw,1027.7402547579811
inter_date,raw,3546.442751404299
inter_date,raw,2290.7140899000615
inter_date,raw,2851.4278495606372
inter_date,raw,2744.1949175551863
inter_date,raw,2717.68482308362
inter_date,raw,1962.0147314807855
inter_date,raw,2251.3799686842863
inter_date,raw,1411.1484484108612
inter_date,raw,3089.41601287286
inter_date,raw,3538.1650559008153
inter_date,raw,1380.1643136735913
inter_date,raw,1311.5178751754631
inter_date,raw,1209.6625101212558
inter_date,raw,2144.7152890607535
inter_date,raw,1868.832149014586
inter_date,raw,2617.2668981915176
inter_date,raw,2810.484024043681
inter_date,raw,1659.2813593433411
inter_date,raw,3243.607490217526
inter_date,raw,3142.9353696974486
inter_date,raw,3028.868182795349
inter_date,raw,2808.5311571027064
inter_date,raw,2941.736511884969
inter_date,raw,2469.406785750761
inter_date,raw,3042.8563790380217
inter_date,raw,1688.1152815696703
inter_date,raw,3216.057238870365
inter_date,raw,3118.6510801184236
inter_date,raw,3003.8119568843567
inter_date,raw,2640.3550906013165
inter_date,raw,2836.097509489639
inter_date,raw,2201.980937498584
inter_date,raw,474.80108617037877
inter_date,raw,426.38145229025014
inter_date,raw,221.39843016822044
inter_date,raw,217.44404042025553
inter_date,raw,199.5437802540967
inter_date,raw,108.21410792850396
inter_date,raw,96.38695420271455
inter_date,raw,197.2014017626215
inter_date,raw,342.62436697531905
inter_date,raw,169.20579977817377
inter_date,raw,446.098758884814
inter_date,raw,440.4246648595724
inter_date,raw,419.2264648958217
inter_date,raw,382.4129102535261
inter_date,raw,394.7045647726676
inter_date,raw,321.31487440189375
inter_date,raw,351.152708522063
inter_date,raw,146.7446508719272
inter_date,raw,464.05863654797105
inter_date,raw,461.2476819531377
inter_date,raw,440.0176521756718
inter_date,raw,396.87914977208055
inter_date,raw,412.95311693425236
inter_date,raw,334.6102854885993
inter_date,raw,467.27653017754045
inter_date,raw,314.44010851867813
inter_date,raw,385.49368664152746
inter_date,raw,380.9489502263675
inter_date,raw,369.04290828406647
inter_date,raw,243.2283857181304
inter_date,raw,292.3355408642284
inter_date,raw,150.90152201100588
inter_date,raw,452.1944624221289
inter_date,raw,266.327702164976
inter_date,raw,418.7055893294407
inter_date,raw,411.2635853162092
inter_date,raw,397.13678561434625
inter_date,raw,299.47307892363216
inter_date,raw,332.12406244827076
inter_date,raw,202.95715226313635
inter_date,raw,399.1923617338722
inter_date,raw,471.43146057917
inter_date,raw,168.93436137263774
inter_date,raw,162.4480045019534
inter_date,raw,150.58395261685186
inter_date,raw,290.18301132134496
inter_date,raw,243.4743771353129
inter_date,raw,353.3977339108633
inter_date,raw,305.72333236503385
inter_date,raw,155.6343298981852
inter_date,raw,439.50258342054525
inter_date,raw,438.8734631607004
inter_date,raw,416.00840264522134
inter_date,raw,395.9638274875262
inter_date,raw,402.2734777397798
inter_date,raw,347.3668295702891
inter_date,raw,339.6116107128147
inter_date,raw,162.47919738641414
inter_date,raw,440.6912876514633
inter_date,raw,439.85560232064466
inter_date,raw,416.6610172236053
inter_date,raw,377.00046182237725
inter_date,raw,390.01334302571655
inter_date,raw,319.2196050526972
inter_date,raw,2031.5103411917567
inter_date,raw,2041.8226411509563
inter_date,raw,906.5514613541436
inter_date,raw,923.7851457648117
inter_date,raw,756.6290903455555
inter_date,raw,393.105417219884
inter_date,raw,395.9984010459542
inter_date,raw,734.9002999678645
inter_date,raw,1715.3478440801669
inter_date,raw,1021.771840213059
inter_date,raw,1783.480271260714
inter_date,raw,1737.0030173096584
inter_date,raw,1566.6921671873483
inter_date,raw,1328.4751076354962
inter_date,raw,1395.4758532998187
inter_date,raw,1129.8330312800333
inter_date,raw,1674.5613662524397
inter_date,raw,969.9003377556745
inter_date,raw,1744.3847483561701
inter_date,raw,1709.2644551615094
inter_date,raw,1553.7360925324788
inter_date,raw,1319.5217173279111
inter_date,raw,1390.6226054018975
inter_date,raw,1127.8255541770463
inter_date,raw,1960.4991255873008
inter_date,raw,1567.2965947999212
inter_date,raw,1451.5515303419631
inter_date,raw,1426.7840429992
inter_date,raw,1301.459194222466
inter_date,raw,835.99186260707
inter_date,raw,1002.8428059533463
inter_date,raw,562.1941443597407
inter_date,raw,1893.1564836870168
inter_date,raw,1369.082179196288
inter_date,raw,1546.2298498321343
inter_date,raw,1545.2832057625892
inter_date,raw,1438.4553502430506
inter_date,raw,1044.7226591415588
inter_date,raw,1187.1872840126905
inter_date,raw,777.1452787131827
inter_date,raw,1604.702733560094
inter_date,raw,1938.3180676936433
inter_date,raw,789.3973043826959
inter_date,raw,741.550615586145
inter_date,raw,606.1515617185272
inter_date,raw,1074.81453203509
inter_date,raw,962.5867075972207
inter_date,raw,1320.6784466795123
inter_date,raw,1493.4450161854127
inter_date,raw,863.7596004221479
inter_date,raw,1683.7478625326696
inter_date,raw,1664.4861761681177
inter_date,raw,1509.2874018256177
inter_date,raw,1369.397111653432
inter_date,raw,1419.114292961668
inter_date,raw,1230.0495810032173
inter_date,raw,1619.8787276404073
inter_date,raw,928.5917044489621
inter_date,raw,1669.8349246543019
inter_date,raw,1654.7143051136106
inter_date,raw,1503.7516570667353
inter_date,raw,1306.4217288574744
inter_date,raw,1377.2217137445675
inter_date,raw,1128.1930559210916
inter_date,raw,14295.151286956157
inter_date,raw,13407.819608692018
inter_date,raw,6063.159213055282
inter_date,raw,5265.223411067414
inter_date,raw,4739.943111410174
inter_date,raw,2976.304016679476
inter_date,raw,2748.0761219485553
inter_date,raw,5991.183877289037
inter_date,raw,11282.276510809734
inter_date,raw,5719.466063808712
inter_date,raw,13247.648760161897
inter_date,raw,12270.446486787636
inter_date,raw,11768.769568681098
inter_date,raw,10276.121753084974
inter_date,raw,10842.444350928263
inter_date,raw,8551.055285665736
inter_date,raw,11190.887721780078
inter_date,raw,6015.400740841516
inter_date,raw,13023.988321577812
inter_date,raw,12018.195013311117
inter_date,raw,11455.154736566874
inter_date,raw,10020.904570111114
inter_date,raw,10547.88504585048
inter_date,raw,8406.123693421787
inter_date,raw,13830.990117520596
inter_date,raw,10071.15608270778
inter_date,raw,11057.730744405644
inter_date,raw,10066.908971899562
inter_date,raw,9579.336782935072
inter_date,raw,6076.191936028056
inter_date,raw,7366.480372125936
inter_date,raw,3384.347026771789
inter_date,raw,13411.584989480532
inter_date,raw,9440.267185216413
inter_date,raw,11619.254365701827
inter_date,raw,10363.26145100015
inter_date,raw,9844.584710037048
inter_date,raw,7107.8422183872435
inter_date,raw,7978.192534407241
inter_date,raw,4457.981429981458
inter_date,raw,12009.97716948734
inter_date,raw,13971.77153967403
inter_date,raw,6522.093159755065
inter_date,raw,5321.6486586798055
inter_date,raw,4130.576093006767
inter_date,raw,7605.404043127899
inter_date,raw,6464.590040126656
inter_date,raw,9265.772501154708
inter_date,raw,10442.767231979728
inter_date,raw,6752.832236057204
inter_date,raw,12759.032244646945
inter_date,raw,11710.956284087035
inter_date,raw,10973.422687460761
inter_date,raw,9898.626324400728
inter_date,raw,10226.903939268996
inter_date,raw,8608.976746168584
inter_date,raw,11341.127745256474
inter_date,raw,6941.61265817468
inter_date,raw,12686.583996255556
inter_date,raw,11598.635918616423
inter_date,raw,10854.377153063753
inter_date,raw,9384.558889426138
inter_date,raw,9831.154076364295
inter_date,raw,7811.384079445022
inter_date,raw,1536.4271610235717
inter_date,raw,1492.3789334322503
inter_date,raw,693.9729039155978
inter_date,raw,721.2758341085937
inter_date,raw,824.3988132413883
inter_date,raw,787.2753298182766
inter_date,raw,723.565729276431
inter_date,raw,996.8885873831448
inter_date,raw,1245.643340545454
inter_date,raw,546.4106988206895
inter_date,raw,1476.2610766287403
inter_date,raw,1527.4903870206438
inter_date,raw,1523.8855075689155
inter_date,raw,1399.2220037484435
inter_date,raw,1480.2278515686442
inter_date,raw,1212.7509270299095
inter_date,raw,1130.5028899680842
inter_date,raw,415.0302950789657
inter_date,raw,1406.713743111769
inter_date,raw,1449.4636893027514
inter_date,raw,1441.6551700959164
inter_date,raw,1348.2599572049824
inter_date,raw,1419.6540296805047
inter_date,raw,1183.246782339452
inter_date,raw,1373.407330848562
inter_date,raw,956.3330908500249
inter_date,raw,1164.6568802911543
inter_date,raw,1189.1356179415125
inter_date,raw,1206.1015958549303
inter_date,raw,878.5754500488683
inter_date,raw,1030.2237693243892
inter_date,raw,615.9970721173461
inter_date,raw,1215.0710247710194
inter_date,raw,746.7600643781107
inter_date,raw,1132.4286020277289
inter_date,raw,1161.985244455941
inter_date,raw,1175.4718783981018
inter_date,raw,931.3324236454637
inter_date,raw,1049.6663883280794
inter_date,raw,680.1375407994782
inter_date,raw,1078.1432879746374
inter_date,raw,1248.3964518104242
inter_date,raw,493.2638534969562
inter_date,raw,507.89936491489374
inter_date,raw,531.8951097144015
inter_date,raw,910.9217695488978
inter_date,raw,794.1731399326447
inter_date,raw,1095.9681507689902
inter_date,raw,839.0017692174433
inter_date,raw,240.93926447689398
inter_date,raw,1146.0305269712496
inter_date,raw,1185.1535395054857
inter_date,raw,1157.1298602114014
inter_date,raw,1116.9148642524617
inter_date,raw,1171.1833651065836
inter_date,raw,1030.6668993619987
inter_date,raw,937.503692056222
inter_date,raw,293.580166203535
inter_date,raw,1141.5015448021586
inter_date,raw,1176.2262370455294
inter_date,raw,1150.9545326855982
inter_date,raw,1077.8270716717832
inter_date,raw,1140.2860491164154
inter_date,raw,942.7998417833271
inter_date,raw,1627.9353104469476
inter_date,raw,1518.603914196946
inter_date,raw,811.4213976250624
inter_date,raw,779.4733216898386
inter_date,raw,715.3520039696075
inter_date,raw,632.1658208096986
inter_date,raw,596.675184080601
inter_date,raw,751.2506843749359
inter_date,raw,1469.1092194964688
inter_date,raw,1112.570391031507
inter_date,raw,1182.0366101009934
inter_date,raw,1149.7593478792483
inter_date,raw,1091.5018221141784
inter_date,raw,1041.3406994739773
inter_date,raw,1073.6772988027108
inter_date,raw,943.2763909387221
inter_date,raw,1456.430381736538
inter_date,raw,1123.4847301980099
inter_date,raw,1177.1190991195006
inter_date,raw,1145.3574314742684
inter_date,raw,1083.6460253852886
inter_date,raw,1041.0522971573844
inter_date,raw,1069.8809874845672
inter_date,raw,945.733815301516
inter_date,raw,1634.4669392787478
inter_date,raw,1304.8347653557337
inter_date,raw,1070.7088425875813
inter_date,raw,1041.2568434291777
inter_date,raw,990.8012908331654
inter_date,raw,792.387664788848
inter_date,raw,862.6892295868995
inter_date,raw,671.5225426578165
inter_date,raw,1606.321927238924
inter_date,raw,1214.7437829984285
inter_date,raw,1093.030216220681
inter_date,raw,1065.714174107137
inter_date,raw,1015.1118245637017
inter_date,raw,834.1154728356317
inter_date,raw,904.7144157728133
inter_date,raw,701.9652610197826
inter_date,raw,1444.1690295848007
inter_date,raw,1536.1264097482963
inter_date,raw,774.2108933878909
inter_date,raw,744.0587294408573
inter_date,raw,664.7285249669686
inter_date,raw,867.0354535303452
inter_date,raw,780.0701605350271
inter_date,raw,994.0294785199615
inter_date,raw,1358.6081364589206
inter_date,raw,1036.7144587819826
inter_date,raw,1159.1643387741508
inter_date,raw,1125.1741062365584
inter_date,raw,1065.1285224540925
inter_date,raw,1039.0567881153422
inter_date,raw,1049.6003994434761
inter_date,raw,967.9878315166393
inter_date,raw,1427.1214586495767
inter_date,raw,1061.2463724768336
inter_date,raw,1146.0035423364184
inter_date,raw,1115.6578196453042
inter_date,raw,1058.296780630489
inter_date,raw,1008.2295347007333
inter_date,raw,1037.2071696616924
inter_date,raw,904.3440820561608
inter_date,raw,174.80237140158897
inter_date,raw,169.60422241767674
inter_date,raw,69.60059309750032
inter_date,raw,66.3650393835561
inter_date,raw,63.010793670986395
inter_date,raw,45.38318993384476
inter_date,raw,37.32161938889474
inter_date,raw,85.02222223518699
inter_date,raw,145.93591630118567
inter_date,raw,62.6181502289491
inter_date,raw,171.918736859405
inter_date,raw,176.1315289100463
inter_date,raw,172.0798627575774
inter_date,raw,148.60422028231326
inter_date,raw,158.47131049499149
inter_date,raw,124.78542893226566
inter_date,raw,147.92387138724592
inter_date,raw,63.236646905926015
inter_date,raw,165.32603970567342
inter_date,raw,167.6614316256482
inter_date,raw,164.4606399213299
inter_date,raw,142.2014363918479
inter_date,raw,151.7593156315367
inter_date,raw,120.92595382929096
inter_date,raw,171.66569723489565
inter_date,raw,127.16176541450396
inter_date,raw,132.2718723473956
inter_date,raw,131.8384710184254
inter_date,raw,130.6086427443598
inter_date,raw,82.09714955030847
inter_date,raw,102.58087691925728
inter_date,raw,54.250877763361935
inter_date,raw,163.09573492277474
inter_date,raw,106.30300498597214
inter_date,raw,139.29615803336839
inter_date,raw,140.1604044946191
inter_date,raw,138.62925355232997
inter_date,raw,94.78434953443879
inter_date,raw,112.66766606347394
inter_date,raw,66.17655407713376
inter_date,raw,129.32474581824
inter_date,raw,157.90558134229335
inter_date,raw,71.09731970368236
inter_date,raw,67.66144713624908
inter_date,raw,63.73176676695928
inter_date,raw,116.1552737461697
inter_date,raw,100.41099322048264
inter_date,raw,138.9191750709057
inter_date,raw,121.99690789407036
inter_date,raw,50.79717195446444
inter_date,raw,158.3445516075925
inter_date,raw,161.44786217965523
inter_date,raw,157.67147222868792
inter_date,raw,140.6375417687678
inter_date,raw,146.71585349466045
inter_date,raw,123.36701197182796
inter_date,raw,135.38339518004486
inter_date,raw,59.12162101489244
inter_date,raw,154.82046534000355
inter_date,raw,157.71432884747512
inter_date,raw,154.13872655439167
inter_date,raw,132.43585599217818
inter_date,raw,141.26325791129938
inter_date,raw,110.6606177527876
inter_date,raw,219.5046676204013
inter_date,raw,210.18868719840864
inter_date,raw,110.4335274637881
inter_date,raw,111.93995520558587
inter_date,raw,113.35398752622352
inter_date,raw,89.34000730222661
inter_date,raw,89.11653853509006
inter_date,raw,129.19796087879288
inter_date,raw,193.32251226900607
inter_date,raw,93.24908240324737
inter_date,raw,183.05794928824875
inter_date,raw,194.03025813369567
inter_date,raw,200.04689554368662
inter_date,raw,195.0119883372253
inter_date,raw,202.6279541366863
inter_date,raw,177.81800822081843
inter_date,raw,187.91753510516256
inter_date,raw,89.88448274365959
inter_date,raw,171.2296216585592
inter_date,raw,182.348195996926
inter_date,raw,187.10332643196048
inter_date,raw,182.73685298941805
inter_date,raw,189.40304090685004
inter_date,raw,166.7321017380876
inter_date,raw,216.2543042511359
inter_date,raw,157.63959705455926
inter_date,raw,151.90993866197732
inter_date,raw,160.15094256594904
inter_date,raw,166.82835758005035
inter_date,raw,126.28420093092367
inter_date,raw,149.21051663274116
inter_date,raw,96.57978443703817
inter_date,raw,209.92944889153776
inter_date,raw,138.72473493697268
inter_date,raw,155.06568788588856
inter_date,raw,162.13433216523472
inter_date,raw,168.36231922765344
inter_date,raw,136.31723985231062
inter_date,raw,157.04714279325114
inter_date,raw,110.6630180838593
inter_date,raw,163.04301670914657
inter_date,raw,192.98988762676265
inter_date,raw,98.8367837468853
inter_date,raw,95.722689751873
inter_date,raw,92.92813563639993
inter_date,raw,151.8947983372201
inter_date,raw,132.26183109380315
inter_date,raw,181.20697354656295
inter_date,raw,165.5081056495853
inter_date,raw,77.74017125135805
inter_date,raw,163.09489550711325
inter_date,raw,174.21389767425887
inter_date,raw,179.51466895228262
inter_date,raw,175.1157355389096
inter_date,raw,179.8071097765338
inter_date,raw,168.74969135774245
inter_date,raw,181.4794114650868
inter_date,raw,87.16888028692459
inter_date,raw,159.7132847741018
inter_date,raw,170.58669332769244
inter_date,raw,176.36299147469904
inter_date,raw,170.99930816484942
inter_date,raw,178.52354119808615
inter_date,raw,156.8732854203399
inter_date,raw,1210.6869292983258
inter_date,raw,1229.2530960331737
inter_date,raw,573.8652454544326
inter_date,raw,578.6408760127971
inter_date,raw,622.3826493423326
inter_date,raw,604.4114130706005
inter_date,raw,515.9549903657618
inter_date,raw,847.6110204358398
inter_date,raw,1170.319021295964
inter_date,raw,587.624205462333
inter_date,raw,1195.1208129057397
inter_date,raw,1175.6991745795958
inter_date,raw,1158.875050400377
inter_date,raw,1069.850424152612
inter_date,raw,1117.9694676755541
inter_date,raw,926.4844917174044
inter_date,raw,1052.582613260401
inter_date,raw,565.9222666628006
inter_date,raw,1275.409872261425
inter_date,raw,1231.6901171329
inter_date,raw,1182.0956987788377
inter_date,raw,1049.6355759319065
inter_date,raw,1100.8298330934583
inter_date,raw,887.6706324902916
inter_date,raw,1275.9780696493926
inter_date,raw,950.9284427725408
inter_date,raw,1096.0816717973164
inter_date,raw,1048.084468009775
inter_date,raw,997.6375151362056
inter_date,raw,653.6660614874205
inter_date,raw,784.453604010612
inter_date,raw,366.53175616010344
inter_date,raw,1218.104840838345
inter_date,raw,853.0754542563992
inter_date,raw,1147.0450655665086
inter_date,raw,1095.083968160172
inter_date,raw,1048.214551289818
inter_date,raw,756.2189338365293
inter_date,raw,856.3376241226911
inter_date,raw,521.1306974925269
inter_date,raw,1104.4021074232667
inter_date,raw,1294.2570929375074
inter_date,raw,614.1385783781874
inter_date,raw,548.1046997652564
inter_date,raw,462.4996557270276
inter_date,raw,802.5655958949933
inter_date,raw,687.7126251290613
inter_date,raw,973.3398090741853
inter_date,raw,935.4103990138946
inter_date,raw,563.4430652671298
inter_date,raw,1229.0569876409504
inter_date,raw,1190.9933922640657
inter_date,raw,1130.7775065614094
inter_date,raw,1041.2394678767635
inter_date,raw,1068.1455691268106
inter_date,raw,924.5204781849526
inter_date,raw,1023.0707133545606
inter_date,raw,598.5571391350401
inter_date,raw,1218.089442479883
inter_date,raw,1181.8229600615193
inter_date,raw,1124.4700391951842
inter_date,raw,997.9271582110781
inter_date,raw,1041.5801854576991
inter_date,raw,841.5024527452018
inter_date,raw,1190.4569163320682
inter_date,raw,1183.9785814152215
inter_date,raw,421.8932932541795
inter_date,raw,418.30769818058917
inter_date,raw,435.72403482457736
inter_date,raw,362.65718061933075
inter_date,raw,304.4356459089507
inter_date,raw,600.4617741887528
inter_date,raw,1068.4294597289363
inter_date,raw,480.414246473068
inter_date,raw,1014.410301075739
inter_date,raw,1003.6668418675022
inter_date,raw,982.5387116752582
inter_date,raw,905.195082236289
inter_date,raw,952.8096789108465
inter_date,raw,770.5358534734742
inter_date,raw,1048.7894460201883
inter_date,raw,491.70276300104024
inter_date,raw,962.2080231228093
inter_date,raw,939.8643875391202
inter_date,raw,920.2561763223998
inter_date,raw,856.4134098503062
inter_date,raw,902.601988532255
inter_date,raw,737.8839446510606
inter_date,raw,1181.8227875576254
inter_date,raw,921.2817796741255
inter_date,raw,799.4681332804656
inter_date,raw,789.5593312095045
inter_date,raw,790.9872184567237
inter_date,raw,548.6205414600375
inter_date,raw,650.5941515261262
inter_date,raw,318.5898477218453
inter_date,raw,1170.859647433498
inter_date,raw,800.5770946784635
inter_date,raw,857.5772247608792
inter_date,raw,837.7304276109577
inter_date,raw,829.0161741270707
inter_date,raw,619.6327757516659
inter_date,raw,709.413486998742
inter_date,raw,433.14314450416083
inter_date,raw,907.0458041211642
inter_date,raw,1111.3512675481827
inter_date,raw,460.19767039103243
inter_date,raw,452.76763822759074
inter_date,raw,427.73358106308143
inter_date,raw,759.8565908712487
inter_date,raw,672.9313417978163
inter_date,raw,901.4529219741397
inter_date,raw,926.7712313071503
inter_date,raw,412.0428780276797
inter_date,raw,979.1620628057927
inter_date,raw,961.3009437550166
inter_date,raw,929.4352876177273
inter_date,raw,868.8409784496432
inter_date,raw,897.7615093545566
inter_date,raw,782.5697586051568
inter_date,raw,1020.1533250191459
inter_date,raw,472.97834032507944
inter_date,raw,956.6549617149379
inter_date,raw,940.2139811538344
inter_date,raw,913.4261412266404
inter_date,raw,829.8448282589313
inter_date,raw,876.9936301826556
inter_date,raw,711.8943603914438
inter_date,raw,387.45838102150987
inter_date,raw,380.6064396522501
inter_date,raw,137.85780825770823
inter_date,raw,136.78776574366165
inter_date,raw,133.87102335030215
inter_date,raw,122.86481755513717
inter_date,raw,83.34500513499523
inter_date,raw,218.90507428476627
inter_date,raw,319.8301842012265
inter_date,raw,124.6822688066026
inter_date,raw,367.3056701946525
inter_date,raw,371.31497547487197
inter_date,raw,370.8516541755772
inter_date,raw,324.2004312811091
inter_date,raw,346.5652789295601
inter_date,raw,268.08564896049813
inter_date,raw,319.6198774660746
inter_date,raw,120.6110804946844
inter_date,raw,368.20782781506114
inter_date,raw,375.22789503751676
inter_date,raw,374.4760486491823
inter_date,raw,329.70521871817556
inter_date,raw,351.9242173563859
inter_date,raw,272.18269534056924
inter_date,raw,390.98234226661145
inter_date,raw,286.0298201861377
inter_date,raw,294.66495804557417
inter_date,raw,298.822747169941
inter_date,raw,301.10702001115817
inter_date,raw,191.02211758003813
inter_date,raw,234.05808891831796
inter_date,raw,96.78574613424182
inter_date,raw,368.8083468770609
inter_date,raw,235.33433347453737
inter_date,raw,316.58380651514545
inter_date,raw,320.85036055620634
inter_date,raw,324.97435338368297
inter_date,raw,235.6577547651517
inter_date,raw,271.37984329208774
inter_date,raw,156.52428782323665
inter_date,raw,293.8727479101894
inter_date,raw,370.01887218601365
inter_date,raw,146.60571311871723
inter_date,raw,148.7684012227763
inter_date,raw,152.9463413532123
inter_date,raw,277.54626383979405
inter_date,raw,245.1164901633507
inter_date,raw,338.05666834408805
inter_date,raw,275.26169366622736
inter_date,raw,66.18638005482627
inter_date,raw,359.02427502819893
inter_date,raw,365.7080135715872
inter_date,raw,366.117376036312
inter_date,raw,340.97214617074764
inter_date,raw,354.81480749687944
inter_date,raw,299.3637399711659
inter_date,raw,307.7946033593553
inter_date,raw,98.47644448825119
inter_date,raw,353.4422205591878
inter_date,raw,359.6107228988167
inter_date,raw,360.24283930955454
inter_date,raw,321.9217615131265
inter_date,raw,341.76585813348044
inter_date,raw,267.5074542797604
inter_date,raw,185.93309168443722
inter_date,raw,188.30905211152984
inter_date,raw,76.33408712457926
inter_date,raw,85.63433647394795
inter_date,raw,92.28331280046557
inter_date,raw,80.46560008860338
inter_date,raw,67.49794970431113
inter_date,raw,111.54701523188712
inter_date,raw,163.5917674244264
inter_date,raw,65.72649181411158
inter_date,raw,181.038357550995
inter_date,raw,182.7471703578732
inter_date,raw,181.75317266504464
inter_date,raw,169.82897997831876
inter_date,raw,177.0064398882277
inter_date,raw,140.53596917142735
inter_date,raw,158.40083460879208
inter_date,raw,61.07416451682799
inter_date,raw,173.7995518584282
inter_date,raw,174.28950156892083
inter_date,raw,173.62890607214433
inter_date,raw,162.34721755428717
inter_date,raw,169.13805030070498
inter_date,raw,134.0085063042819
inter_date,raw,181.42817596976022
inter_date,raw,144.1825428224995
inter_date,raw,142.17436687124052
inter_date,raw,144.012849749101
inter_date,raw,146.7493256656852
inter_date,raw,104.437003967076
inter_date,raw,118.57139450659292
inter_date,raw,69.78396723699028
inter_date,raw,173.87107805990703
inter_date,raw,120.03296918128865
inter_date,raw,155.03623328419837
inter_date,raw,150.0258112713244
inter_date,raw,153.01143748099355
inter_date,raw,117.50162106277918
inter_date,raw,131.7346663617006
inter_date,raw,85.55475481484692
inter_date,raw,136.88996710949309
inter_date,raw,169.7268376090296
inter_date,raw,82.01501568383102
inter_date,raw,76.65683813811611
inter_date,raw,72.2607093727125
inter_date,raw,120.19727088653647
inter_date,raw,104.81265173768725
inter_date,raw,145.84559472263808
inter_date,raw,127.28252344218166
inter_date,raw,42.67465861720792
inter_date,raw,160.34333512512336
inter_date,raw,159.26256304635825
inter_date,raw,154.5985055447389
inter_date,raw,145.2971042791451
inter_date,raw,150.27534252640575
inter_date,raw,128.71014755384803
inter_date,raw,140.77786136321293
inter_date,raw,59.46921722722645
inter_date,raw,157.44550266528356
inter_date,raw,156.564896973382
inter_date,raw,152.05863628563694
inter_date,raw,139.5580662987547
inter_date,raw,146.95839830827407
inter_date,raw,114.1700316674756
inter_date,raw,324.69049823309757
inter_date,raw,314.4725601247724
inter_date,raw,143.75227223877027
inter_date,raw,170.10221891836798
inter_date,raw,174.16469866739575
inter_date,raw,161.4843304723255
inter_date,raw,155.41825289628414
inter_date,raw,198.97582259206888
inter_date,raw,272.39802864907955
inter_date,raw,91.85469082300847
inter_date,raw,322.00451046826157
inter_date,raw,320.7159332203945
inter_date,raw,323.89715124300386
inter_date,raw,301.52705596047343
inter_date,raw,314.21014682700434
inter_date,raw,270.9729026823443
inter_date,raw,276.5642846996491
inter_date,raw,103.13363960923525
inter_date,raw,322.5890542418739
inter_date,raw,322.46028732971433
inter_date,raw,326.1065776705524
inter_date,raw,307.55597874130785
inter_date,raw,318.94206165144817
inter_date,raw,277.28778350470543
inter_date,raw,336.3668278191874
inter_date,raw,249.24988059413482
inter_date,raw,271.9900235609142
inter_date,raw,272.357154565209
inter_date,raw,280.32550170250636
inter_date,raw,234.4739457807626
inter_date,raw,253.5087523143925
inter_date,raw,196.38114362491265
inter_date,raw,290.49907025914655
inter_date,raw,188.29609961693944
inter_date,raw,248.9498718426587
inter_date,raw,240.76921312347065
inter_date,raw,245.3021187521333
inter_date,raw,207.47192150815425
inter_date,raw,225.29290128418964
inter_date,raw,165.75487944408698
inter_date,raw,232.05570067181225
inter_date,raw,293.59138574848254
inter_date,raw,117.71580359776111
inter_date,raw,128.5259840321348
inter_date,raw,135.9216116878016
inter_date,raw,216.79150821864374
inter_date,raw,195.8718680425451
inter_date,raw,251.5665915816327
inter_date,raw,218.61596573944564
inter_date,raw,72.62124508775128
inter_date,raw,275.8047181603749
inter_date,raw,278.6819423644094
inter_date,raw,277.3060884053336
inter_date,raw,260.5703422759573
inter_date,raw,272.95433400549064
inter_date,raw,239.77062451633307
inter_date,raw,244.12737271175237
inter_date,raw,86.94885093301365
inter_date,raw,270.01262095722575
inter_date,raw,272.0438104817468
inter_date,raw,271.4599006825344
inter_date,raw,249.95484115945348
inter_date,raw,263.566204861773
inter_date,raw,221.91159825587349
inter_date,raw,531.6154975190067
inter_date,raw,542.835986038228
inter_date,raw,205.18126422867218
inter_date,raw,210.16212916630408
inter_date,raw,223.72031593466153
inter_date,raw,200.43698911913154
inter_date,raw,162.6933327942921
inter_date,raw,309.75004563972146
inter_date,raw,476.28712359998025
inter_date,raw,200.3598325513375
inter_date,raw,510.48884426503156
inter_date,raw,517.7015696118483
inter_date,raw,518.0847110822157
inter_date,raw,465.6664371143382
inter_date,raw,501.5627883473433
inter_date,raw,386.4342621819334
inter_date,raw,410.83205350906616
inter_date,raw,159.3802590168736
inter_date,raw,447.93284965228776
inter_date,raw,448.29449291838546
inter_date,raw,449.2021746942016
inter_date,raw,410.5403995258653
inter_date,raw,447.8059010330257
inter_date,raw,350.74768352763215
inter_date,raw,495.1141507990138
inter_date,raw,357.41704415483736
inter_date,raw,360.38268350661434
inter_date,raw,362.8977395151947
inter_date,raw,369.86233362338123
inter_date,raw,247.63786143614362
inter_date,raw,306.9476140933808
inter_date,raw,151.37412753867562
inter_date,raw,474.26786778851744
inter_date,raw,306.81129321271266
inter_date,raw,380.2613958406331
inter_date,raw,379.0447560425198
inter_date,raw,386.5714104239253
inter_date,raw,278.18150175140454
inter_date,raw,335.9858871575525
inter_date,raw,191.17214023591657
inter_date,raw,384.5121793538256
inter_date,raw,481.63617004707925
inter_date,raw,184.97652280247684
inter_date,raw,179.59677057230178
inter_date,raw,165.3564466970844
inter_date,raw,319.0176420707497
inter_date,raw,276.86138443357567
inter_date,raw,400.9232240063165
inter_date,raw,365.3823462190961
inter_date,raw,133.53889102679665
inter_date,raw,450.0597992674603
inter_date,raw,451.2338771687714
inter_date,raw,450.41478403641617
inter_date,raw,427.74279863688446
inter_date,raw,457.8419064584672
inter_date,raw,379.6676765842164
inter_date,raw,405.5679659440573
inter_date,raw,164.07945320571287
inter_date,raw,443.88166557734087
inter_date,raw,445.02574497491287
inter_date,raw,445.6421513763407
inter_date,raw,402.6052398648913
inter_date,raw,441.3046674620715
inter_date,raw,339.93901326281343
inter_date,raw,169.12748344004265
inter_date,raw,161.76054282267265
inter_date,raw,78.29669229162573
inter_date,raw,80.85633570605042
inter_date,raw,82.66559859141039
inter_date,raw,57.62421882540444
inter_date,raw,50.339487364247546
inter_date,raw,98.45328388196535
inter_date,raw,133.05722341301487
inter_date,raw,49.90601285464127
inter_date,raw,161.90421918676546
inter_date,raw,163.8180520170676
inter_date,raw,164.65965981814907
inter_date,raw,153.4219302788105
inter_date,raw,157.96277910740028
inter_date,raw,131.73368359253126
inter_date,raw,131.79430221082433
inter_date,raw,47.058078983518314
inter_date,raw,157.6221040291349
inter_date,raw,160.39952443968215
inter_date,raw,160.78913931428508
inter_date,raw,148.69004894330322
inter_date,raw,153.44449904025328
inter_date,raw,126.54820980465075
inter_date,raw,159.07935463607015
inter_date,raw,116.26911645177402
inter_date,raw,132.68748528026296
inter_date,raw,134.1561867394724
inter_date,raw,135.7081131115075
inter_date,raw,97.02764855098434
inter_date,raw,112.61217951975921
inter_date,raw,59.402982128124556
inter_date,raw,156.94141783147106
inter_date,raw,105.06770776164156
inter_date,raw,140.98491771749744
inter_date,raw,143.65058674237488
inter_date,raw,146.3745908050073
inter_date,raw,113.93359072388658
inter_date,raw,125.49170552176707
inter_date,raw,85.25138771388333
inter_date,raw,138.38537460570717
inter_date,raw,164.29527987162393
inter_date,raw,83.55313571671167
inter_date,raw,84.53862001363356
inter_date,raw,86.84070494712883
inter_date,raw,139.46182166593462
inter_date,raw,122.20624399525816
inter_date,raw,162.02772029148946
inter_date,raw,121.0307910448923
inter_date,raw,35.80130767098293
inter_date,raw,159.56190487737115
inter_date,raw,161.10528297477074
inter_date,raw,163.3308566989104
inter_date,raw,154.96738808229173
inter_date,raw,157.20015865434863
inter_date,raw,137.60919906265957
inter_date,raw,134.25688330318752
inter_date,raw,49.06299097418882
inter_date,raw,156.4118732933752
inter_date,raw,157.7505895770433
inter_date,raw,159.87088819687324
inter_date,raw,148.7696815710846
inter_date,raw,153.72890873532012
inter_date,raw,126.24045225566283
inter_date,raw,20077.102456025917
inter_date,raw,18721.78909823232
inter_date,raw,11242.084623747502
inter_date,raw,10943.924834071619
inter_date,raw,10037.786548940127
inter_date,raw,7570.477698195078
inter_date,raw,6102.971812563162
inter_date,raw,10429.05300346619
inter_date,raw,16451.538787532267
inter_date,raw,9649.020096050588
inter_date,raw,20592.129666474346
inter_date,raw,20078.933323417605
inter_date,raw,19707.24106602758
inter_date,raw,17847.56495845942
inter_date,raw,18604.316873680407
inter_date,raw,15386.060445408431
inter_date,raw,15817.488299902723
inter_date,raw,8040.151498605963
inter_date,raw,19938.185191726534
inter_date,raw,20220.773442909256
inter_date,raw,20031.125615838468
inter_date,raw,18356.270578161853
inter_date,raw,18978.470711195732
inter_date,raw,15952.710874271344
inter_date,raw,20111.142157507224
inter_date,raw,14273.817187413548
inter_date,raw,17442.323162243352
inter_date,raw,17304.913680586782
inter_date,raw,17298.989018337103
inter_date,raw,12642.741784532227
inter_date,raw,14528.224012225472
inter_date,raw,9324.133432223327
inter_date,raw,19386.74691431347
inter_date,raw,12961.063029595329
inter_date,raw,18504.243602096096
inter_date,raw,17679.922242139393
inter_date,raw,17691.50967293183
inter_date,raw,13671.310797800608
inter_date,raw,15220.567353355646
inter_date,raw,10118.670226236323
inter_date,raw,17145.73162166788
inter_date,raw,19714.00311432629
inter_date,raw,11310.037167716075
inter_date,raw,10315.542091998157
inter_date,raw,9133.641065076663
inter_date,raw,13883.325794333545
inter_date,raw,12051.759914148382
inter_date,raw,16310.662943037265
inter_date,raw,14482.840128596192
inter_date,raw,8010.772087848485
inter_date,raw,18902.848486767554
inter_date,raw,18884.333947084288
inter_date,raw,18148.435772610253
inter_date,raw,16716.770755785583
inter_date,raw,17369.920636923925
inter_date,raw,15172.357809467581
inter_date,raw,15946.112217020098
inter_date,raw,9138.326400239896
inter_date,raw,18690.78757437197
inter_date,raw,18688.249617350917
inter_date,raw,17996.893176819634
inter_date,raw,16117.535123071777
inter_date,raw,16812.504167374238
inter_date,raw,13976.288526294744
inter_date,raw,753.0198163063174
inter_date,raw,709.0519051287196
inter_date,raw,308.942890873748
inter_date,raw,313.19465411952297
inter_date,raw,312.2070793826858
inter_date,raw,230.39196995865237
inter_date,raw,196.45140181177004
inter_date,raw,361.8927672667692
inter_date,raw,584.3409291060925
inter_date,raw,239.8680906099374
inter_date,raw,699.9735071517248
inter_date,raw,689.5601233326041
inter_date,raw,660.1478888241995
inter_date,raw,611.2246756853544
inter_date,raw,642.8573052248472
inter_date,raw,540.3709167586385
inter_date,raw,581.186652974101
inter_date,raw,231.58511432855832
inter_date,raw,693.8222635036536
inter_date,raw,686.7737527745218
inter_date,raw,656.3146884217168
inter_date,raw,598.2917995267463
inter_date,raw,632.1577654954422
inter_date,raw,527.2477660884284
inter_date,raw,741.6242510610779
inter_date,raw,509.9131272299514
inter_date,raw,577.4894402250387
inter_date,raw,570.8500996842549
inter_date,raw,560.4519939298995
inter_date,raw,383.1859318050877
inter_date,raw,462.5731312838158
inter_date,raw,252.05346832142013
inter_date,raw,711.4507144192204
inter_date,raw,441.2020225501929
inter_date,raw,601.6263177342529
inter_date,raw,592.5224478367686
inter_date,raw,576.9277854661336
inter_date,raw,437.59169107198335
inter_date,raw,502.18899105625087
inter_date,raw,304.00897004701625
inter_date,raw,575.8724282090857
inter_date,raw,728.6673388960215
inter_date,raw,278.91000639393826
inter_date,raw,292.18930385233864
inter_date,raw,272.5554443376526
inter_date,raw,467.52975777458477
inter_date,raw,412.622528699629
inter_date,raw,568.6985311614917
inter_date,raw,514.8605899496807
inter_date,raw,195.23962688133244
inter_date,raw,678.4872803401205
inter_date,raw,666.9675254909521
inter_date,raw,635.495278119283
inter_date,raw,601.300068452872
inter_date,raw,620.7371925399516
inter_date,raw,555.9989936613024
inter_date,raw,580.5016252386912
inter_date,raw,240.75450905632565
inter_date,raw,671.4356442763237
inter_date,raw,661.6109600815271
inter_date,raw,633.123344730596
inter_date,raw,578.9968875851866
inter_date,raw,611.4153832161351
inter_date,raw,509.86658648307673
inter_date,raw,187.3851076564746
inter_date,raw,184.49910875381588
inter_date,raw,104.86866077100804
inter_date,raw,110.28774594106956
inter_date,raw,117.14324640614767
inter_date,raw,116.13064789689405
inter_date,raw,110.37028450801851
inter_date,raw,159.38973087850988
inter_date,raw,174.02537701507242
inter_date,raw,81.02226325434968
inter_date,raw,188.71869812980782
inter_date,raw,192.30557977319526
inter_date,raw,194.27249823747204
inter_date,raw,196.2705213717124
inter_date,raw,203.8375359727167
inter_date,raw,181.58268728441203
inter_date,raw,175.3849592427225
inter_date,raw,81.62305383080609
inter_date,raw,194.7135449405956
inter_date,raw,198.2413977596866
inter_date,raw,200.71625094360732
inter_date,raw,201.8767230502908
inter_date,raw,210.3638960230581
inter_date,raw,188.6202407964088
inter_date,raw,185.50580789264998
inter_date,raw,160.98142546653665
inter_date,raw,176.67837590351786
inter_date,raw,179.66113937076096
inter_date,raw,186.39473043976935
inter_date,raw,147.0158417929688
inter_date,raw,170.9113047962096
inter_date,raw,126.55176100823613
inter_date,raw,183.09701760854233
inter_date,raw,140.9523993022028
inter_date,raw,183.33517720934233
inter_date,raw,186.72767922961017
inter_date,raw,191.93767202004975
inter_date,raw,163.99470991758358
inter_date,raw,184.70508588016736
inter_date,raw,138.56590103113908
inter_date,raw,164.7655305563752
inter_date,raw,181.3427759271165
inter_date,raw,122.57563262853557
inter_date,raw,126.44259826008759
inter_date,raw,131.0826257057157
inter_date,raw,191.62354975688288
inter_date,raw,180.48571207135694
inter_date,raw,216.08210864986353
inter_date,raw,154.8142271901268
inter_date,raw,58.51533681742884
inter_date,raw,190.0913392606427
inter_date,raw,194.18069257536297
inter_date,raw,196.0960573047714
inter_date,raw,198.90068037782552
inter_date,raw,206.56880123304472
inter_date,raw,195.6010387729258
inter_date,raw,168.62523165291722
inter_date,raw,74.99353146708562
inter_date,raw,189.37610600022782
inter_date,raw,192.7829051339998
inter_date,raw,195.29524352338217
inter_date,raw,196.27544193592547
inter_date,raw,204.47179337432897
inter_date,raw,183.36692738747576
inter_date,raw,186.63255693882513
inter_date,raw,180.03781018230057
inter_date,raw,106.27729341321266
inter_date,raw,97.92356865238852
inter_date,raw,100.19955535259197
inter_date,raw,83.23823740725572
inter_date,raw,80.49860432093868
inter_date,raw,100.8948356316757
inter_date,raw,157.331731731154
inter_date,raw,81.59518251418896
inter_date,raw,180.7556970715156
inter_date,raw,174.65242268574463
inter_date,raw,167.064372217076
inter_date,raw,158.4871934138228
inter_date,raw,165.03886176551612
inter_date,raw,143.6514672658064
inter_date,raw,151.08118284393927
inter_date,raw,75.47133640692749
inter_date,raw,174.17214903652075
inter_date,raw,169.00883588482247
inter_date,raw,160.98354230435217
inter_date,raw,153.50671809403002
inter_date,raw,159.63519143734598
inter_date,raw,139.44101842373217
inter_date,raw,176.16806183841828
inter_date,raw,136.45074224614467
inter_date,raw,151.85271980410744
inter_date,raw,142.6189144605468
inter_date,raw,140.84028230249902
inter_date,raw,113.57087544788936
inter_date,raw,126.90022327272189
inter_date,raw,88.01691700219583
inter_date,raw,168.5273487060921
inter_date,raw,118.17776914059436
inter_date,raw,155.41994762271545
inter_date,raw,146.88214521626966
inter_date,raw,143.3134416568237
inter_date,raw,120.00509661795917
inter_date,raw,133.65952102085288
inter_date,raw,98.6216314531259
inter_date,raw,155.93658089718642
inter_date,raw,175.9982328780334
inter_date,raw,88.6604343495317
inter_date,raw,87.47786284595229
inter_date,raw,83.79930140918042
inter_date,raw,117.36790954292485
inter_date,raw,102.78723546145953
inter_date,raw,138.55436658582795
inter_date,raw,133.64015293387865
inter_date,raw,66.20171196175116
inter_date,raw,170.49782675615378
inter_date,raw,165.5707705469894
inter_date,raw,157.24163900097926
inter_date,raw,152.72998855746013
inter_date,raw,157.2720714694307
inter_date,raw,144.48888777506798
inter_date,raw,147.66033456809552
inter_date,raw,70.35289448135565
inter_date,raw,168.60558194171617
inter_date,raw,163.32128083568756
inter_date,raw,155.84899494764306
inter_date,raw,148.39962737406688
inter_date,raw,154.96603410486594
inter_date,raw,134.3554830787837
inter_date,raw,229.62567235560118
inter_date,raw,210.69582142668767
inter_date,raw,102.30422651046614
inter_date,raw,97.93545918954312
inter_date,raw,92.3505227252074
inter_date,raw,57.72412324810057
inter_date,raw,42.25309935095773
inter_date,raw,109.61636293824715
inter_date,raw,188.1381086241346
inter_date,raw,90.62324710948437
inter_date,raw,224.08569191590206
inter_date,raw,217.93595130002672
inter_date,raw,210.6542988665372
inter_date,raw,193.9898553741799
inter_date,raw,195.6307221892454
inter_date,raw,162.25208652998376
inter_date,raw,193.16098639908284
inter_date,raw,82.95581153039652
inter_date,raw,232.62912441009945
inter_date,raw,228.1288013381914
inter_date,raw,221.002538500827
inter_date,raw,200.35664629426626
inter_date,raw,204.31814594378238
inter_date,raw,168.85899478277022
inter_date,raw,230.97215290304297
inter_date,raw,175.9048841670109
inter_date,raw,200.12538108586304
inter_date,raw,195.01335805895084
inter_date,raw,189.54212137097528
inter_date,raw,121.8639280685048
inter_date,raw,147.88504524509185
inter_date,raw,72.4794203139596
inter_date,raw,226.44144426003697
inter_date,raw,158.6367471915754
inter_date,raw,207.14042640199426
inter_date,raw,200.47207307586095
inter_date,raw,195.05348396566222
inter_date,raw,140.40841257356544
inter_date,raw,159.78192448727467
inter_date,raw,93.68676438765814
inter_date,raw,202.23398532746313
inter_date,raw,234.96453316455677
inter_date,raw,110.47537298291546
inter_date,raw,105.23590987011266
inter_date,raw,97.60684774230995
inter_date,raw,164.7950431596776
inter_date,raw,140.50153045260328
inter_date,raw,190.93537378989186
inter_date,raw,177.74183726485364
inter_date,raw,71.6528710420694
inter_date,raw,224.36351111321025
inter_date,raw,219.9225107038516
inter_date,raw,212.84100789757866
inter_date,raw,194.92902401838958
inter_date,raw,198.5341145568115
inter_date,raw,172.5406870580855
inter_date,raw,195.14886716848463
inter_date,raw,85.75886737436154
inter_date,raw,223.59005323305846
inter_date,raw,218.38773404418203
inter_date,raw,211.32683866015512
inter_date,raw,187.72687068235723
inter_date,raw,192.89338283844043
inter_date,raw,155.4199284733675
inter_date,raw,318.5717895844634
inter_date,raw,312.89727604621754
inter_date,raw,112.84780231841131
inter_date,raw,112.15006422094419
inter_date,raw,114.35573933584452
inter_date,raw,91.01357172474465
inter_date,raw,77.34758438066316
inter_date,raw,152.99334719429564
inter_date,raw,264.2469393209242
inter_date,raw,110.12777346380538
inter_date,raw,289.8209781999259
inter_date,raw,289.68612683960777
inter_date,raw,280.4427436046014
inter_date,raw,241.83550649642197
inter_date,raw,257.26224287124387
inter_date,raw,200.73298347496834
inter_date,raw,256.75885017435553
inter_date,raw,113.6073019115367
inter_date,raw,278.3641334184588
inter_date,raw,276.41468372890824
inter_date,raw,268.62925859151784
inter_date,raw,231.70687172538044
inter_date,raw,246.33275138471114
inter_date,raw,194.2845467839571
inter_date,raw,306.65054952471473
inter_date,raw,234.69066520280123
inter_date,raw,219.7678327181188
inter_date,raw,218.95194759842366
inter_date,raw,215.5945061253384
inter_date,raw,141.78946708479612
inter_date,raw,169.94656898426578
inter_date,raw,88.20618094636485
inter_date,raw,291.4092631179599
inter_date,raw,202.83586564722015
inter_date,raw,237.05116737190085
inter_date,raw,235.28303940350733
inter_date,raw,231.7797888853001
inter_date,raw,163.7913479240033
inter_date,raw,187.42184482249306
inter_date,raw,110.7571815902225
inter_date,raw,234.14551781297195
inter_date,raw,297.61136121026794
inter_date,raw,133.16602598332082
inter_date,raw,129.06755221865131
inter_date,raw,121.67163435716172
inter_date,raw,196.3842541998188
inter_date,raw,170.164219526735
inter_date,raw,233.52435951757846
inter_date,raw,233.371526423508
inter_date,raw,108.70073459908609
inter_date,raw,279.11244320592544
inter_date,raw,277.08941364614043
inter_date,raw,267.5566111658829
inter_date,raw,243.7212040377674
inter_date,raw,253.19137724635246
inter_date,raw,216.9188013267813
inter_date,raw,253.6474869164834
inter_date,raw,124.90309338881579
inter_date,raw,274.72958295385666
inter_date,raw,273.14149590590273
inter_date,raw,264.6162259269252
inter_date,raw,230.25827243295632
inter_date,raw,244.7303910136914
inter_date,raw,195.0396479839786
inter_date,raw,322.69685298832934
inter_date,raw,302.3012604726175
inter_date,raw,139.63824968041357
inter_date,raw,146.86118222742897
inter_date,raw,158.7669657226021
inter_date,raw,141.2153507860213
inter_date,raw,130.1915998771481
inter_date,raw,213.6698854318881
inter_date,raw,269.13677041696883
inter_date,raw,103.08814276419685
inter_date,raw,322.8656219256373
inter_date,raw,319.53165829814407
inter_date,raw,324.0488232982067
inter_date,raw,313.6319427859897
inter_date,raw,327.45858743983985
inter_date,raw,276.4866444936054
inter_date,raw,261.5547948600555
inter_date,raw,99.18546990601088
inter_date,raw,311.0051413026265
inter_date,raw,311.5666227577445
inter_date,raw,317.18976218991565
inter_date,raw,309.3712349458249
inter_date,raw,323.01971550842353
inter_date,raw,276.38789652450066
inter_date,raw,299.6670051708984
inter_date,raw,234.86720538778218
inter_date,raw,271.6317863964974
inter_date,raw,271.6906613709615
inter_date,raw,280.60950614773583
inter_date,raw,205.58341778136355
inter_date,raw,244.42865231275275
inter_date,raw,162.4779838565682
inter_date,raw,289.4903490660456
inter_date,raw,203.09547953985538
inter_date,raw,281.5783110221653
inter_date,raw,278.8356744273109
inter_date,raw,286.59800793927707
inter_date,raw,227.96635220596752
inter_date,raw,260.1275557069939
inter_date,raw,178.53492722180508
inter_date,raw,258.41281803310284
inter_date,raw,291.09016920387893
inter_date,raw,134.78771338134433
inter_date,raw,135.8992043758903
inter_date,raw,143.8653264093094
inter_date,raw,251.57413053563735
inter_date,raw,228.96457214516627
inter_date,raw,296.7907486966276
inter_date,raw,237.66628264177885
inter_date,raw,73.79299594134933
inter_date,raw,300.76925432171106
inter_date,raw,303.59779402313563
inter_date,raw,308.522916297886
inter_date,raw,306.20769144098756
inter_date,raw,313.93272757149134
inter_date,raw,287.3923323239008
inter_date,raw,262.2036195311539
inter_date,raw,102.22647156238563
inter_date,raw,298.6577387922104
inter_date,raw,301.57371216511496
inter_date,raw,306.5837588498063
inter_date,raw,297.1805582910673
inter_date,raw,310.7769282091945
inter_date,raw,266.73219525976845
inter_date,raw,329.8066172197046
inter_date,raw,352.60895394865105
inter_date,raw,147.47006859343486
inter_date,raw,160.1155600168947
inter_date,raw,163.62392456629377
inter_date,raw,184.8200540551603
inter_date,raw,151.63658780751024
inter_date,raw,272.22736744003777
inter_date,raw,332.60275667829336
inter_date,raw,177.38338305301693
inter_date,raw,337.7864392947541
inter_date,raw,346.9971953365453
inter_date,raw,350.145180348707
inter_date,raw,322.2831104383373
inter_date,raw,334.6418238917829
inter_date,raw,274.8276462058496
inter_date,raw,314.3811286442287
inter_date,raw,168.6478703294728
inter_date,raw,327.2507071002583
inter_date,raw,330.20000477704707
inter_date,raw,335.139683032101
inter_date,raw,317.63687525822553
inter_date,raw,327.4746264252865
inter_date,raw,272.2798996437306
inter_date,raw,328.74384386776336
inter_date,raw,293.84066989733446
inter_date,raw,289.9146657084756
inter_date,raw,287.7023071849161
inter_date,raw,296.50535508694963
inter_date,raw,197.54037411314658
inter_date,raw,238.19009390260825
inter_date,raw,142.80342070232672
inter_date,raw,331.852778154783
inter_date,raw,266.25487643645226
inter_date,raw,305.80187330081174
inter_date,raw,300.11592502295
inter_date,raw,307.80573022528966
inter_date,raw,237.82865418195513
inter_date,raw,271.8723084157953
inter_date,raw,172.2907720078113
inter_date,raw,293.77211416253215
inter_date,raw,330.14580337798515
inter_date,raw,180.07219947512587
inter_date,raw,185.89783740641244
inter_date,raw,184.1946636228717
inter_date,raw,294.7985414813374
inter_date,raw,261.68887436092064
inter_date,raw,336.60470758245
inter_date,raw,305.8480476867713
inter_date,raw,155.3347431854065
inter_date,raw,344.1355586656154
inter_date,raw,345.0587769117162
inter_date,raw,343.4182620050533
inter_date,raw,323.753353080632
inter_date,raw,332.8044859866783
inter_date,raw,296.25057765666
inter_date,raw,329.0393665838554
inter_date,raw,180.5895026084876
inter_date,raw,340.7634220708387
inter_date,raw,341.2005044342556
inter_date,raw,339.15854383627556
inter_date,raw,314.93752214866817
inter_date,raw,325.73661943063024
inter_date,raw,267.57970274560915
inter_date,raw,1268.297471491005
inter_date,raw,1146.1393485305352
inter_date,raw,570.522817873471
inter_date,raw,637.9895179389705
inter_date,raw,700.0938489384324
inter_date,raw,676.7795050915067
inter_date,raw,610.2297613253083
inter_date,raw,781.8450362535314
inter_date,raw,983.0670641815702
inter_date,raw,466.2996654257758
inter_date,raw,1094.1949591507687
inter_date,raw,1125.713504558437
inter_date,raw,1150.209903204007
inter_date,raw,1089.1304567340471
inter_date,raw,1151.445178894766
inter_date,raw,996.3181229322959
inter_date,raw,939.1134259426357
inter_date,raw,434.25214689547977
inter_date,raw,1004.0504442720281
inter_date,raw,1049.0382571102698
inter_date,raw,1067.6773766708563
inter_date,raw,1010.2042690360062
inter_date,raw,1068.0713725426958
inter_date,raw,927.0419546677948
inter_date,raw,1149.289081500883
inter_date,raw,816.3545264146081
inter_date,raw,855.117612350711
inter_date,raw,884.8198986099886
inter_date,raw,925.7510167104739
inter_date,raw,756.222473918571
inter_date,raw,851.1619342950302
inter_date,raw,602.552507097534
inter_date,raw,1094.8615583009744
inter_date,raw,693.0284192448044
inter_date,raw,900.0943940247389
inter_date,raw,912.6104898860192
inter_date,raw,956.7406693212813
inter_date,raw,824.9546343948398
inter_date,raw,913.5602451007659
inter_date,raw,682.8906249574392
inter_date,raw,936.0899387942939
inter_date,raw,1093.5317727872557
inter_date,raw,490.64350207758014
inter_date,raw,518.4276379339835
inter_date,raw,565.9972367634047
inter_date,raw,855.4961784306952
inter_date,raw,783.9306828260969
inter_date,raw,1007.7595487196905
inter_date,raw,823.7850866868246
inter_date,raw,367.4680521422755
inter_date,raw,974.4783326648845
inter_date,raw,1013.2363386575664
inter_date,raw,1020.6765139508955
inter_date,raw,974.1168978386331
inter_date,raw,1037.4993452378885
inter_date,raw,922.2426228260884
inter_date,raw,920.3882349183906
inter_date,raw,423.82780750756154
inter_date,raw,954.4412570165008
inter_date,raw,994.8074517570868
inter_date,raw,1004.7134889810509
inter_date,raw,945.0259153350039
inter_date,raw,1009.3731707929761
inter_date,raw,854.8008209240214
inter_date,raw,262.85451684117874
inter_date,raw,258.45498191865335
inter_date,raw,78.89369920221465
inter_date,raw,89.31476908210912
inter_date,raw,91.46510035709431
inter_date,raw,121.25346705892382
inter_date,raw,100.38358722088653
inter_date,raw,179.49746731864917
inter_date,raw,229.04596713219775
inter_date,raw,122.69158973000631
inter_date,raw,265.5329322235532
inter_date,raw,266.64010377375
inter_date,raw,264.65856260832516
inter_date,raw,225.71870003971546
inter_date,raw,242.450872539651
inter_date,raw,175.31964854706578
inter_date,raw,223.41233832684054
inter_date,raw,105.8623882126945
inter_date,raw,267.3518837822258
inter_date,raw,266.5101093633357
inter_date,raw,264.12990580935195
inter_date,raw,228.6331538679792
inter_date,raw,243.31192624362035
inter_date,raw,181.950174694691
inter_date,raw,259.65911146475617
inter_date,raw,204.56403628320447
inter_date,raw,204.786049067941
inter_date,raw,203.25719690883787
inter_date,raw,205.45200966116036
inter_date,raw,117.35786108959131
inter_date,raw,152.43755064037896
inter_date,raw,81.16709139910384
inter_date,raw,251.57800491999257
inter_date,raw,173.88512217635446
inter_date,raw,228.0588048122259
inter_date,raw,226.75501713880345
inter_date,raw,226.03147168143684
inter_date,raw,147.6130922377822
inter_date,raw,179.081643724441
inter_date,raw,94.45507876637393
inter_date,raw,196.05854704411033
inter_date,raw,257.3435319808542
inter_date,raw,128.14244074094896
inter_date,raw,123.35579951428925
inter_date,raw,118.95557394014192
inter_date,raw,196.50314277142647
inter_date,raw,172.04742217246522
inter_date,raw,232.27578154098674
inter_date,raw,192.249431078482
inter_date,raw,69.23284986189721
inter_date,raw,260.5602137702531
inter_date,raw,259.8030876360751
inter_date,raw,256.1504103804935
inter_date,raw,228.6616730330768
inter_date,raw,239.36824713836887
inter_date,raw,193.39679018117377
inter_date,raw,210.97593873755005
inter_date,raw,96.79162694995392
inter_date,raw,255.10638537116796
inter_date,raw,254.20133740890543
inter_date,raw,251.0895661673245
inter_date,raw,215.19898045872844
inter_date,raw,228.58279733631582
inter_date,raw,167.0465878131008
inter_date,raw,2389.142261157259
inter_date,raw,2171.2220726333994
inter_date,raw,889.2590615627307
inter_date,raw,885.876661743286
inter_date,raw,853.8748069898214
inter_date,raw,560.5786670613552
inter_date,raw,470.80500020102346
inter_date,raw,1026.692941357509
inter_date,raw,2103.8909598957243
inter_date,raw,1068.6149907763343
inter_date,raw,1917.6224983377078
inter_date,raw,1859.0832610264047
inter_date,raw,1802.106328782543
inter_date,raw,1695.3812185436277
inter_date,raw,1799.3070834781822
inter_date,raw,1508.0417060553666
inter_date,raw,2109.838214924254
inter_date,raw,1044.1221299835709
inter_date,raw,1922.9617212128794
inter_date,raw,1862.6760686992147
inter_date,raw,1811.7521601700803
inter_date,raw,1712.4533248766088
inter_date,raw,1813.4330738664873
inter_date,raw,1531.1327180547148
inter_date,raw,2389.82911666195
inter_date,raw,1795.0027162898932
inter_date,raw,1669.7610406988522
inter_date,raw,1623.9674805784105
inter_date,raw,1598.1219800425868
inter_date,raw,1112.8201826569157
inter_date,raw,1355.708727298681
inter_date,raw,682.3676186369673
inter_date,raw,2411.4027146213743
inter_date,raw,1694.3726904043558
inter_date,raw,1790.17265685996
inter_date,raw,1717.0349330486913
inter_date,raw,1677.5375554663449
inter_date,raw,1278.162136205173
inter_date,raw,1471.3434949254793
inter_date,raw,909.853303684825
inter_date,raw,2099.911092930909
inter_date,raw,2250.5474459667853
inter_date,raw,1038.4321457989306
inter_date,raw,934.1386653655615
inter_date,raw,819.214945229941
inter_date,raw,1415.9759364758186
inter_date,raw,1241.2959661560324
inter_date,raw,1710.86496938022
inter_date,raw,2075.4054394491786
inter_date,raw,1104.3389196278297
inter_date,raw,1909.4689270405354
inter_date,raw,1845.2419593085501
inter_date,raw,1755.419904233335
inter_date,raw,1688.7903941980824
inter_date,raw,1747.731546755339
inter_date,raw,1570.6753002481205
inter_date,raw,2222.70809861904
inter_date,raw,1203.7970655388724
inter_date,raw,1897.2028792095357
inter_date,raw,1836.5193921324576
inter_date,raw,1750.3066342752904
inter_date,raw,1625.8619229687138
inter_date,raw,1721.9279330296083
inter_date,raw,1440.3149767126831
inter_date,raw,163.32774073272776
inter_date,raw,155.34255062832685
inter_date,raw,73.2922639327027
inter_date,raw,75.92288341594039
inter_date,raw,74.49558551957801
inter_date,raw,57.12439433877114
inter_date,raw,45.24394855615921
inter_date,raw,97.06123803337474
inter_date,raw,148.9967740941937
inter_date,raw,66.58931524472905
inter_date,raw,160.7036934340133
inter_date,raw,159.8095127241894
inter_date,raw,158.47863477002642
inter_date,raw,151.15707003454577
inter_date,raw,159.9586116483767
inter_date,raw,134.68322070872892
inter_date,raw,141.82259101225225
inter_date,raw,58.91889350543476
inter_date,raw,154.0490413565016
inter_date,raw,152.1278392151999
inter_date,raw,149.93891613396627
inter_date,raw,142.56997029028037
inter_date,raw,149.76396111087288
inter_date,raw,125.08783818543176
inter_date,raw,160.7480698617738
inter_date,raw,126.39009789235111
inter_date,raw,135.29098929978406
inter_date,raw,134.8751682553344
inter_date,raw,133.7127451452767
inter_date,raw,91.2233326982271
inter_date,raw,110.09143926754705
inter_date,raw,55.954488308845804
inter_date,raw,158.41293425126383
inter_date,raw,114.61438973066747
inter_date,raw,140.90862139462345
inter_date,raw,139.36602843215553
inter_date,raw,136.81653186971647
inter_date,raw,100.86975188448763
inter_date,raw,116.20050789783272
inter_date,raw,71.82971140465615
inter_date,raw,135.90717573648078
inter_date,raw,153.844652436584
inter_date,raw,76.07020175625996
inter_date,raw,72.97069087099612
inter_date,raw,69.19991312270902
inter_date,raw,124.50653788532745
inter_date,raw,109.50854772030138
inter_date,raw,145.4218002914281
inter_date,raw,131.25889425646008
inter_date,raw,46.094284197873016
inter_date,raw,148.49941878994807
inter_date,raw,146.0105131162691
inter_date,raw,142.91923501787727
inter_date,raw,139.3798659197573
inter_date,raw,141.94681683477023
inter_date,raw,128.01248544017662
inter_date,raw,142.58077806566186
inter_date,raw,61.70582331476002
inter_date,raw,147.5358915169942
inter_date,raw,145.13673253505598
inter_date,raw,142.33062197707474
inter_date,raw,134.40647748704745
inter_date,raw,140.9401996626668
inter_date,raw,116.508660009215
inter_date,raw,255.2998441375683
inter_date,raw,244.4621982414615
inter_date,raw,81.45365502337306
inter_date,raw,83.31434307431562
inter_date,raw,85.24295634914861
inter_date,raw,82.2841874238301
inter_date,raw,63.22137268587036
inter_date,raw,130.24195661116568
inter_date,raw,218.78367767968345
inter_date,raw,99.14284427747961
inter_date,raw,227.8210515901001
inter_date,raw,238.16302502297714
inter_date,raw,238.90017092222155
inter_date,raw,204.79267608625906
inter_date,raw,225.53215508257458
inter_date,raw,165.99790679259726
inter_date,raw,220.8897524515233
inter_date,raw,90.91623564997566
inter_date,raw,228.5216919473427
inter_date,raw,237.74475170713174
inter_date,raw,238.71490018729156
inter_date,raw,208.73214565790383
inter_date,raw,227.97645685673857
inter_date,raw,172.46923897570008
inter_date,raw,258.28360888575105
inter_date,raw,189.44503851789736
inter_date,raw,175.08316901241128
inter_date,raw,184.00234130886176
inter_date,raw,186.74351362484424
inter_date,raw,113.11309790058208
inter_date,raw,145.6763985525387
inter_date,raw,69.28369689011915
inter_date,raw,248.82640905908298
inter_date,raw,163.87459363939303
inter_date,raw,190.5921654001149
inter_date,raw,199.60802362439765
inter_date,raw,202.91730590492838
inter_date,raw,138.28276112303197
inter_date,raw,167.70279567905666
inter_date,raw,92.8954545507501
inter_date,raw,193.3530265011201
inter_date,raw,246.82350427360998
inter_date,raw,104.71520333515954
inter_date,raw,105.29672500899089
inter_date,raw,102.92078264374013
inter_date,raw,176.3159662097457
inter_date,raw,156.9594180945235
inter_date,raw,208.40141625626984
inter_date,raw,193.9522715282097
inter_date,raw,71.1813892711531
inter_date,raw,224.18717931462453
inter_date,raw,233.1454494414122
inter_date,raw,233.64947864065013
inter_date,raw,216.35112554320008
inter_date,raw,229.546508800245
inter_date,raw,189.77568996054262
inter_date,raw,214.18637578386858
inter_date,raw,91.05399693117737
inter_date,raw,218.96958366729515
inter_date,raw,228.4766288714804
inter_date,raw,229.5428881494698
inter_date,raw,202.51348793998648
inter_date,raw,221.58219613239947
inter_date,raw,167.96974376782435
inter_date,raw,477.5395832508846
inter_date,raw,476.93127125404555
inter_date,raw,281.8540365449228
inter_date,raw,324.2292784435113
inter_date,raw,382.2424884029458
inter_date,raw,385.10761482993297
inter_date,raw,375.41685164627336
inter_date,raw,417.27529774375915
inter_date,raw,424.8263650907162
inter_date,raw,208.1589794226656
inter_date,raw,475.71554657168815
inter_date,raw,497.47296528603056
inter_date,raw,516.5489866941584
inter_date,raw,493.0959531851981
inter_date,raw,502.80477016906065
inter_date,raw,451.03895110806855
inter_date,raw,409.65378093958225
inter_date,raw,188.5093309551091
inter_date,raw,456.81074315248304
inter_date,raw,467.43078173595467
inter_date,raw,485.0306829396024
inter_date,raw,469.1102552147193
inter_date,raw,474.1278930083859
inter_date,raw,425.575697270348
inter_date,raw,472.486550262091
inter_date,raw,371.76321949467734
inter_date,raw,377.31442537390234
inter_date,raw,398.5298522755377
inter_date,raw,435.1008674789702
inter_date,raw,369.68788516865976
inter_date,raw,390.7649111343155
inter_date,raw,322.867532360225
inter_date,raw,422.2419753107046
inter_date,raw,297.2105584790496
inter_date,raw,359.2527317886658
inter_date,raw,370.9096885008661
inter_date,raw,394.10372811216183
inter_date,raw,337.01921221906906
inter_date,raw,354.50504983306354
inter_date,raw,280.87368740024317
inter_date,raw,354.6622429123504
inter_date,raw,439.0855893352739
inter_date,raw,235.74068620192057
inter_date,raw,269.1839077479859
inter_date,raw,303.16670184428705
inter_date,raw,387.5179066523126
inter_date,raw,366.73735655162835
inter_date,raw,433.6884493861375
inter_date,raw,378.09908510172556
inter_date,raw,119.33086631195596
inter_date,raw,462.2577550921749
inter_date,raw,462.19931828317164
inter_date,raw,464.4398091351815
inter_date,raw,453.13753923536916
inter_date,raw,458.4128854121629
inter_date,raw,414.59664491670753
inter_date,raw,420.42867862400135
inter_date,raw,154.65804252947086
inter_date,raw,452.9751205324952
inter_date,raw,455.1697125929017
inter_date,raw,461.079835368381
inter_date,raw,440.03972358564783
inter_date,raw,448.71097455987876
inter_date,raw,388.5007641562626
inter_date,raw,256.9401217997613
inter_date,raw,244.9608447817538
inter_date,raw,119.15560429838911
inter_date,raw,126.22635917271796
inter_date,raw,130.4961001059309
inter_date,raw,112.85927420380446
inter_date,raw,64.28139866466593
inter_date,raw,166.28718255876888
inter_date,raw,221.12773390595075
inter_date,raw,92.27899112138662
inter_date,raw,253.76724665762222
inter_date,raw,243.56807618835282
inter_date,raw,229.05465985738198
inter_date,raw,228.51787598097692
inter_date,raw,247.66962381269894
inter_date,raw,213.3428801807305
inter_date,raw,212.10509173632818
inter_date,raw,84.9707495189346
inter_date,raw,237.89658617619068
inter_date,raw,224.6499393235957
inter_date,raw,214.42699459700674
inter_date,raw,219.39169146919463
inter_date,raw,238.65943495461718
inter_date,raw,210.7496257693113
inter_date,raw,231.7140935095498
inter_date,raw,198.53403585495647
inter_date,raw,214.29566941161323
inter_date,raw,204.36699598423186
inter_date,raw,201.00942068067596
inter_date,raw,143.89023180717936
inter_date,raw,179.03056984905174
inter_date,raw,75.91375902643611
inter_date,raw,228.1934779805443
inter_date,raw,171.19951028384565
inter_date,raw,207.3802795762964
inter_date,raw,196.01128945863832
inter_date,raw,187.8547556656218
inter_date,raw,162.1051980600722
inter_date,raw,195.76209823952863
inter_date,raw,124.05884980236482
inter_date,raw,205.00899370515432
inter_date,raw,224.84867265616245
inter_date,raw,109.27435845918596
inter_date,raw,106.24256976820723
inter_date,raw,118.14540325177197
inter_date,raw,198.49361645607027
inter_date,raw,189.94405504679278
inter_date,raw,243.07948374280102
inter_date,raw,189.8188006582418
inter_date,raw,73.4689459016853
inter_date,raw,213.33536782884048
inter_date,raw,202.78656237766936
inter_date,raw,190.02624740382828
inter_date,raw,206.63350348359475
inter_date,raw,226.7082737110572
inter_date,raw,218.59926098859967
inter_date,raw,205.1684448783719
inter_date,raw,90.16676844022071
inter_date,raw,214.1107648925134
inter_date,raw,202.13541547803095
inter_date,raw,188.98318535054406
inter_date,raw,202.1494688048802
inter_date,raw,227.07309173060386
inter_date,raw,204.392057319354
inter_date,raw,370.2823890209304
inter_date,raw,336.94624765609694
inter_date,raw,123.03628360501358
inter_date,raw,107.15249758216203
inter_date,raw,95.43955329596496
inter_date,raw,66.90520568400524
inter_date,raw,51.65886557849623
inter_date,raw,116.25695063706328
inter_date,raw,297.8764200253905
inter_date,raw,199.40386975635533
inter_date,raw,252.00633023039416
inter_date,raw,228.3187745184768
inter_date,raw,212.36954328873682
inter_date,raw,180.80236595718068
inter_date,raw,194.19414530677432
inter_date,raw,156.09683445281803
inter_date,raw,305.8721089341255
inter_date,raw,219.31980210468478
inter_date,raw,232.32723675986892
inter_date,raw,203.5711748118719
inter_date,raw,184.7255767090096
inter_date,raw,158.80220364010185
inter_date,raw,172.64729305036627
inter_date,raw,145.26639117415255
inter_date,raw,349.5576775590492
inter_date,raw,274.92567447965865
inter_date,raw,197.89546001674242
inter_date,raw,168.06467097802673
inter_date,raw,154.38136433767485
inter_date,raw,105.90229521097444
inter_date,raw,133.8625694509111
inter_date,raw,85.04645964188661
inter_date,raw,335.66012607710087
inter_date,raw,275.4168971975118
inter_date,raw,213.61614787031522
inter_date,raw,184.5005968502412
inter_date,raw,161.34307944784706
inter_date,raw,130.66870139329282
inter_date,raw,147.80013350564238
inter_date,raw,117.96533994598342
inter_date,raw,324.2318738737977
inter_date,raw,338.28046223651813
inter_date,raw,151.20741234350598
inter_date,raw,128.63026679484997
inter_date,raw,99.65069200294931
inter_date,raw,126.88104313546155
inter_date,raw,117.27293155792805
inter_date,raw,158.34414280144313
inter_date,raw,295.4941633860779
inter_date,raw,248.7242090003648
inter_date,raw,236.46156123242565
inter_date,raw,208.7013202436165
inter_date,raw,184.91596386054988
inter_date,raw,157.8523458654894
inter_date,raw,169.7736632289899
inter_date,raw,142.3304128729044
inter_date,raw,310.78298056989024
inter_date,raw,249.84439502656542
inter_date,raw,230.89967673057865
inter_date,raw,203.01269239584389
inter_date,raw,180.95981285646715
inter_date,raw,148.70606093742046
inter_date,raw,162.1199952416199
inter_date,raw,129.47930865218433
inter_date,raw,1313.4894467736367
inter_date,raw,1149.05113287111
inter_date,raw,518.2997974720073
inter_date,raw,546.2460362719872
inter_date,raw,570.2157251552132
inter_date,raw,485.0379403422258
inter_date,raw,431.8439371021721
inter_date,raw,639.7221483451494
inter_date,raw,904.4790224672618
inter_date,raw,362.9247573041631
inter_date,raw,1203.5492625484644
inter_date,raw,1142.648835647743
inter_date,raw,1089.684978642255
inter_date,raw,941.905247642094
inter_date,raw,986.1534248690476
inter_date,raw,808.1526571520412
inter_date,raw,987.4650551381793
inter_date,raw,380.0463004374473
inter_date,raw,1273.952616601276
inter_date,raw,1220.3002704252754
inter_date,raw,1173.2508789683475
inter_date,raw,992.1770525321721
inter_date,raw,1043.3908413996487
inter_date,raw,848.604566227067
inter_date,raw,1323.393547718462
inter_date,raw,879.7705379272268
inter_date,raw,994.3766734743932
inter_date,raw,964.0839949946072
inter_date,raw,938.8785737199865
inter_date,raw,720.7760491964464
inter_date,raw,781.5266091271682
inter_date,raw,551.0503566242511
inter_date,raw,1244.9104068690856
inter_date,raw,765.4003397304732
inter_date,raw,1095.4362919142568
inter_date,raw,1042.8400645821098
inter_date,raw,1011.4073947498911
inter_date,raw,818.4797254739452
inter_date,raw,867.8332264488215
inter_date,raw,638.6204066654336
inter_date,raw,1060.6706934484785
inter_date,raw,1331.9222944721305
inter_date,raw,499.6438314773168
inter_date,raw,546.3591383290978
inter_date,raw,580.4594662543508
inter_date,raw,881.8030458141675
inter_date,raw,786.793169181983
inter_date,raw,1006.5778466216727
inter_date,raw,847.2914961595482
inter_date,raw,381.1250790657276
inter_date,raw,1280.654542235188
inter_date,raw,1227.3306940024258
inter_date,raw,1178.1117780614634
inter_date,raw,1044.3226936119204
inter_date,raw,1084.953975049721
inter_date,raw,915.3858573613331
inter_date,raw,950.137425053921
inter_date,raw,379.6994209866787
inter_date,raw,1258.469456134637
inter_date,raw,1204.3158617823135
inter_date,raw,1153.509581951863
inter_date,raw,989.0297396402482
inter_date,raw,1034.4977775644152
inter_date,raw,850.4884818374057
inter_date,raw,942.8684727178219
inter_date,raw,840.7513310100901
inter_date,raw,420.1744393984593
inter_date,raw,392.98760090400526
inter_date,raw,402.8192057238582
inter_date,raw,275.97618675306376
inter_date,raw,288.8161591904508
inter_date,raw,419.8050957913457
inter_date,raw,641.3299066059081
inter_date,raw,222.79382017803772
inter_date,raw,875.0143451205053
inter_date,raw,820.5808020411954
inter_date,raw,827.5722670213503
inter_date,raw,744.5866172949671
inter_date,raw,776.1028980317838
inter_date,raw,617.1336656750495
inter_date,raw,663.386775111516
inter_date,raw,219.05563002949512
inter_date,raw,875.7535020932382
inter_date,raw,826.6235404817428
inter_date,raw,833.0195307977336
inter_date,raw,738.7908628212015
inter_date,raw,775.6392160356392
inter_date,raw,615.0447065632128
inter_date,raw,893.5327399936033
inter_date,raw,580.8572866892521
inter_date,raw,706.9040481800436
inter_date,raw,661.5715090654546
inter_date,raw,669.2063885500426
inter_date,raw,462.6653999613852
inter_date,raw,541.0446217624709
inter_date,raw,292.75624713760635
inter_date,raw,897.89933333176
inter_date,raw,500.2635495892331
inter_date,raw,796.1554589908634
inter_date,raw,754.343804834942
inter_date,raw,758.569608665201
inter_date,raw,566.8969511946677
inter_date,raw,651.5266755310724
inter_date,raw,414.9060457329036
inter_date,raw,739.426087576098
inter_date,raw,967.1204035692764
inter_date,raw,325.1434207355564
inter_date,raw,319.0169120572943
inter_date,raw,333.16660264655525
inter_date,raw,583.0667218109205
inter_date,raw,493.6830575475766
inter_date,raw,719.8247906030097
inter_date,raw,589.0226709093955
inter_date,raw,227.5039442358245
inter_date,raw,916.1622107621398
inter_date,raw,871.8887210901892
inter_date,raw,873.3058275612163
inter_date,raw,816.3019280864276
inter_date,raw,844.3989973150528
inter_date,raw,716.2045360789053
inter_date,raw,676.7698215560795
inter_date,raw,234.226125733639
inter_date,raw,904.7786989356122
inter_date,raw,860.6922713792106
inter_date,raw,863.0098061987698
inter_date,raw,772.9983935100043
inter_date,raw,813.4616012976361
inter_date,raw,654.819047614719
inter_date,raw,725.1791917306009
inter_date,raw,627.9900962689657
inter_date,raw,391.41113751582054
inter_date,raw,349.21102187304894
inter_date,raw,266.0329290618703
inter_date,raw,147.96738399454955
inter_date,raw,158.65442848710975
inter_date,raw,199.60088152300807
inter_date,raw,546.0532540421309
inter_date,raw,359.64530724563826
inter_date,raw,646.4565698685337
inter_date,raw,609.4982445578064
inter_date,raw,515.297143241968
inter_date,raw,387.46710689885845
inter_date,raw,400.0510532895711
inter_date,raw,312.245074592287
inter_date,raw,557.5241706803905
inter_date,raw,369.67120204182476
inter_date,raw,653.0173293569445
inter_date,raw,617.3471374318003
inter_date,raw,522.474560784223
inter_date,raw,398.67921822891526
inter_date,raw,408.79981857464986
inter_date,raw,326.64254117059056
inter_date,raw,684.5347405441923
inter_date,raw,490.04940834475826
inter_date,raw,561.2905980119983
inter_date,raw,496.77548344536984
inter_date,raw,423.75458980517527
inter_date,raw,266.7052892417468
inter_date,raw,289.36320684598184
inter_date,raw,192.7800027603634
inter_date,raw,653.2573179933805
inter_date,raw,481.6493828255056
inter_date,raw,591.8629624913589
inter_date,raw,535.4598157525121
inter_date,raw,435.5165173730635
inter_date,raw,302.98774138332965
inter_date,raw,312.3347991910512
inter_date,raw,218.4367042188652
inter_date,raw,607.9082781985954
inter_date,raw,664.8743078493071
inter_date,raw,428.42252001355143
inter_date,raw,388.02757864063517
inter_date,raw,251.13654747206843
inter_date,raw,282.3020113198595
inter_date,raw,236.73008037083278
inter_date,raw,311.2140135057882
inter_date,raw,542.5695465077441
inter_date,raw,438.1653885670287
inter_date,raw,626.6724848545766
inter_date,raw,590.7590229647667
inter_date,raw,482.7032263843953
inter_date,raw,376.22970598647134
inter_date,raw,374.1163915210905
inter_date,raw,310.4448061710349
inter_date,raw,569.1646343127627
inter_date,raw,435.9699008696423
inter_date,raw,616.7649495360372
inter_date,raw,578.9390555658892
inter_date,raw,473.83098158219127
inter_date,raw,355.6476298348449
inter_date,raw,358.3252317744181
inter_date,raw,286.1021868310758
inter_date,raw,2991.2272848519647
inter_date,raw,2721.6369278366806
inter_date,raw,1426.7449237270664
inter_date,raw,1326.833754658058
inter_date,raw,1112.6032576478335
inter_date,raw,575.4410872891127
inter_date,raw,358.89542846270496
inter_date,raw,1149.694601011607
inter_date,raw,2188.765546843156
inter_date,raw,1112.242331717457
inter_date,raw,2869.217028588611
inter_date,raw,2771.988664255665
inter_date,raw,2532.990011588977
inter_date,raw,2049.639720446243
inter_date,raw,2154.0237907394217
inter_date,raw,1668.0230135731113
inter_date,raw,2234.271314777083
inter_date,raw,966.6801266509541
inter_date,raw,2944.331856104038
inter_date,raw,2858.386282742248
inter_date,raw,2631.8611763328427
inter_date,raw,2114.263958523042
inter_date,raw,2234.9943775230226
inter_date,raw,1733.341977857336
inter_date,raw,2948.446480826406
inter_date,raw,2027.9602099388533
inter_date,raw,2376.418592939604
inter_date,raw,2302.6909533170306
inter_date,raw,2096.0912996830893
inter_date,raw,1297.1599368565599
inter_date,raw,1536.2739357467347
inter_date,raw,664.504591916844
inter_date,raw,2940.0460951601876
inter_date,raw,1840.6435965994017
inter_date,raw,2608.9131272154586
inter_date,raw,2520.220386125558
inter_date,raw,2340.080404092784
inter_date,raw,1641.1543025993858
inter_date,raw,1828.5541158964656
inter_date,raw,1070.3943587918116
inter_date,raw,2478.852350923421
inter_date,raw,3169.9902517876253
inter_date,raw,1181.1406519053237
inter_date,raw,1160.5739119330246
inter_date,raw,1058.7929567661558
inter_date,raw,1860.3987371823073
inter_date,raw,1626.5770163685984
inter_date,raw,2236.0577810731143
inter_date,raw,2110.1245082876485
inter_date,raw,592.9350660565824
inter_date,raw,3081.236945302201
inter_date,raw,2995.196990500752
inter_date,raw,2791.3034275056452
inter_date,raw,2352.6371515735877
inter_date,raw,2472.5374100400622
inter_date,raw,1974.1773972552046
inter_date,raw,2340.3844896776704
inter_date,raw,835.435500025215
inter_date,raw,3019.5385837787485
inter_date,raw,2935.0321599195304
inter_date,raw,2732.6862803014214
inter_date,raw,2184.786126410263
inter_date,raw,2324.8295713265275
inter_date,raw,1787.9203252062755
inter_date,raw,1548.146802093824
inter_date,raw,1377.0505554055949
inter_date,raw,518.3203886570728
inter_date,raw,496.09318171133555
inter_date,raw,459.7915951949369
inter_date,raw,305.6426168357261
inter_date,raw,234.57994055738178
inter_date,raw,569.1168165612901
inter_date,raw,1214.5580937506604
inter_date,raw,533.9135692270444
inter_date,raw,1303.076505606745
inter_date,raw,1251.9708778038919
inter_date,raw,1202.4002588325054
inter_date,raw,942.25056459951
inter_date,raw,974.5114244425498
inter_date,raw,734.1293505056241
inter_date,raw,1226.317914725293
inter_date,raw,595.222224907479
inter_date,raw,1256.021813556975
inter_date,raw,1202.2074717200537
inter_date,raw,1150.6820706340093
inter_date,raw,886.2450122433359
inter_date,raw,915.5061108414816
inter_date,raw,675.7522340660356
inter_date,raw,1522.3938890030431
inter_date,raw,1040.9813643350476
inter_date,raw,975.2305969676632
inter_date,raw,928.0986644491958
inter_date,raw,879.1300675072137
inter_date,raw,495.7979169024028
inter_date,raw,578.2409516925326
inter_date,raw,222.09050064374765
inter_date,raw,1476.9134577242983
inter_date,raw,932.6662951746256
inter_date,raw,1079.6334626578023
inter_date,raw,1036.5589291933557
inter_date,raw,984.898677408953
inter_date,raw,627.4881520414397
inter_date,raw,700.2714992194439
inter_date,raw,359.3541039473593
inter_date,raw,1225.6986467395025
inter_date,raw,1494.04458740918
inter_date,raw,517.8199594614587
inter_date,raw,498.32665676766493
inter_date,raw,497.0833637688092
inter_date,raw,798.7484527520597
inter_date,raw,693.7983005494018
inter_date,raw,939.6263180432547
inter_date,raw,1158.130609615587
inter_date,raw,465.1707475806727
inter_date,raw,1373.0434840988069
inter_date,raw,1316.0542255934522
inter_date,raw,1265.798916622
inter_date,raw,1015.3914482379502
inter_date,raw,1045.6057974356074
inter_date,raw,813.2881882108785
inter_date,raw,1264.4440424973907
inter_date,raw,547.561995022351
inter_date,raw,1325.9940633171707
inter_date,raw,1271.547828810376
inter_date,raw,1219.6887032100014
inter_date,raw,940.7995934310346
inter_date,raw,979.3653678834696
inter_date,raw,719.0448504953008
inter_date,raw,11163.744944240689
inter_date,raw,9981.468277050917
inter_date,raw,4278.994569266187
inter_date,raw,3903.1757981177207
inter_date,raw,3410.456949903173
inter_date,raw,1817.0042738667403
inter_date,raw,1510.7556539140714
inter_date,raw,3759.7920127537195
inter_date,raw,7786.804270305477
inter_date,raw,3585.527295684031
inter_date,raw,10242.442097059038
inter_date,raw,9784.650434329465
inter_date,raw,9124.137211575391
inter_date,raw,7320.27296809217
inter_date,raw,7895.911609456202
inter_date,raw,5969.433642599008
inter_date,raw,8138.960988097548
inter_date,raw,3150.340823634726
inter_date,raw,10734.070678884396
inter_date,raw,10296.065597604678
inter_date,raw,9652.265323487538
inter_date,raw,7737.325039659717
inter_date,raw,8365.875382568562
inter_date,raw,6210.346128495116
inter_date,raw,11188.464865881268
inter_date,raw,7087.385189399308
inter_date,raw,8270.65994282687
inter_date,raw,7881.371582178386
inter_date,raw,7316.330833964782
inter_date,raw,4268.506064807408
inter_date,raw,5302.883369147931
inter_date,raw,2150.0799140740705
inter_date,raw,10715.287757924145
inter_date,raw,6348.970913284931
inter_date,raw,8770.5991295221
inter_date,raw,8323.359777822381
inter_date,raw,7737.106568484328
inter_date,raw,4910.141291549174
inter_date,raw,5789.577489801537
inter_date,raw,2703.03292094754
inter_date,raw,8705.151335149616
inter_date,raw,11547.864105229899
inter_date,raw,3717.1980493104775
inter_date,raw,3584.589447335968
inter_date,raw,3232.4899064862857
inter_date,raw,6214.4228498825905
inter_date,raw,5300.3097768578355
inter_date,raw,7771.986759827919
inter_date,raw,7639.594529742338
inter_date,raw,2980.070446744426
inter_date,raw,11011.283134758161
inter_date,raw,10557.929510519909
inter_date,raw,9920.468489171408
inter_date,raw,8160.60777245015
inter_date,raw,8775.493187537884
inter_date,raw,6645.419851072151
inter_date,raw,8615.211258222836
inter_date,raw,3231.9788493642864
inter_date,raw,10715.907164937531
inter_date,raw,10261.595620495451
inter_date,raw,9621.981395466444
inter_date,raw,7455.85915512568
inter_date,raw,8176.604920642419
inter_date,raw,5780.7372978578815
inter_date,instance_normalized,1.4887683757613532
inter_date,instance_normalized,1.3494041748056924
inter_date,instance_normalized,1.421514972055685
inter_date,instance_normalized,1.41370685839252
inter_date,instance_normalized,1.4391080483142467
inter_date,instance_normalized,1.472064403676837
inter_date,instance_normalized,1.4483348149306088
inter_date,instance_normalized,1.5063610214456877
inter_date,instance_normalized,1.4393324709302218
inter_date,instance_normalized,1.4664821150689304
inter_date,instance_normalized,1.510219501102816
inter_date,instance_normalized,1.555437351767115
inter_date,instance_normalized,1.5282425494648755
inter_date,instance_normalized,1.5098313312248357
inter_date,instance_normalized,1.5186559507473327
inter_date,instance_normalized,1.508522839449362
inter_date,instance_normalized,1.3333511011954189
inter_date,instance_normalized,1.359748814260815
inter_date,instance_normalized,1.4160648677063716
inter_date,instance_normalized,1.3658454725969915
inter_date,instance_normalized,1.3462190790951865
inter_date,instance_normalized,1.3798690369219704
inter_date,instance_normalized,1.3446532579219432
inter_date,instance_normalized,1.329095433393161
inter_date,instance_normalized,1.3376207470253605
inter_date,instance_normalized,1.3825761331556679
inter_date,instance_normalized,1.3133611932655564
inter_date,instance_normalized,1.3005904532429737
inter_date,instance_normalized,1.356752913483608
inter_date,instance_normalized,1.3406053837304577
inter_date,instance_normalized,1.3488969394486618
inter_date,instance_normalized,1.289922003710684
inter_date,instance_normalized,1.5356934283653667
inter_date,instance_normalized,1.3859001437120382
inter_date,instance_normalized,1.3818371090494408
inter_date,instance_normalized,1.4357183688004116
inter_date,instance_normalized,1.4050391677285665
inter_date,instance_normalized,1.4542018771540834
inter_date,instance_normalized,1.4252366048825984
inter_date,instance_normalized,1.3695756421144865
inter_date,instance_normalized,1.42834166527767
inter_date,instance_normalized,1.3686983125447627
inter_date,instance_normalized,1.3161752807155567
inter_date,instance_normalized,1.3003236450454174
inter_date,instance_normalized,1.3269851420121301
inter_date,instance_normalized,1.4668618405835756
inter_date,instance_normalized,1.3666765988760667
inter_date,instance_normalized,1.5460918073343168
inter_date,instance_normalized,1.466403658261075
inter_date,instance_normalized,1.377212619840418
inter_date,instance_normalized,1.3920909582721914
inter_date,instance_normalized,1.3574584313451876
inter_date,instance_normalized,1.384506453713437
inter_date,instance_normalized,1.3748837458954635
inter_date,instance_normalized,1.342537290963489
inter_date,instance_normalized,1.4300503777055156
inter_date,instance_normalized,1.4940711658356676
inter_date,instance_normalized,1.374137787496904
inter_date,instance_normalized,1.3851087142108687
inter_date,instance_normalized,1.3441032154829815
inter_date,instance_normalized,1.3687869125485126
inter_date,instance_normalized,1.3907266278717654
inter_date,instance_normalized,1.3597095443853076
inter_date,instance_normalized,1.437114097105276
inter_date,instance_normalized,1.6662951188186383
inter_date,instance_normalized,1.5648361161168542
inter_date,instance_normalized,0.6871759491734857
inter_date,instance_normalized,1.0109755692616416
inter_date,instance_normalized,1.2571791734047015
inter_date,instance_normalized,1.1519073935368507
inter_date,instance_normalized,1.2167148033625095
inter_date,instance_normalized,0.9472680880710076
inter_date,instance_normalized,1.546141169954362
inter_date,instance_normalized,1.2342055254561475
inter_date,instance_normalized,1.6575236008361591
inter_date,instance_normalized,1.699306183159533
inter_date,instance_normalized,1.6230263703193828
inter_date,instance_normalized,1.4946218635904305
inter_date,instance_normalized,1.4544128370516238
inter_date,instance_normalized,1.3743903823491084
inter_date,instance_normalized,1.481421050273507
inter_date,instance_normalized,1.2402063686740148
inter_date,instance_normalized,1.6186145703595007
inter_date,instance_normalized,1.6411676678767229
inter_date,instance_normalized,1.5663015744206799
inter_date,instance_normalized,1.4336555620269922
inter_date,instance_normalized,1.3959784850991381
inter_date,instance_normalized,1.3895324996433833
inter_date,instance_normalized,1.613707646274747
inter_date,instance_normalized,1.3202473339234855
inter_date,instance_normalized,1.477041139107831
inter_date,instance_normalized,1.3684137846732527
inter_date,instance_normalized,1.4989947822081768
inter_date,instance_normalized,0.894223311522851
inter_date,instance_normalized,1.3680491484291033
inter_date,instance_normalized,1.2116546628958025
inter_date,instance_normalized,1.6942295693561518
inter_date,instance_normalized,1.2619205174484216
inter_date,instance_normalized,1.2844389922073696
inter_date,instance_normalized,1.4001788132334323
inter_date,instance_normalized,1.5573288474559728
inter_date,instance_normalized,1.3376847517816892
inter_date,instance_normalized,1.4641723741485304
inter_date,instance_normalized,0.6659685735820544
inter_date,instance_normalized,1.37574777880699
inter_date,instance_normalized,1.6033629855254474
inter_date,instance_normalized,0.8371391326542922
inter_date,instance_normalized,1.0770346915365907
inter_date,instance_normalized,1.3029729916143176
inter_date,instance_normalized,1.4429701598343863
inter_date,instance_normalized,1.4344474527345552
inter_date,instance_normalized,1.3632565425063623
inter_date,instance_normalized,1.5453734278285451
inter_date,instance_normalized,0.9421123832331567
inter_date,instance_normalized,1.612552178344337
inter_date,instance_normalized,1.7023783138443713
inter_date,instance_normalized,1.7306248565076363
inter_date,instance_normalized,1.5502954094018229
inter_date,instance_normalized,1.6077651309289487
inter_date,instance_normalized,1.1971855702015435
inter_date,instance_normalized,1.5769255900358374
inter_date,instance_normalized,1.0158829583737758
inter_date,instance_normalized,1.5484059642748198
inter_date,instance_normalized,1.6481414185660423
inter_date,instance_normalized,1.6875926152679095
inter_date,instance_normalized,1.5049708773297221
inter_date,instance_normalized,1.5560333954060186
inter_date,instance_normalized,1.1319428983867348
inter_date,instance_normalized,1.586418518628958
inter_date,instance_normalized,1.5531643884609792
inter_date,instance_normalized,1.0224340957978806
inter_date,instance_normalized,1.1156748506163052
inter_date,instance_normalized,1.1468166442934318
inter_date,instance_normalized,0.7109043266941629
inter_date,instance_normalized,0.7338085776547266
inter_date,instance_normalized,1.0310285344447767
inter_date,instance_normalized,1.5544967236364184
inter_date,instance_normalized,0.9067945749190031
inter_date,instance_normalized,1.5822669211847629
inter_date,instance_normalized,1.5959568394215002
inter_date,instance_normalized,1.5826687386400704
inter_date,instance_normalized,1.7061179287618646
inter_date,instance_normalized,1.665261124209738
inter_date,instance_normalized,1.6487130678690178
inter_date,instance_normalized,1.5183972291264813
inter_date,instance_normalized,0.9573093507442935
inter_date,instance_normalized,1.515977442377816
inter_date,instance_normalized,1.5106861853646951
inter_date,instance_normalized,1.5177292607613169
inter_date,instance_normalized,1.6583274425649892
inter_date,instance_normalized,1.6319107908088248
inter_date,instance_normalized,1.6304353835106573
inter_date,instance_normalized,1.4407496925885017
inter_date,instance_normalized,1.5246091498001937
inter_date,instance_normalized,1.5938382720050874
inter_date,instance_normalized,1.5797689953812886
inter_date,instance_normalized,1.5960350774332654
inter_date,instance_normalized,1.3411981212035946
inter_date,instance_normalized,1.5284113673198536
inter_date,instance_normalized,0.9636908867969205
inter_date,instance_normalized,1.4704549196852428
inter_date,instance_normalized,1.5097931157416986
inter_date,instance_normalized,1.5730920576895941
inter_date,instance_normalized,1.5532279875118387
inter_date,instance_normalized,1.565945445502386
inter_date,instance_normalized,1.5169780576406038
inter_date,instance_normalized,1.5872573684547835
inter_date,instance_normalized,1.217051217269283
inter_date,instance_normalized,1.5246157050017053
inter_date,instance_normalized,1.4330993455585874
inter_date,instance_normalized,1.0082471791469527
inter_date,instance_normalized,0.9148431203474675
inter_date,instance_normalized,0.8903714566874246
inter_date,instance_normalized,1.5010171899541533
inter_date,instance_normalized,1.36240598970654
inter_date,instance_normalized,1.6966082811212204
inter_date,instance_normalized,1.5800731143712072
inter_date,instance_normalized,0.7560985185571206
inter_date,instance_normalized,1.466382419700525
inter_date,instance_normalized,1.5049473723817157
inter_date,instance_normalized,1.520314825376556
inter_date,instance_normalized,1.5385223160428456
inter_date,instance_normalized,1.5173257704902836
inter_date,instance_normalized,1.5829017391881055
inter_date,instance_normalized,1.6199703598799715
inter_date,instance_normalized,0.886484427402895
inter_date,instance_normalized,1.4811309524323664
inter_date,instance_normalized,1.500705231542292
inter_date,instance_normalized,1.5068888174743227
inter_date,instance_normalized,1.5534590464065228
inter_date,instance_normalized,1.533659879057581
inter_date,instance_normalized,1.5707057533882054
inter_date,instance_normalized,1.6429579815100017
inter_date,instance_normalized,1.3911773271397851
inter_date,instance_normalized,1.1394642882677333
inter_date,instance_normalized,1.2140161977033583
inter_date,instance_normalized,1.1865152216215888
inter_date,instance_normalized,0.824729957838802
inter_date,instance_normalized,0.8814826879965137
inter_date,instance_normalized,1.073417240986522
inter_date,instance_normalized,1.5308833466204772
inter_date,instance_normalized,1.0339506587399248
inter_date,instance_normalized,1.5594610161233566
inter_date,instance_normalized,1.6266591070951548
inter_date,instance_normalized,1.574119420759697
inter_date,instance_normalized,1.7395277455091636
inter_date,instance_normalized,1.723385829201005
inter_date,instance_normalized,1.6932159637402084
inter_date,instance_normalized,1.6036625044166328
inter_date,instance_normalized,1.1278007623663897
inter_date,instance_normalized,1.5038591680977205
inter_date,instance_normalized,1.62400875494632
inter_date,instance_normalized,1.540067080075069
inter_date,instance_normalized,1.6998913515344252
inter_date,instance_normalized,1.6762729643185938
inter_date,instance_normalized,1.7058899313894154
inter_date,instance_normalized,1.5118688542748921
inter_date,instance_normalized,1.4562351526989508
inter_date,instance_normalized,1.6660319332454598
inter_date,instance_normalized,1.724020239091605
inter_date,instance_normalized,1.6638971095197328
inter_date,instance_normalized,1.419630824091291
inter_date,instance_normalized,1.580199374905087
inter_date,instance_normalized,1.0706883823894982
inter_date,instance_normalized,1.5816429499960467
inter_date,instance_normalized,1.4408013804742765
inter_date,instance_normalized,1.546179803988988
inter_date,instance_normalized,1.606028331334429
inter_date,instance_normalized,1.5599290538350212
inter_date,instance_normalized,1.5395774215751945
inter_date,instance_normalized,1.588025717552171
inter_date,instance_normalized,1.2259269307354315
inter_date,instance_normalized,1.610000479893265
inter_date,instance_normalized,1.4376715009604262
inter_date,instance_normalized,1.0483145995901455
inter_date,instance_normalized,0.9789196570758506
inter_date,instance_normalized,0.9873335228716341
inter_date,instance_normalized,1.4447662607328131
inter_date,instance_normalized,1.3074013658466879
inter_date,instance_normalized,1.6646088306402607
inter_date,instance_normalized,1.4485939203048892
inter_date,instance_normalized,0.929704527387467
inter_date,instance_normalized,1.397602841526621
inter_date,instance_normalized,1.4003549850584067
inter_date,instance_normalized,1.424428314220325
inter_date,instance_normalized,1.5514605108264317
inter_date,instance_normalized,1.5220199678303516
inter_date,instance_normalized,1.680015978134387
inter_date,instance_normalized,1.5105937446978535
inter_date,instance_normalized,0.9359290987992264
inter_date,instance_normalized,1.4450095790730435
inter_date,instance_normalized,1.4281249586910851
inter_date,instance_normalized,1.4343939782872361
inter_date,instance_normalized,1.6049316587761704
inter_date,instance_normalized,1.574364031422545
inter_date,instance_normalized,1.6746890033099584
inter_date,instance_normalized,1.4010487666540836
inter_date,instance_normalized,1.5242254556599995
inter_date,instance_normalized,1.107174066630944
inter_date,instance_normalized,1.1843587310764645
inter_date,instance_normalized,1.155445293315865
inter_date,instance_normalized,0.8191190940556384
inter_date,instance_normalized,0.6455379356945993
inter_date,instance_normalized,1.4831869703543359
inter_date,instance_normalized,1.7839673890250918
inter_date,instance_normalized,0.9867108544207431
inter_date,instance_normalized,1.3197670400416068
inter_date,instance_normalized,1.3430315751757678
inter_date,instance_normalized,1.319048039908049
inter_date,instance_normalized,1.5586657118214722
inter_date,instance_normalized,1.5678833027722239
inter_date,instance_normalized,1.5697555524241078
inter_date,instance_normalized,1.7297804329589737
inter_date,instance_normalized,0.9789978746741996
inter_date,instance_normalized,1.3186949591221915
inter_date,instance_normalized,1.354413772002649
inter_date,instance_normalized,1.339001946078038
inter_date,instance_normalized,1.6278465038743586
inter_date,instance_normalized,1.6179951464131184
inter_date,instance_normalized,1.6368490486253064
inter_date,instance_normalized,1.2820440623622102
inter_date,instance_normalized,1.7284367106102172
inter_date,instance_normalized,1.6427392945514872
inter_date,instance_normalized,1.6640336129000743
inter_date,instance_normalized,1.651297661893101
inter_date,instance_normalized,1.4439315196088947
inter_date,instance_normalized,1.5750092785169325
inter_date,instance_normalized,0.8885173303748378
inter_date,instance_normalized,1.483685620361513
inter_date,instance_normalized,1.6900717857163956
inter_date,instance_normalized,1.6301498141467963
inter_date,instance_normalized,1.6576395938932345
inter_date,instance_normalized,1.646368252967208
inter_date,instance_normalized,1.5947279955448732
inter_date,instance_normalized,1.658005808966452
inter_date,instance_normalized,1.2250219048911988
inter_date,instance_normalized,1.6892853270285484
inter_date,instance_normalized,1.2374045915390879
inter_date,instance_normalized,1.2312885489138685
inter_date,instance_normalized,1.1513066778126226
inter_date,instance_normalized,1.067548764870367
inter_date,instance_normalized,1.6825154165531255
inter_date,instance_normalized,1.5799330887327525
inter_date,instance_normalized,1.7325109520503224
inter_date,instance_normalized,1.728507648897683
inter_date,instance_normalized,0.6238538976406862
inter_date,instance_normalized,1.2376440598763456
inter_date,instance_normalized,1.2628460057432243
inter_date,instance_normalized,1.2300763422120529
inter_date,instance_normalized,1.5972670048011055
inter_date,instance_normalized,1.5430063112004602
inter_date,instance_normalized,1.6501454325613698
inter_date,instance_normalized,1.7238396071773894
inter_date,instance_normalized,0.9217055960424915
inter_date,instance_normalized,1.351209003663475
inter_date,instance_normalized,1.3905983634922954
inter_date,instance_normalized,1.3711381704618213
inter_date,instance_normalized,1.6216338035706477
inter_date,instance_normalized,1.6192700492512873
inter_date,instance_normalized,1.6315830039139354
inter_date,instance_normalized,1.6615002406843158
inter_date,instance_normalized,1.3283836014908972
inter_date,instance_normalized,0.9485195801284898
inter_date,instance_normalized,1.3795880611653217
inter_date,instance_normalized,1.5478768641142011
inter_date,instance_normalized,1.4822599055456196
inter_date,instance_normalized,1.475111425555076
inter_date,instance_normalized,1.0056833773420943
inter_date,instance_normalized,1.5029197398137069
inter_date,instance_normalized,1.5550827832520628
inter_date,instance_normalized,1.5795193595972303
inter_date,instance_normalized,1.5832443189357093
inter_date,instance_normalized,1.2138358930336697
inter_date,instance_normalized,1.6234868964520341
inter_date,instance_normalized,1.3168389267980893
inter_date,instance_normalized,1.5504865020375482
inter_date,instance_normalized,1.59079697729722
inter_date,instance_normalized,1.5130646797082317
inter_date,instance_normalized,1.639459774145403
inter_date,instance_normalized,1.6641757477124115
inter_date,instance_normalized,1.0882179673484065
inter_date,instance_normalized,1.5765979191000519
inter_date,instance_normalized,1.2016136325601727
inter_date,instance_normalized,1.5932832427571773
inter_date,instance_normalized,1.1476632932862723
inter_date,instance_normalized,1.2979841596850012
inter_date,instance_normalized,1.6044927274996892
inter_date,instance_normalized,1.1513499230526838
inter_date,instance_normalized,1.6221363615471704
inter_date,instance_normalized,0.6778110400047114
inter_date,instance_normalized,1.5971648166001284
inter_date,instance_normalized,1.5287342886019668
inter_date,instance_normalized,1.6013885068693932
inter_date,instance_normalized,1.245785031220582
inter_date,instance_normalized,0.9035172474786144
inter_date,instance_normalized,1.4426523540686682
inter_date,instance_normalized,1.606835257207218
inter_date,instance_normalized,1.592412104004769
inter_date,instance_normalized,1.6717766895108852
inter_date,instance_normalized,0.6254085462704211
inter_date,instance_normalized,1.5012565894844982
inter_date,instance_normalized,1.119144102728742
inter_date,instance_normalized,0.6080024608459612
inter_date,instance_normalized,1.1450451707072464
inter_date,instance_normalized,1.4962987631705182
inter_date,instance_normalized,1.6317126501272132
inter_date,instance_normalized,1.6305514627924058
inter_date,instance_normalized,1.0775653060192407
inter_date,instance_normalized,1.6970067647442644
inter_date,instance_normalized,1.3208846802073027
inter_date,instance_normalized,1.09693927712833
inter_date,instance_normalized,1.55686812219885
inter_date,instance_normalized,1.5323127979768763
inter_date,instance_normalized,1.65588578860307
inter_date,instance_normalized,1.6060154855402156
inter_date,instance_normalized,0.9648016955954313
inter_date,instance_normalized,1.6978817454903543
inter_date,instance_normalized,1.3060003152226036
inter_date,instance_normalized,1.0717916629250885
inter_date,instance_normalized,1.5395751328913636
inter_date,instance_normalized,1.5267917203875543
inter_date,instance_normalized,1.6545816013332346
inter_date,instance_normalized,1.608668630518109
inter_date,instance_normalized,0.9317413026940935
inter_date,instance_normalized,1.4969395937654988
inter_date,instance_normalized,1.6105667189295425
inter_date,instance_normalized,0.8795007328275973
inter_date,instance_normalized,0.9885251290178797
inter_date,instance_normalized,1.0219729599358698
inter_date,instance_normalized,0.6806388782506851
inter_date,instance_normalized,0.5198197821157564
inter_date,instance_normalized,1.1812438490479906
inter_date,instance_normalized,1.609562283252688
inter_date,instance_normalized,1.1053419276759446
inter_date,instance_normalized,1.555821233561866
inter_date,instance_normalized,1.5998540572741404
inter_date,instance_normalized,1.6067218218142982
inter_date,instance_normalized,1.6044050394614133
inter_date,instance_normalized,1.6100834015564103
inter_date,instance_normalized,1.5111356550877435
inter_date,instance_normalized,1.4786203451909907
inter_date,instance_normalized,0.9732723305006761
inter_date,instance_normalized,1.5236413399609663
inter_date,instance_normalized,1.5699790095398065
inter_date,instance_normalized,1.6130842297870864
inter_date,instance_normalized,1.614899727538919
inter_date,instance_normalized,1.6126770219721838
inter_date,instance_normalized,1.6144266239180622
inter_date,instance_normalized,1.3725269277799421
inter_date,instance_normalized,1.5093543319674094
inter_date,instance_normalized,1.638678512999599
inter_date,instance_normalized,1.634418178951685
inter_date,instance_normalized,1.6648637253471632
inter_date,instance_normalized,1.3076000209135588
inter_date,instance_normalized,1.4919810129340907
inter_date,instance_normalized,0.8923804283763903
inter_date,instance_normalized,1.51208103776988
inter_date,instance_normalized,1.4838418060585827
inter_date,instance_normalized,1.578201292916336
inter_date,instance_normalized,1.597368842429644
inter_date,instance_normalized,1.5795927154104468
inter_date,instance_normalized,1.4861621182942633
inter_date,instance_normalized,1.5543281450712931
inter_date,instance_normalized,1.121049829956241
inter_date,instance_normalized,1.4851213740202098
inter_date,instance_normalized,1.3997810245510311
inter_date,instance_normalized,0.9023632847945874
inter_date,instance_normalized,0.8625083222244878
inter_date,instance_normalized,0.8428646460398769
inter_date,instance_normalized,1.459345837173396
inter_date,instance_normalized,1.262306866196708
inter_date,instance_normalized,1.710757767666784
inter_date,instance_normalized,1.5815668651396961
inter_date,instance_normalized,0.9267264551097394
inter_date,instance_normalized,1.4944987794500528
inter_date,instance_normalized,1.5474133401700771
inter_date,instance_normalized,1.5928854729748236
inter_date,instance_normalized,1.5562902245504195
inter_date,instance_normalized,1.549480226006327
inter_date,instance_normalized,1.5990000258890407
inter_date,instance_normalized,1.6140722782403847
inter_date,instance_normalized,1.0372963152129917
inter_date,instance_normalized,1.4997115555284595
inter_date,instance_normalized,1.5402999108680369
inter_date,instance_normalized,1.5738928526634255
inter_date,instance_normalized,1.5615123432551863
inter_date,instance_normalized,1.5653607290267753
inter_date,instance_normalized,1.5641689502876213
inter_date,instance_normalized,1.5647877526130631
inter_date,instance_normalized,1.5396103545511963
inter_date,instance_normalized,1.0041491102568327
inter_date,instance_normalized,1.116094695197121
inter_date,instance_normalized,1.1709562241214149
inter_date,instance_normalized,0.6891859685011215
inter_date,instance_normalized,0.6854573240410791
inter_date,instance_normalized,1.2619455208750738
inter_date,instance_normalized,1.7053736618862334
inter_date,instance_normalized,0.998169039108231
inter_date,instance_normalized,1.514866443709306
inter_date,instance_normalized,1.5554701843987775
inter_date,instance_normalized,1.499259607335438
inter_date,instance_normalized,1.5525486901427503
inter_date,instance_normalized,1.512185691348869
inter_date,instance_normalized,1.5615886512910908
inter_date,instance_normalized,1.7607692700733784
inter_date,instance_normalized,1.0160630794963215
inter_date,instance_normalized,1.444449887298251
inter_date,instance_normalized,1.4927490337462757
inter_date,instance_normalized,1.4324393774391988
inter_date,instance_normalized,1.502591989172155
inter_date,instance_normalized,1.5257020820240235
inter_date,instance_normalized,1.6368638356245762
inter_date,instance_normalized,1.4164257662835524
inter_date,instance_normalized,1.6976536390579102
inter_date,instance_normalized,1.6228349528252843
inter_date,instance_normalized,1.6370019239245908
inter_date,instance_normalized,1.563398894628133
inter_date,instance_normalized,1.3890851442298766
inter_date,instance_normalized,1.535703116098423
inter_date,instance_normalized,1.1085600769001491
inter_date,instance_normalized,1.6152821332094383
inter_date,instance_normalized,1.5699498342026834
inter_date,instance_normalized,1.5391309632526164
inter_date,instance_normalized,1.5478706957055715
inter_date,instance_normalized,1.4406613405139594
inter_date,instance_normalized,1.4501051134493521
inter_date,instance_normalized,1.4774966895924542
inter_date,instance_normalized,1.36071977832991
inter_date,instance_normalized,1.6008918955448863
inter_date,instance_normalized,1.2006928448582446
inter_date,instance_normalized,1.013536150784919
inter_date,instance_normalized,0.9563673451497705
inter_date,instance_normalized,0.9456053198981362
inter_date,instance_normalized,1.491339166018462
inter_date,instance_normalized,1.375103987655639
inter_date,instance_normalized,1.808891440984565
inter_date,instance_normalized,1.6565804279204086
inter_date,instance_normalized,0.8304148911636037
inter_date,instance_normalized,1.283149981640998
inter_date,instance_normalized,1.3786508775416455
inter_date,instance_normalized,1.3795933749997291
inter_date,instance_normalized,1.339258592820712
inter_date,instance_normalized,1.3268683905567364
inter_date,instance_normalized,1.4290282335854652
inter_date,instance_normalized,1.7557871631134268
inter_date,instance_normalized,0.901224751171737
inter_date,instance_normalized,1.3189166465124211
inter_date,instance_normalized,1.3881698043009614
inter_date,instance_normalized,1.3547243366065378
inter_date,instance_normalized,1.3576378643193048
inter_date,instance_normalized,1.361029198378586
inter_date,instance_normalized,1.4821574566595954
inter_date,instance_normalized,1.4041476378106499
inter_date,instance_normalized,1.5273930310124255
inter_date,instance_normalized,0.8857093520355228
inter_date,instance_normalized,1.0602499432499757
inter_date,instance_normalized,1.0823997327544397
inter_date,instance_normalized,0.6555377440759395
inter_date,instance_normalized,0.5062862429294198
inter_date,instance_normalized,1.270924167235156
inter_date,instance_normalized,1.7208369255708056
inter_date,instance_normalized,0.9378671487404125
inter_date,instance_normalized,1.4098883924524084
inter_date,instance_normalized,1.4252075221154266
inter_date,instance_normalized,1.4078396386102423
inter_date,instance_normalized,1.7070444827812723
inter_date,instance_normalized,1.600269876915518
inter_date,instance_normalized,1.6477239657281255
inter_date,instance_normalized,1.7025130059660982
inter_date,instance_normalized,0.9480247290408701
inter_date,instance_normalized,1.3241811675080297
inter_date,instance_normalized,1.327019890759518
inter_date,instance_normalized,1.3129147916777855
inter_date,instance_normalized,1.6827782464942354
inter_date,instance_normalized,1.572853879501737
inter_date,instance_normalized,1.687169404955059
inter_date,instance_normalized,1.3179087634257722
inter_date,instance_normalized,1.745547529919387
inter_date,instance_normalized,1.685317322685476
inter_date,instance_normalized,1.720642834484952
inter_date,instance_normalized,1.7257096277562818
inter_date,instance_normalized,1.4184289226485247
inter_date,instance_normalized,1.5727835999870572
inter_date,instance_normalized,0.8962000179838765
inter_date,instance_normalized,1.5473581962911973
inter_date,instance_normalized,1.5839325519323841
inter_date,instance_normalized,1.6197348284471045
inter_date,instance_normalized,1.6460201357144144
inter_date,instance_normalized,1.6159336579563748
inter_date,instance_normalized,1.6532918641579042
inter_date,instance_normalized,1.7199389436211574
inter_date,instance_normalized,1.2795535789857577
inter_date,instance_normalized,1.7041997454890159
inter_date,instance_normalized,1.0143432714734277
inter_date,instance_normalized,0.9468118254699482
inter_date,instance_normalized,0.905174047123573
inter_date,instance_normalized,0.851661081417289
inter_date,instance_normalized,1.6360782737418187
inter_date,instance_normalized,1.4115177700638915
inter_date,instance_normalized,1.8503898197542878
inter_date,instance_normalized,1.7423358861962697
inter_date,instance_normalized,0.7946127259438892
inter_date,instance_normalized,1.0804833842470336
inter_date,instance_normalized,1.1824419833668667
inter_date,instance_normalized,1.1814237530946023
inter_date,instance_normalized,1.4805598132072555
inter_date,instance_normalized,1.2647271803248168
inter_date,instance_normalized,1.689558374476963
inter_date,instance_normalized,1.8019906021396996
inter_date,instance_normalized,0.8481984809953388
inter_date,instance_normalized,1.166676509317842
inter_date,instance_normalized,1.196622333305222
inter_date,instance_normalized,1.1721650290552783
inter_date,instance_normalized,1.6326290671106471
inter_date,instance_normalized,1.4447126680879647
inter_date,instance_normalized,1.7124871236825152
inter_date,instance_normalized,1.423650360101194
inter_date,instance_normalized,1.6645523135020512
inter_date,instance_normalized,0.9564027720085395
inter_date,instance_normalized,1.0693864614633102
inter_date,instance_normalized,1.0843010943286988
inter_date,instance_normalized,0.6589432602456219
inter_date,instance_normalized,0.7111470276716425
inter_date,instance_normalized,1.1403662916489947
inter_date,instance_normalized,1.7778886590012075
inter_date,instance_normalized,0.9845643698811049
inter_date,instance_normalized,1.3960663396439843
inter_date,instance_normalized,1.4870481977476864
inter_date,instance_normalized,1.5125062553527207
inter_date,instance_normalized,1.5714575968628426
inter_date,instance_normalized,1.54234735799289
inter_date,instance_normalized,1.553152816863835
inter_date,instance_normalized,1.7040694085549715
inter_date,instance_normalized,1.0528665220991316
inter_date,instance_normalized,1.4084699870093162
inter_date,instance_normalized,1.5149412403217537
inter_date,instance_normalized,1.5218033116388288
inter_date,instance_normalized,1.5993395958646945
inter_date,instance_normalized,1.6133641773994176
inter_date,instance_normalized,1.7076488636969889
inter_date,instance_normalized,1.5457121192795569
inter_date,instance_normalized,1.667328597701742
inter_date,instance_normalized,1.569611305892229
inter_date,instance_normalized,1.662196816837376
inter_date,instance_normalized,1.6821312156645303
inter_date,instance_normalized,1.3943752997964023
inter_date,instance_normalized,1.6042608277076074
inter_date,instance_normalized,1.1674193132900659
inter_date,instance_normalized,1.676464781327076
inter_date,instance_normalized,1.5606818391914323
inter_date,instance_normalized,1.4034778752953436
inter_date,instance_normalized,1.4587917005462636
inter_date,instance_normalized,1.417570411729461
inter_date,instance_normalized,1.4041199540798044
inter_date,instance_normalized,1.4641303460908737
inter_date,instance_normalized,1.2046835287197815
inter_date,instance_normalized,1.3799752354973656
inter_date,instance_normalized,1.26824745066651
inter_date,instance_normalized,1.1217528283811793
inter_date,instance_normalized,1.0639817460426864
inter_date,instance_normalized,1.016317943638735
inter_date,instance_normalized,1.5252910982534507
inter_date,instance_normalized,1.371925950044752
inter_date,instance_normalized,1.8297427594425126
inter_date,instance_normalized,1.7006145896397447
inter_date,instance_normalized,0.9726592849598454
inter_date,instance_normalized,1.3330485745522254
inter_date,instance_normalized,1.4501695704963042
inter_date,instance_normalized,1.4819131384447692
inter_date,instance_normalized,1.3842762765872847
inter_date,instance_normalized,1.3687157582489622
inter_date,instance_normalized,1.426006510919676
inter_date,instance_normalized,1.7512010884282245
inter_date,instance_normalized,1.0880470843266135
inter_date,instance_normalized,1.2941779032276186
inter_date,instance_normalized,1.3976031226572283
inter_date,instance_normalized,1.4188492524100538
inter_date,instance_normalized,1.3912018377305388
inter_date,instance_normalized,1.375006469682533
inter_date,instance_normalized,1.4363669561660641
inter_date,instance_normalized,1.7086379573422186
inter_date,instance_normalized,1.580006611209957
inter_date,instance_normalized,0.9309427764250403
inter_date,instance_normalized,1.19752445389154
inter_date,instance_normalized,1.1769071520587704
inter_date,instance_normalized,0.6824576774610859
inter_date,instance_normalized,0.7809601153544481
inter_date,instance_normalized,1.119141556043623
inter_date,instance_normalized,1.6082431045073102
inter_date,instance_normalized,0.9585973985134622
inter_date,instance_normalized,1.6226830197105973
inter_date,instance_normalized,1.6471302049454197
inter_date,instance_normalized,1.6524404761055025
inter_date,instance_normalized,1.6548535671341698
inter_date,instance_normalized,1.6374263925743255
inter_date,instance_normalized,1.6201473075704254
inter_date,instance_normalized,1.6203582490935062
inter_date,instance_normalized,0.9764689311493311
inter_date,instance_normalized,1.551256169228449
inter_date,instance_normalized,1.6554304160614786
inter_date,instance_normalized,1.6050865863406154
inter_date,instance_normalized,1.5914362332575485
inter_date,instance_normalized,1.6322357610939973
inter_date,instance_normalized,1.6639390351580952
inter_date,instance_normalized,1.488738532435842
inter_date,instance_normalized,1.5751844767035863
inter_date,instance_normalized,1.6024764574329398
inter_date,instance_normalized,1.6888065764552764
inter_date,instance_normalized,1.6456311825562928
inter_date,instance_normalized,1.2955387172809947
inter_date,instance_normalized,1.5413201397445695
inter_date,instance_normalized,1.0398804082708746
inter_date,instance_normalized,1.6170319021531196
inter_date,instance_normalized,1.4291431598511344
inter_date,instance_normalized,1.5163205798704735
inter_date,instance_normalized,1.5943254456427387
inter_date,instance_normalized,1.5426941489472776
inter_date,instance_normalized,1.4948181965777103
inter_date,instance_normalized,1.5679444261274833
inter_date,instance_normalized,1.17255312595749
inter_date,instance_normalized,1.5375886684552695
inter_date,instance_normalized,1.4972968274955416
inter_date,instance_normalized,0.8305733667829487
inter_date,instance_normalized,0.8212193743914922
inter_date,instance_normalized,0.7631782125416744
inter_date,instance_normalized,1.3806277178044557
inter_date,instance_normalized,1.1234585242941757
inter_date,instance_normalized,1.6594567532317839
inter_date,instance_normalized,1.573776394309585
inter_date,instance_normalized,0.7131585727360982
inter_date,instance_normalized,1.4980933104424443
inter_date,instance_normalized,1.5991476302024448
inter_date,instance_normalized,1.5672841877190022
inter_date,instance_normalized,1.5248762657013195
inter_date,instance_normalized,1.5225497670665786
inter_date,instance_normalized,1.5658392559751855
inter_date,instance_normalized,1.6743451665099038
inter_date,instance_normalized,0.7808582346706614
inter_date,instance_normalized,1.477485203774193
inter_date,instance_normalized,1.5858108032458558
inter_date,instance_normalized,1.5506316104639095
inter_date,instance_normalized,1.533522058701672
inter_date,instance_normalized,1.537365447704644
inter_date,instance_normalized,1.549570244021614
inter_date,instance_normalized,1.7399035985435127
inter_date,instance_normalized,1.599076646579683
inter_date,instance_normalized,0.8632172096186693
inter_date,instance_normalized,0.917925005036602
inter_date,instance_normalized,0.9595802914287161
inter_date,instance_normalized,0.601806294681034
inter_date,instance_normalized,0.4656968800716047
inter_date,instance_normalized,1.176212199200514
inter_date,instance_normalized,1.4414006170798057
inter_date,instance_normalized,0.8896872138516824
inter_date,instance_normalized,1.6746164621565693
inter_date,instance_normalized,1.6756196761072193
inter_date,instance_normalized,1.6704967422639525
inter_date,instance_normalized,1.5834749591686854
inter_date,instance_normalized,1.585927026212604
inter_date,instance_normalized,1.4788539036911819
inter_date,instance_normalized,1.4520240712884582
inter_date,instance_normalized,0.8242181826477035
inter_date,instance_normalized,1.6374651918725651
inter_date,instance_normalized,1.6285751535574056
inter_date,instance_normalized,1.620991993155832
inter_date,instance_normalized,1.5455586417131213
inter_date,instance_normalized,1.5355730324410701
inter_date,instance_normalized,1.490487027360361
inter_date,instance_normalized,1.5894803304386411
inter_date,instance_normalized,1.3305642796026516
inter_date,instance_normalized,1.5906236605822186
inter_date,instance_normalized,1.564290293898713
inter_date,instance_normalized,1.547701242764616
inter_date,instance_normalized,1.2037229020373454
inter_date,instance_normalized,1.364179412175014
inter_date,instance_normalized,0.7721191111079811
inter_date,instance_normalized,1.6554398488044468
inter_date,instance_normalized,1.2700242447596797
inter_date,instance_normalized,1.54944658014795
inter_date,instance_normalized,1.5171022750442429
inter_date,instance_normalized,1.4972233996443038
inter_date,instance_normalized,1.3317747121361494
inter_date,instance_normalized,1.4234033156515586
inter_date,instance_normalized,1.0437472670112287
inter_date,instance_normalized,1.518779136280088
inter_date,instance_normalized,1.590302389722051
inter_date,instance_normalized,0.8882455721139669
inter_date,instance_normalized,0.8533532969926167
inter_date,instance_normalized,0.8329134550226559
inter_date,instance_normalized,1.368808438944027
inter_date,instance_normalized,1.2040455627728912
inter_date,instance_normalized,1.6815524054997293
inter_date,instance_normalized,1.412396204425338
inter_date,instance_normalized,0.6589091577463264
inter_date,instance_normalized,1.6004161795190095
inter_date,instance_normalized,1.6385286930570007
inter_date,instance_normalized,1.6544928750952432
inter_date,instance_normalized,1.489305200283256
inter_date,instance_normalized,1.4792837371620722
inter_date,instance_normalized,1.4673104299909847
inter_date,instance_normalized,1.5298659465936675
inter_date,instance_normalized,0.8204474366257729
inter_date,instance_normalized,1.5757211394952826
inter_date,instance_normalized,1.5753037699562678
inter_date,instance_normalized,1.5769689879662137
inter_date,instance_normalized,1.4782603588897685
inter_date,instance_normalized,1.4625091176452152
inter_date,instance_normalized,1.440643877414663
inter_date,instance_normalized,1.6650933614617889
inter_date,instance_normalized,1.5781288232749933
inter_date,instance_normalized,0.7208221717841731
inter_date,instance_normalized,0.9727054465594323
inter_date,instance_normalized,1.1301829664425458
inter_date,instance_normalized,1.0723815054494694
inter_date,instance_normalized,1.054756786841964
inter_date,instance_normalized,1.0159323076711477
inter_date,instance_normalized,1.5557063533947022
inter_date,instance_normalized,1.2367116982162103
inter_date,instance_normalized,1.7039417574079874
inter_date,instance_normalized,1.667019363167418
inter_date,instance_normalized,1.649816008026719
inter_date,instance_normalized,1.5521105690355488
inter_date,instance_normalized,1.554455866108436
inter_date,instance_normalized,1.4577390166700148
inter_date,instance_normalized,1.5954564241807883
inter_date,instance_normalized,1.1853976609940353
inter_date,instance_normalized,1.6772243794953015
inter_date,instance_normalized,1.6477614217946175
inter_date,instance_normalized,1.6076451465492134
inter_date,instance_normalized,1.483228645129669
inter_date,instance_normalized,1.5019941909128778
inter_date,instance_normalized,1.4269331963386263
inter_date,instance_normalized,1.6937810662936048
inter_date,instance_normalized,1.3937608635595902
inter_date,instance_normalized,1.493813153107502
inter_date,instance_normalized,1.3659168386278435
inter_date,instance_normalized,1.4580843873081664
inter_date,instance_normalized,0.8681014765628177
inter_date,instance_normalized,1.2925859126714385
inter_date,instance_normalized,1.125452949592294
inter_date,instance_normalized,1.7244687313625346
inter_date,instance_normalized,1.40360597807846
inter_date,instance_normalized,1.4295621682365263
inter_date,instance_normalized,1.4713381790986138
inter_date,instance_normalized,1.5246802018642598
inter_date,instance_normalized,1.3635321755688221
inter_date,instance_normalized,1.4140770421771582
inter_date,instance_normalized,0.8427206177199892
inter_date,instance_normalized,1.418014447724976
inter_date,instance_normalized,1.639676635612795
inter_date,instance_normalized,0.8586183977357638
inter_date,instance_normalized,1.0588447968149564
inter_date,instance_normalized,1.164689652991788
inter_date,instance_normalized,1.4690483995316665
inter_date,instance_normalized,1.4128311602455699
inter_date,instance_normalized,1.5942351554577652
inter_date,instance_normalized,1.56054832921934
inter_date,instance_normalized,0.9510839360868123
inter_date,instance_normalized,1.6623824972305516
inter_date,instance_normalized,1.6636926363568063
inter_date,instance_normalized,1.6755522273510308
inter_date,instance_normalized,1.5502563423963223
inter_date,instance_normalized,1.5577757940758392
inter_date,instance_normalized,1.2595089306968563
inter_date,instance_normalized,1.608912560474518
inter_date,instance_normalized,1.0184632039808381
inter_date,instance_normalized,1.6360772730433317
inter_date,instance_normalized,1.631002241014167
inter_date,instance_normalized,1.629749129991312
inter_date,instance_normalized,1.4927257811324746
inter_date,instance_normalized,1.4997529146973558
inter_date,instance_normalized,1.1832002250086062
inter_date,instance_normalized,1.7821836690898116
inter_date,instance_normalized,1.5926151979171281
inter_date,instance_normalized,0.8689399908501079
inter_date,instance_normalized,1.1292534568854105
inter_date,instance_normalized,1.2282432100807203
inter_date,instance_normalized,1.0505740099234253
inter_date,instance_normalized,1.1260338936199752
inter_date,instance_normalized,0.9487517231010283
inter_date,instance_normalized,1.4315845263911215
inter_date,instance_normalized,1.0679680435845087
inter_date,instance_normalized,1.7346805541646597
inter_date,instance_normalized,1.7308881261409783
inter_date,instance_normalized,1.6756983390025828
inter_date,instance_normalized,1.484585073817093
inter_date,instance_normalized,1.477925548198631
inter_date,instance_normalized,1.3728859588596471
inter_date,instance_normalized,1.4249537126295422
inter_date,instance_normalized,1.2011083738567587
inter_date,instance_normalized,1.7007581466750168
inter_date,instance_normalized,1.6967532676770551
inter_date,instance_normalized,1.6265009981938834
inter_date,instance_normalized,1.485437364952096
inter_date,instance_normalized,1.4661972302230069
inter_date,instance_normalized,1.400803052743934
inter_date,instance_normalized,1.5487310644305865
inter_date,instance_normalized,1.2938953171690961
inter_date,instance_normalized,1.4828265960001095
inter_date,instance_normalized,1.3656948315082433
inter_date,instance_normalized,1.4916653246439529
inter_date,instance_normalized,0.9258781530424717
inter_date,instance_normalized,1.3183213572114119
inter_date,instance_normalized,1.1847414911717369
inter_date,instance_normalized,1.617698681313623
inter_date,instance_normalized,1.2180542491411825
inter_date,instance_normalized,1.4222497713640816
inter_date,instance_normalized,1.4715542889774476
inter_date,instance_normalized,1.5447409721900767
inter_date,instance_normalized,1.3143342132522604
inter_date,instance_normalized,1.458303260720506
inter_date,instance_normalized,0.8669743744420227
inter_date,instance_normalized,1.4162872320405893
inter_date,instance_normalized,1.6457347937682845
inter_date,instance_normalized,0.9042581830334234
inter_date,instance_normalized,1.1156689288252664
inter_date,instance_normalized,1.286383180164974
inter_date,instance_normalized,1.3914680910706985
inter_date,instance_normalized,1.3827915283171697
inter_date,instance_normalized,1.3839042016855778
inter_date,instance_normalized,1.468934985253296
inter_date,instance_normalized,0.9665799369910422
inter_date,instance_normalized,1.6773757881075586
inter_date,instance_normalized,1.701785468356724
inter_date,instance_normalized,1.7236313211252439
inter_date,instance_normalized,1.6019539952969128
inter_date,instance_normalized,1.6064809081848026
inter_date,instance_normalized,1.2489070582805568
inter_date,instance_normalized,1.4934164025165737
inter_date,instance_normalized,1.0480667159730186
inter_date,instance_normalized,1.656440142328328
inter_date,instance_normalized,1.6824309838475555
inter_date,instance_normalized,1.6958290470627937
inter_date,instance_normalized,1.5555202884405954
inter_date,instance_normalized,1.5604837352051752
inter_date,instance_normalized,1.2029068477871971
inter_date,instance_normalized,1.8844981833871124
inter_date,instance_normalized,1.7598313733192237
inter_date,instance_normalized,0.6833306642091235
inter_date,instance_normalized,0.6932171124747654
inter_date,instance_normalized,0.6776013697072529
inter_date,instance_normalized,0.4642767281748214
inter_date,instance_normalized,0.27479544313036575
inter_date,instance_normalized,0.920239444347484
inter_date,instance_normalized,1.4069706613425568
inter_date,instance_normalized,0.4276387013824679
inter_date,instance_normalized,1.8785721099336607
inter_date,instance_normalized,1.8387730684767172
inter_date,instance_normalized,1.8516342141624023
inter_date,instance_normalized,1.5485274538104494
inter_date,instance_normalized,1.6654371751910046
inter_date,instance_normalized,1.2452639951568434
inter_date,instance_normalized,1.4294318151743062
inter_date,instance_normalized,0.4362890178659823
inter_date,instance_normalized,1.9234255542713141
inter_date,instance_normalized,1.883673064601925
inter_date,instance_normalized,1.8981250420879852
inter_date,instance_normalized,1.5919377646456616
inter_date,instance_normalized,1.7072947037654298
inter_date,instance_normalized,1.2896077121270924
inter_date,instance_normalized,1.8664097735881722
inter_date,instance_normalized,1.2189827109666367
inter_date,instance_normalized,1.434702249349261
inter_date,instance_normalized,1.4031709350331483
inter_date,instance_normalized,1.422530645337894
inter_date,instance_normalized,0.8994294688901954
inter_date,instance_normalized,1.0888747874039417
inter_date,instance_normalized,0.409896647872452
inter_date,instance_normalized,1.7658780479224916
inter_date,instance_normalized,1.0751893929289433
inter_date,instance_normalized,1.5539072255049033
inter_date,instance_normalized,1.5294555580410456
inter_date,instance_normalized,1.53335169578861
inter_date,instance_normalized,1.111311538452334
inter_date,instance_normalized,1.2618858952375853
inter_date,instance_normalized,0.6856749473719017
inter_date,instance_normalized,1.4314218975210795
inter_date,instance_normalized,1.8865458480409136
inter_date,instance_normalized,0.733687624802685
inter_date,instance_normalized,0.726795781342697
inter_date,instance_normalized,0.7464599572333959
inter_date,instance_normalized,1.3111669193938702
inter_date,instance_normalized,1.1464815716492545
inter_date,instance_normalized,1.5878351031586424
inter_date,instance_normalized,1.2869223342356724
inter_date,instance_normalized,0.3168950093210248
inter_date,instance_normalized,1.9103058818848875
inter_date,instance_normalized,1.867497024394834
inter_date,instance_normalized,1.872104207371388
inter_date,instance_normalized,1.6564228510828176
inter_date,instance_normalized,1.7485246144848667
inter_date,instance_normalized,1.3866930790765961
inter_date,instance_normalized,1.435817868809715
inter_date,instance_normalized,0.483294638982574
inter_date,instance_normalized,1.8642701591302533
inter_date,instance_normalized,1.8201178516375045
inter_date,instance_normalized,1.8261871321779388
inter_date,instance_normalized,1.5394062839351779
inter_date,instance_normalized,1.6448951591095653
inter_date,instance_normalized,1.241937256382068
inter_date,instance_normalized,1.6337841863373364
inter_date,instance_normalized,1.7254628728107788
inter_date,instance_normalized,1.0887651855967535
inter_date,instance_normalized,1.1280267342295829
inter_date,instance_normalized,1.203257440863405
inter_date,instance_normalized,0.833926056054777
inter_date,instance_normalized,0.6532555258374986
inter_date,instance_normalized,1.193532387405317
inter_date,instance_normalized,1.5528292678479394
inter_date,instance_normalized,1.2713881253500803
inter_date,instance_normalized,1.5849360139393276
inter_date,instance_normalized,1.5902956943915105
inter_date,instance_normalized,1.6209650106937805
inter_date,instance_normalized,1.6559733888848087
inter_date,instance_normalized,1.6325307796137192
inter_date,instance_normalized,1.5470336541377623
inter_date,instance_normalized,1.5334973681123973
inter_date,instance_normalized,0.8157460784528372
inter_date,instance_normalized,1.5222546207808765
inter_date,instance_normalized,1.5610461290575024
inter_date,instance_normalized,1.5533603015851494
inter_date,instance_normalized,1.5840508816441004
inter_date,instance_normalized,1.6138542248725734
inter_date,instance_normalized,1.6029346028291374
inter_date,instance_normalized,1.5566472279190777
inter_date,instance_normalized,1.4831821910640017
inter_date,instance_normalized,1.5870933914690215
inter_date,instance_normalized,1.574684866798548
inter_date,instance_normalized,1.5853907581435396
inter_date,instance_normalized,1.3948181199184169
inter_date,instance_normalized,1.4602093640958913
inter_date,instance_normalized,1.0019912219595632
inter_date,instance_normalized,1.6023623815573067
inter_date,instance_normalized,1.3718054973554368
inter_date,instance_normalized,1.532563378493268
inter_date,instance_normalized,1.5476442175148735
inter_date,instance_normalized,1.5463810776408875
inter_date,instance_normalized,1.4126590477340935
inter_date,instance_normalized,1.506991432523061
inter_date,instance_normalized,1.176243448156404
inter_date,instance_normalized,1.5200786042056489
inter_date,instance_normalized,1.5544527550761167
inter_date,instance_normalized,0.9378163814657509
inter_date,instance_normalized,0.9419271795022978
inter_date,instance_normalized,0.9128913320170011
inter_date,instance_normalized,1.4874333211218025
inter_date,instance_normalized,1.3410138302207204
inter_date,instance_normalized,1.6689227445574812
inter_date,instance_normalized,1.523467993636816
inter_date,instance_normalized,0.6241383018186413
inter_date,instance_normalized,1.5115120609407664
inter_date,instance_normalized,1.5297429301916328
inter_date,instance_normalized,1.5758944270881043
inter_date,instance_normalized,1.5537469718345236
inter_date,instance_normalized,1.5853647104276902
inter_date,instance_normalized,1.5700491532000538
inter_date,instance_normalized,1.5738575608786765
inter_date,instance_normalized,0.7983009327117035
inter_date,instance_normalized,1.5122614309005025
inter_date,instance_normalized,1.532904388791288
inter_date,instance_normalized,1.5701182738911559
inter_date,instance_normalized,1.5331597996562842
inter_date,instance_normalized,1.5770421225097413
inter_date,instance_normalized,1.5445252792976838
inter_date,instance_normalized,1.669503077495445
inter_date,instance_normalized,1.4826291757536598
inter_date,instance_normalized,0.7745424288241615
inter_date,instance_normalized,0.9905932959607274
inter_date,instance_normalized,1.3373403537995452
inter_date,instance_normalized,1.2234469358343227
inter_date,instance_normalized,1.2783581938801531
inter_date,instance_normalized,0.9076759525159713
inter_date,instance_normalized,1.5042274126793038
inter_date,instance_normalized,1.2095885691893562
inter_date,instance_normalized,1.6799687540321178
inter_date,instance_normalized,1.7196264064836713
inter_date,instance_normalized,1.6426262570516097
inter_date,instance_normalized,1.579832478908606
inter_date,instance_normalized,1.4623997592254558
inter_date,instance_normalized,1.373359957469164
inter_date,instance_normalized,1.4384015132169414
inter_date,instance_normalized,1.1638367516396377
inter_date,instance_normalized,1.6450391819359889
inter_date,instance_normalized,1.6700089577840125
inter_date,instance_normalized,1.5770041404560657
inter_date,instance_normalized,1.5389730159764563
inter_date,instance_normalized,1.402116222703871
inter_date,instance_normalized,1.357328144960034
inter_date,instance_normalized,1.6035032932939517
inter_date,instance_normalized,1.2632448898212205
inter_date,instance_normalized,1.4979467033823683
inter_date,instance_normalized,1.3315565926617607
inter_date,instance_normalized,1.4581625801943596
inter_date,instance_normalized,1.0099587631126303
inter_date,instance_normalized,1.3487673968723244
inter_date,instance_normalized,1.227314855137647
inter_date,instance_normalized,1.6607844610320361
inter_date,instance_normalized,1.2548531645079204
inter_date,instance_normalized,1.3488804740519746
inter_date,instance_normalized,1.3934050826573086
inter_date,instance_normalized,1.5634249391484067
inter_date,instance_normalized,1.3739930123142678
inter_date,instance_normalized,1.4380634151246565
inter_date,instance_normalized,0.8068728038732871
inter_date,instance_normalized,1.3264161566428052
inter_date,instance_normalized,1.598694198120155
inter_date,instance_normalized,0.8668476441091664
inter_date,instance_normalized,1.061956559812997
inter_date,instance_normalized,1.3094199293866313
inter_date,instance_normalized,1.4469265232175237
inter_date,instance_normalized,1.4101478031427772
inter_date,instance_normalized,1.3554064363973206
inter_date,instance_normalized,1.4068085982184715
inter_date,instance_normalized,0.9479829008843246
inter_date,instance_normalized,1.5477607038760326
inter_date,instance_normalized,1.5550404365610975
inter_date,instance_normalized,1.613015813388285
inter_date,instance_normalized,1.558170822519821
inter_date,instance_normalized,1.5410843917849055
inter_date,instance_normalized,1.1548392795198643
inter_date,instance_normalized,1.4434382204759426
inter_date,instance_normalized,0.9697638661018897
inter_date,instance_normalized,1.5156451430879085
inter_date,instance_normalized,1.5162895389906523
inter_date,instance_normalized,1.5879723602500166
inter_date,instance_normalized,1.504173887081857
inter_date,instance_normalized,1.4973969524874777
inter_date,instance_normalized,1.055227083072338
inter_date,instance_normalized,1.8166037097068914
inter_date,instance_normalized,1.6473048414503448
inter_date,instance_normalized,0.884305651474587
inter_date,instance_normalized,0.914156107201071
inter_date,instance_normalized,0.9424958725310016
inter_date,instance_normalized,0.6408051276428994
inter_date,instance_normalized,0.6540140203741079
inter_date,instance_normalized,0.8492384605628431
inter_date,instance_normalized,1.4251661470309085
inter_date,instance_normalized,0.7078909752267215
inter_date,instance_normalized,1.8515582391613619
inter_date,instance_normalized,1.7827673145474379
inter_date,instance_normalized,1.7717036277652753
inter_date,instance_normalized,1.6632447607907455
inter_date,instance_normalized,1.727257337684899
inter_date,instance_normalized,1.4558953580345366
inter_date,instance_normalized,1.4479698359083018
inter_date,instance_normalized,0.735004707686411
inter_date,instance_normalized,1.7950696260643086
inter_date,instance_normalized,1.7417993383368235
inter_date,instance_normalized,1.7306352237958216
inter_date,instance_normalized,1.58458089959531
inter_date,instance_normalized,1.6651596680442664
inter_date,instance_normalized,1.3695649178596165
inter_date,instance_normalized,1.781872529750932
inter_date,instance_normalized,1.3171421748456271
inter_date,instance_normalized,1.491051424469424
inter_date,instance_normalized,1.452257574522836
inter_date,instance_normalized,1.4735851435639913
inter_date,instance_normalized,1.0222080980643364
inter_date,instance_normalized,1.2317004490836805
inter_date,instance_normalized,0.7166087476296729
inter_date,instance_normalized,1.6973107569339203
inter_date,instance_normalized,1.125120007636223
inter_date,instance_normalized,1.6483695153501177
inter_date,instance_normalized,1.6072183247838951
inter_date,instance_normalized,1.6262853416537666
inter_date,instance_normalized,1.2971444455670154
inter_date,instance_normalized,1.4524933614436024
inter_date,instance_normalized,0.8797082210987031
inter_date,instance_normalized,1.5505881251815674
inter_date,instance_normalized,1.837806982057197
inter_date,instance_normalized,0.778503675521584
inter_date,instance_normalized,0.8001070607173616
inter_date,instance_normalized,0.8135290068569377
inter_date,instance_normalized,1.2755187981275626
inter_date,instance_normalized,1.1247872374639225
inter_date,instance_normalized,1.5064393244415273
inter_date,instance_normalized,1.2873620950843712
inter_date,instance_normalized,0.5301230327018979
inter_date,instance_normalized,1.8436822871902971
inter_date,instance_normalized,1.805299359422292
inter_date,instance_normalized,1.8390149881209399
inter_date,instance_normalized,1.7415978373645176
inter_date,instance_normalized,1.8081675587190003
inter_date,instance_normalized,1.5520565946291036
inter_date,instance_normalized,1.4179819378954475
inter_date,instance_normalized,0.585979702647978
inter_date,instance_normalized,1.8285189656355905
inter_date,instance_normalized,1.7888735504420534
inter_date,instance_normalized,1.8173460578019058
inter_date,instance_normalized,1.6582673243556645
inter_date,instance_normalized,1.747569091426922
inter_date,instance_normalized,1.4249550497593246
inter_date,instance_normalized,1.7987649217659292
inter_date,instance_normalized,1.7358907207707286
inter_date,instance_normalized,1.0499531268502442
inter_date,instance_normalized,1.0555861049797155
inter_date,instance_normalized,1.052901855858736
inter_date,instance_normalized,0.9306695727901438
inter_date,instance_normalized,0.8277421920357351
inter_date,instance_normalized,1.120667440763955
inter_date,instance_normalized,1.4165575365791283
inter_date,instance_normalized,0.6767465176451404
inter_date,instance_normalized,1.7975276432215863
inter_date,instance_normalized,1.8003646569128258
inter_date,instance_normalized,1.776386515276455
inter_date,instance_normalized,1.5942697937537216
inter_date,instance_normalized,1.6747374090289409
inter_date,instance_normalized,1.34562193349921
inter_date,instance_normalized,1.422427198119178
inter_date,instance_normalized,0.6539201536552941
inter_date,instance_normalized,1.8145799989399238
inter_date,instance_normalized,1.8177504981619377
inter_date,instance_normalized,1.792852346287711
inter_date,instance_normalized,1.5978375011191108
inter_date,instance_normalized,1.682936378279411
inter_date,instance_normalized,1.3554539334710376
inter_date,instance_normalized,1.782503591102029
inter_date,instance_normalized,1.2592296315064633
inter_date,instance_normalized,1.4823451443512052
inter_date,instance_normalized,1.4656475918949115
inter_date,instance_normalized,1.4711958539216423
inter_date,instance_normalized,1.027360458841355
inter_date,instance_normalized,1.1965848306254787
inter_date,instance_normalized,0.7336224756184031
inter_date,instance_normalized,1.6990884559443002
inter_date,instance_normalized,1.1008358518194719
inter_date,instance_normalized,1.584660458017277
inter_date,instance_normalized,1.58703566569659
inter_date,instance_normalized,1.5753330693322327
inter_date,instance_normalized,1.2207868337440488
inter_date,instance_normalized,1.35344183275925
inter_date,instance_normalized,0.9276448419256016
inter_date,instance_normalized,1.5065093004420975
inter_date,instance_normalized,1.8518796313833639
inter_date,instance_normalized,0.8420976644593197
inter_date,instance_normalized,0.8800296379728502
inter_date,instance_normalized,0.8942678780369872
inter_date,instance_normalized,1.3062638507555375
inter_date,instance_normalized,1.1796251988365452
inter_date,instance_normalized,1.548120393338064
inter_date,instance_normalized,1.2822240199406572
inter_date,instance_normalized,0.5107095608952933
inter_date,instance_normalized,1.8304435392621377
inter_date,instance_normalized,1.846216726869691
inter_date,instance_normalized,1.860707175851179
inter_date,instance_normalized,1.7282364654425098
inter_date,instance_normalized,1.801045325427518
inter_date,instance_normalized,1.5112819972862352
inter_date,instance_normalized,1.4303586760691922
inter_date,instance_normalized,0.6173997159778145
inter_date,instance_normalized,1.8155321283285255
inter_date,instance_normalized,1.830964651766447
inter_date,instance_normalized,1.843365026011983
inter_date,instance_normalized,1.6329599556767425
inter_date,instance_normalized,1.7218189118956464
inter_date,instance_normalized,1.3815131696327978
inter_date,instance_normalized,1.7346205022924643
inter_date,instance_normalized,1.8555895907205824
inter_date,instance_normalized,1.5433440413617556
inter_date,instance_normalized,1.374525162211652
inter_date,instance_normalized,1.4642156384104106
inter_date,instance_normalized,1.4884662278225516
inter_date,instance_normalized,1.5032496320486275
inter_date,instance_normalized,1.6705693509021615
inter_date,instance_normalized,1.2436504290605976
inter_date,instance_normalized,1.1044618660699306
inter_date,instance_normalized,0.8172663287029247
inter_date,instance_normalized,1.0195179335762155
inter_date,instance_normalized,1.1594873207118237
inter_date,instance_normalized,1.6796981816293266
inter_date,instance_normalized,1.3700096670568478
inter_date,instance_normalized,1.2102907232750002
inter_date,instance_normalized,1.3926983043254801
inter_date,instance_normalized,1.121396948867716
inter_date,instance_normalized,1.143323295598422
inter_date,instance_normalized,1.1698094514347512
inter_date,instance_normalized,1.3380190207247382
inter_date,instance_normalized,1.6772879034823291
inter_date,instance_normalized,1.4046989689090918
inter_date,instance_normalized,1.29886203798283
inter_date,instance_normalized,1.598601462638508
inter_date,instance_normalized,1.3281400406735486
inter_date,instance_normalized,1.1044634819623287
inter_date,instance_normalized,1.2176258348771847
inter_date,instance_normalized,1.2798271995159483
inter_date,instance_normalized,1.5015988005073275
inter_date,instance_normalized,1.3516736673192105
inter_date,instance_normalized,1.2565911329318087
inter_date,instance_normalized,1.6102115194221285
inter_date,instance_normalized,1.6904216058999575
inter_date,instance_normalized,1.8380970212476746
inter_date,instance_normalized,2.0635796176911327
inter_date,instance_normalized,1.9014500692500236
inter_date,instance_normalized,1.926345741346897
inter_date,instance_normalized,1.6303689172321172
inter_date,instance_normalized,1.5168621680960277
inter_date,instance_normalized,1.359370770180072
inter_date,instance_normalized,1.6087534068742142
inter_date,instance_normalized,1.72943675837813
inter_date,instance_normalized,1.80602660121332
inter_date,instance_normalized,1.692563046836789
inter_date,instance_normalized,1.7694997987722476
inter_date,instance_normalized,1.4775910190010202
inter_date,instance_normalized,1.4900243168565899
inter_date,instance_normalized,2.5643169818079543
inter_date,instance_normalized,2.327389678205613
inter_date,instance_normalized,2.510593822314138
inter_date,instance_normalized,2.514771904804042
inter_date,instance_normalized,2.6285743111628506
inter_date,instance_normalized,3.214567391119875
inter_date,instance_normalized,2.489684854734853
inter_date,instance_normalized,2.540298957802698
inter_date,instance_normalized,2.649858718576855
inter_date,instance_normalized,2.3734257266039176
inter_date,instance_normalized,2.572520339381903
inter_date,instance_normalized,2.5639845760437794
inter_date,instance_normalized,2.6780967280974544
inter_date,instance_normalized,3.2488581751254766
inter_date,instance_normalized,2.537851472767963
inter_date,instance_normalized,2.5836594226647005
inter_date,instance_normalized,1.5992898917453373
inter_date,instance_normalized,1.6144919648016007
inter_date,instance_normalized,1.400233170717826
inter_date,instance_normalized,1.1754012586718632
inter_date,instance_normalized,1.1276737180770555
inter_date,instance_normalized,1.2248670663193095
inter_date,instance_normalized,1.0815268544887424
inter_date,instance_normalized,1.110885732269406
inter_date,instance_normalized,1.493286775523371
inter_date,instance_normalized,1.1848941924780156
inter_date,instance_normalized,1.8334795025108876
inter_date,instance_normalized,1.4629559074294407
inter_date,instance_normalized,1.4570062999651592
inter_date,instance_normalized,1.326508696622778
inter_date,instance_normalized,1.3563112129145332
inter_date,instance_normalized,1.3227608878958053
inter_date,instance_normalized,1.4860346988932722
inter_date,instance_normalized,1.1577690114140922
inter_date,instance_normalized,1.9225892620589329
inter_date,instance_normalized,1.610228473986646
inter_date,instance_normalized,1.6441842978130143
inter_date,instance_normalized,1.4972910328441176
inter_date,instance_normalized,1.518270515202184
inter_date,instance_normalized,1.4622629969115248
inter_date,instance_normalized,1.7182438021856208
inter_date,instance_normalized,1.3806296653929675
inter_date,instance_normalized,1.8039999203146897
inter_date,instance_normalized,1.4066427207854764
inter_date,instance_normalized,1.4387441313082419
inter_date,instance_normalized,1.0756463531813718
inter_date,instance_normalized,1.3892698727594919
inter_date,instance_normalized,1.0574679976551067
inter_date,instance_normalized,1.519451201200283
inter_date,instance_normalized,1.2296425164999705
inter_date,instance_normalized,1.6790969418599315
inter_date,instance_normalized,1.2932014714628894
inter_date,instance_normalized,1.3753903140424137
inter_date,instance_normalized,1.1683136197361381
inter_date,instance_normalized,1.329038023594781
inter_date,instance_normalized,0.9761714528893157
inter_date,instance_normalized,1.3034833058329456
inter_date,instance_normalized,1.568246759311691
inter_date,instance_normalized,1.5089926662946047
inter_date,instance_normalized,1.259903899426788
inter_date,instance_normalized,1.1408747701590967
inter_date,instance_normalized,1.3743447307908825
inter_date,instance_normalized,1.239266687499301
inter_date,instance_normalized,1.320605342146685
inter_date,instance_normalized,1.4744411724015558
inter_date,instance_normalized,1.113230184324035
inter_date,instance_normalized,1.9433384853054747
inter_date,instance_normalized,1.4947347162064528
inter_date,instance_normalized,1.6314278297808464
inter_date,instance_normalized,1.4470414562829017
inter_date,instance_normalized,1.537334992448094
inter_date,instance_normalized,1.197306743105713
inter_date,instance_normalized,1.5246866493734363
inter_date,instance_normalized,1.1434804884675707
inter_date,instance_normalized,1.9068735791580933
inter_date,instance_normalized,1.4662295057662411
inter_date,instance_normalized,1.6127969987819581
inter_date,instance_normalized,1.4053248235401097
inter_date,instance_normalized,1.494129175977313
inter_date,instance_normalized,1.1074726551043754
inter_date,instance_normalized,1.536658553010475
inter_date,instance_normalized,1.3575716718971726
inter_date,instance_normalized,1.4477043223470214
inter_date,instance_normalized,1.4261845830603082
inter_date,instance_normalized,0.9829699390117648
inter_date,instance_normalized,1.5267838183604339
inter_date,instance_normalized,1.2062836542479887
inter_date,instance_normalized,1.0507238267044166
inter_date,instance_normalized,1.2969094491918534
inter_date,instance_normalized,1.4250056934739312
inter_date,instance_normalized,1.4329771670646525
inter_date,instance_normalized,1.589555031549349
inter_date,instance_normalized,1.4193034893495735
inter_date,instance_normalized,1.2479073787120452
inter_date,instance_normalized,1.3175886827998402
inter_date,instance_normalized,1.4333316594847174
inter_date,instance_normalized,1.3130160173716194
inter_date,instance_normalized,1.4519934828353824
inter_date,instance_normalized,1.477882801632203
inter_date,instance_normalized,1.769825130086492
inter_date,instance_normalized,1.6065138153470153
inter_date,instance_normalized,1.2249459452159548
inter_date,instance_normalized,1.251836481718987
inter_date,instance_normalized,1.5766521780961893
inter_date,instance_normalized,1.3896913657639833
inter_date,instance_normalized,1.403525960371342
inter_date,instance_normalized,1.4272063150363898
inter_date,instance_normalized,1.6402099363539002
inter_date,instance_normalized,1.4300572359432124
inter_date,instance_normalized,1.2954650216166899
inter_date,instance_normalized,1.3335159718993528
inter_date,instance_normalized,1.361167650052911
inter_date,instance_normalized,1.4028254983504245
inter_date,instance_normalized,1.2876168494949753
inter_date,instance_normalized,1.65965539184796
inter_date,instance_normalized,1.0084204018586245
inter_date,instance_normalized,1.2347871631068006
inter_date,instance_normalized,1.4998724075276786
inter_date,instance_normalized,1.149671142105749
inter_date,instance_normalized,1.2684726652042393
inter_date,instance_normalized,1.5106750269840046
inter_date,instance_normalized,1.3352579602263588
inter_date,instance_normalized,1.5718485476525075
inter_date,instance_normalized,1.11164568677018
inter_date,instance_normalized,1.0798450946482272
inter_date,instance_normalized,1.5507188305421804
inter_date,instance_normalized,1.265648332329483
inter_date,instance_normalized,1.2145066903381945
inter_date,instance_normalized,1.4196168951881807
inter_date,instance_normalized,1.2755716295350394
inter_date,instance_normalized,1.3762941519106147
inter_date,instance_normalized,1.2530540237403969
inter_date,instance_normalized,0.9201024436015234
inter_date,instance_normalized,1.4405532885475425
inter_date,instance_normalized,0.9757810744557526
inter_date,instance_normalized,0.98531977450842
inter_date,instance_normalized,1.4075304108790838
inter_date,instance_normalized,1.2602363924784667
inter_date,instance_normalized,1.3870967368577258
inter_date,instance_normalized,1.2537468680798494
inter_date,instance_normalized,0.9107448915351438
inter_date,instance_normalized,1.4404868287421277
inter_date,instance_normalized,0.9839761866012751
inter_date,instance_normalized,0.9842590831121333
inter_date,instance_normalized,1.5422759103943402
inter_date,instance_normalized,1.652334788145591
inter_date,instance_normalized,0.5746077454382681
inter_date,instance_normalized,0.9361671514966887
inter_date,instance_normalized,1.2632895810846536
inter_date,instance_normalized,1.2820505235867112
inter_date,instance_normalized,1.2802894327731384
inter_date,instance_normalized,0.9443994359241328
inter_date,instance_normalized,1.6177068736896378
inter_date,instance_normalized,1.2774943597884967
inter_date,instance_normalized,1.6189257581051348
inter_date,instance_normalized,1.5926658407157586
inter_date,instance_normalized,1.49896345324302
inter_date,instance_normalized,1.506679694259112
inter_date,instance_normalized,1.4569792393762298
inter_date,instance_normalized,1.4797934952027183
inter_date,instance_normalized,1.5736447397282836
inter_date,instance_normalized,1.274909681551008
inter_date,instance_normalized,1.628416383229875
inter_date,instance_normalized,1.6139578406533721
inter_date,instance_normalized,1.523016775575165
inter_date,instance_normalized,1.5220764019127964
inter_date,instance_normalized,1.4934365649228039
inter_date,instance_normalized,1.4784398367862668
inter_date,instance_normalized,1.7142357031064706
inter_date,instance_normalized,1.4289651611688516
inter_date,instance_normalized,1.519268219286016
inter_date,instance_normalized,1.3244751994686241
inter_date,instance_normalized,1.4710702406055944
inter_date,instance_normalized,0.8120729584164932
inter_date,instance_normalized,1.4688836450069502
inter_date,instance_normalized,1.349534854814173
inter_date,instance_normalized,1.7156599484451605
inter_date,instance_normalized,1.2314879624035722
inter_date,instance_normalized,1.2072125556833315
inter_date,instance_normalized,1.3508935772673953
inter_date,instance_normalized,1.5393787303404844
inter_date,instance_normalized,1.4029028712843739
inter_date,instance_normalized,1.515480586529596
inter_date,instance_normalized,0.7314946480309171
inter_date,instance_normalized,1.2179530155200808
inter_date,instance_normalized,1.496782197031902
inter_date,instance_normalized,0.8125824933792393
inter_date,instance_normalized,0.9985786151869203
inter_date,instance_normalized,1.3086732971448025
inter_date,instance_normalized,1.5067544335358958
inter_date,instance_normalized,1.4550354488271209
inter_date,instance_normalized,1.3270994795731488
inter_date,instance_normalized,1.5498665285050157
inter_date,instance_normalized,0.9542424696314225
inter_date,instance_normalized,1.496362570756178
inter_date,instance_normalized,1.5605660256484244
inter_date,instance_normalized,1.6114136678815214
inter_date,instance_normalized,1.57010635556396
inter_date,instance_normalized,1.5984254732306156
inter_date,instance_normalized,1.1660875063221972
inter_date,instance_normalized,1.6030047245452523
inter_date,instance_normalized,1.0063078982841616
inter_date,instance_normalized,1.4290089109430753
inter_date,instance_normalized,1.5099523906873196
inter_date,instance_normalized,1.5798754627321703
inter_date,instance_normalized,1.5292069984891683
inter_date,instance_normalized,1.5563642290933681
inter_date,instance_normalized,1.0715199719094675
inter_date,instance_normalized,1.4949728649794807
inter_date,instance_normalized,1.3562739583233494
inter_date,instance_normalized,1.0983220023198417
inter_date,instance_normalized,1.270287454833184
inter_date,instance_normalized,1.4753286648167208
inter_date,instance_normalized,1.4075058296378
inter_date,instance_normalized,1.4069822182684582
inter_date,instance_normalized,1.008372121231331
inter_date,instance_normalized,1.502155159740907
inter_date,instance_normalized,1.4738693701712102
inter_date,instance_normalized,1.5653215417804835
inter_date,instance_normalized,1.5447866605681964
inter_date,instance_normalized,1.44934309686845
inter_date,instance_normalized,1.5543148423914313
inter_date,instance_normalized,1.3209611284870053
inter_date,instance_normalized,1.566609792136224
inter_date,instance_normalized,1.4755759993201605
inter_date,instance_normalized,1.5923090381988103
inter_date,instance_normalized,1.6116888542856964
inter_date,instance_normalized,1.6018619860384622
inter_date,instance_normalized,1.3762591844971566
inter_date,instance_normalized,1.5681602105319636
inter_date,instance_normalized,1.311662358686523
inter_date,instance_normalized,1.683100867714081
inter_date,instance_normalized,1.2001288311977458
inter_date,instance_normalized,1.2468337097859061
inter_date,instance_normalized,1.4415575532391018
inter_date,instance_normalized,1.4363591833400877
inter_date,instance_normalized,1.5497744557881548
inter_date,instance_normalized,0.9552187031911186
inter_date,instance_normalized,1.6372171695918614
inter_date,instance_normalized,1.4931125571884996
inter_date,instance_normalized,1.5463756758703744
inter_date,instance_normalized,1.2682426748541442
inter_date,instance_normalized,1.229831701965482
inter_date,instance_normalized,1.3907988238904836
inter_date,instance_normalized,1.5283725931102596
inter_date,instance_normalized,1.4889284782268042
inter_date,instance_normalized,1.5099301716692175
inter_date,instance_normalized,0.8397112192261081
inter_date,instance_normalized,1.4002961455836698
inter_date,instance_normalized,1.35008339910399
inter_date,instance_normalized,1.0818041766433353
inter_date,instance_normalized,1.3296163270024026
inter_date,instance_normalized,1.4840107331719976
inter_date,instance_normalized,1.5127416696717493
inter_date,instance_normalized,1.58783350483988
inter_date,instance_normalized,1.0521444771857693
inter_date,instance_normalized,1.4364276918239274
inter_date,instance_normalized,1.3472356757659305
inter_date,instance_normalized,1.427628544977309
inter_date,instance_normalized,1.5438266867996955
inter_date,instance_normalized,1.617235321904919
inter_date,instance_normalized,1.491710935432768
inter_date,instance_normalized,1.5619130935143257
inter_date,instance_normalized,0.9365620740087224
inter_date,instance_normalized,1.409498188213501
inter_date,instance_normalized,1.3333280518049964
inter_date,instance_normalized,1.3664090225739498
inter_date,instance_normalized,1.4932474811694634
inter_date,instance_normalized,1.5791820457394903
inter_date,instance_normalized,1.4944488672391172
inter_date,instance_normalized,1.5464533841146253
inter_date,instance_normalized,0.9237651971117348
inter_date,instance_normalized,1.794138782547604
inter_date,instance_normalized,1.7754022283056918
inter_date,instance_normalized,0.6387599046127991
inter_date,instance_normalized,0.6599563958403588
inter_date,instance_normalized,0.7392338694857322
inter_date,instance_normalized,0.5871686172614591
inter_date,instance_normalized,0.39303603306071305
inter_date,instance_normalized,1.0038185953693661
inter_date,instance_normalized,1.5311969156568723
inter_date,instance_normalized,0.5765445594455266
inter_date,instance_normalized,1.7750676740917264
inter_date,instance_normalized,1.7863339131342355
inter_date,instance_normalized,1.846892219071995
inter_date,instance_normalized,1.6160427166566664
inter_date,instance_normalized,1.7008400822707486
inter_date,instance_normalized,1.3773570191333673
inter_date,instance_normalized,1.520903048960749
inter_date,instance_normalized,0.6345753385507354
inter_date,instance_normalized,1.7103443421141449
inter_date,instance_normalized,1.7036522925237396
inter_date,instance_normalized,1.782671200261775
inter_date,instance_normalized,1.5379169706816544
inter_date,instance_normalized,1.6155395119536673
inter_date,instance_normalized,1.3147517061514693
inter_date,instance_normalized,1.8074610504000004
inter_date,instance_normalized,1.372107906160667
inter_date,instance_normalized,1.3771892034767095
inter_date,instance_normalized,1.3618110880547005
inter_date,instance_normalized,1.457257823296571
inter_date,instance_normalized,0.9711236525858353
inter_date,instance_normalized,1.1794191314903009
inter_date,instance_normalized,0.5436862958135547
inter_date,instance_normalized,1.7865301161122957
inter_date,instance_normalized,1.1592106214069953
inter_date,instance_normalized,1.5283586851405666
inter_date,instance_normalized,1.530437940241634
inter_date,instance_normalized,1.6243003086086205
inter_date,instance_normalized,1.224842940699967
inter_date,instance_normalized,1.386694835311516
inter_date,instance_normalized,0.8366607265888478
inter_date,instance_normalized,1.4626758636921018
inter_date,instance_normalized,1.8180520787150443
inter_date,instance_normalized,0.7571736129315848
inter_date,instance_normalized,0.7393981402817095
inter_date,instance_normalized,0.7576193305894824
inter_date,instance_normalized,1.3265000295296654
inter_date,instance_normalized,1.1194228998999853
inter_date,instance_normalized,1.5663009063901652
inter_date,instance_normalized,1.3192061531616721
inter_date,instance_normalized,0.33816914849901564
inter_date,instance_normalized,1.8110920336828868
inter_date,instance_normalized,1.8136933161523765
inter_date,instance_normalized,1.874845252943705
inter_date,instance_normalized,1.725386258802263
inter_date,instance_normalized,1.778679268172926
inter_date,instance_normalized,1.5316439248979479
inter_date,instance_normalized,1.475708671212215
inter_date,instance_normalized,0.46035028517901294
inter_date,instance_normalized,1.7799466248920612
inter_date,instance_normalized,1.787101696099529
inter_date,instance_normalized,1.852035026056256
inter_date,instance_normalized,1.6429287125266145
inter_date,instance_normalized,1.726503837731763
inter_date,instance_normalized,1.4104198030513273
inter_date,instance_normalized,1.749766398054383
inter_date,instance_normalized,1.8187972980973741
inter_date,instance_normalized,0.724628984876369
inter_date,instance_normalized,0.7546206048537135
inter_date,instance_normalized,0.768861906954977
inter_date,instance_normalized,0.5607070519333696
inter_date,instance_normalized,0.47357727845433933
inter_date,instance_normalized,1.014539005075431
inter_date,instance_normalized,1.5013321765801424
inter_date,instance_normalized,0.662259579683263
inter_date,instance_normalized,1.7345045868522573
inter_date,instance_normalized,1.6790024919012094
inter_date,instance_normalized,1.6825539013869246
inter_date,instance_normalized,1.578871276201915
inter_date,instance_normalized,1.6949084987569587
inter_date,instance_normalized,1.373233573323695
inter_date,instance_normalized,1.4852228438046868
inter_date,instance_normalized,0.6440722768494495
inter_date,instance_normalized,1.7601877558122923
inter_date,instance_normalized,1.6717264730002266
inter_date,instance_normalized,1.714294120840317
inter_date,instance_normalized,1.5720037330739753
inter_date,instance_normalized,1.7291137396127967
inter_date,instance_normalized,1.4012491581110418
inter_date,instance_normalized,1.8138345974983203
inter_date,instance_normalized,1.3080603610607369
inter_date,instance_normalized,1.3917969114697775
inter_date,instance_normalized,1.3385883634255933
inter_date,instance_normalized,1.43840598118989
inter_date,instance_normalized,0.9871686344061014
inter_date,instance_normalized,1.2393322195712475
inter_date,instance_normalized,0.6847102260928069
inter_date,instance_normalized,1.7112152189976817
inter_date,instance_normalized,1.0390533590538633
inter_date,instance_normalized,1.5371528130975993
inter_date,instance_normalized,1.4619372042293193
inter_date,instance_normalized,1.5450598417771262
inter_date,instance_normalized,1.2124282920494713
inter_date,instance_normalized,1.449174730545587
inter_date,instance_normalized,0.9173906026664636
inter_date,instance_normalized,1.4405151960144253
inter_date,instance_normalized,1.8061411224107888
inter_date,instance_normalized,0.7575060307380734
inter_date,instance_normalized,0.6992074290604252
inter_date,instance_normalized,0.6649724706146187
inter_date,instance_normalized,1.2994303011631068
inter_date,instance_normalized,1.1297743688596371
inter_date,instance_normalized,1.5862810750415925
inter_date,instance_normalized,1.257384391840324
inter_date,instance_normalized,0.6045980422296338
inter_date,instance_normalized,1.900614308085358
inter_date,instance_normalized,1.8292403312985182
inter_date,instance_normalized,1.8163863874972273
inter_date,instance_normalized,1.8126003499823895
inter_date,instance_normalized,1.8896036874005753
inter_date,instance_normalized,1.6842321464495227
inter_date,instance_normalized,1.4165582438813764
inter_date,instance_normalized,0.6728380180560664
inter_date,instance_normalized,1.871738827557419
inter_date,instance_normalized,1.8095832314485985
inter_date,instance_normalized,1.8067652337059998
inter_date,instance_normalized,1.75392057264339
inter_date,instance_normalized,1.8507445447706685
inter_date,instance_normalized,1.5480426508259486
inter_date,instance_normalized,1.8265658606760589
inter_date,instance_normalized,1.8309757467738066
inter_date,instance_normalized,0.8131262839316175
inter_date,instance_normalized,0.851649314256406
inter_date,instance_normalized,0.8432447332833817
inter_date,instance_normalized,0.5195632638373459
inter_date,instance_normalized,0.4747238395655299
inter_date,instance_normalized,0.8353964164630755
inter_date,instance_normalized,1.468876942167423
inter_date,instance_normalized,0.5885738813430325
inter_date,instance_normalized,1.7524239177813528
inter_date,instance_normalized,1.7791256857824016
inter_date,instance_normalized,1.8000980228439656
inter_date,instance_normalized,1.6113849911721843
inter_date,instance_normalized,1.7252414420194424
inter_date,instance_normalized,1.452906974699126
inter_date,instance_normalized,1.405130336352974
inter_date,instance_normalized,0.4191346564506189
inter_date,instance_normalized,1.7980449215492187
inter_date,instance_normalized,1.7688082554236004
inter_date,instance_normalized,1.8061889151705002
inter_date,instance_normalized,1.6670896160071693
inter_date,instance_normalized,1.7595330865836842
inter_date,instance_normalized,1.4991471213179572
inter_date,instance_normalized,1.8439933222346907
inter_date,instance_normalized,1.2515244598056163
inter_date,instance_normalized,1.4367724552036156
inter_date,instance_normalized,1.4249070696569464
inter_date,instance_normalized,1.481337040677008
inter_date,instance_normalized,1.1306039534455266
inter_date,instance_normalized,1.3480872750253967
inter_date,instance_normalized,0.7629443643528229
inter_date,instance_normalized,1.752942634908996
inter_date,instance_normalized,1.0805261738372047
inter_date,instance_normalized,1.541585849942098
inter_date,instance_normalized,1.4922940876936879
inter_date,instance_normalized,1.537588866020243
inter_date,instance_normalized,1.2709239376919903
inter_date,instance_normalized,1.4419958248957272
inter_date,instance_normalized,0.9566769367460266
inter_date,instance_normalized,1.433271180246881
inter_date,instance_normalized,1.8883058985966457
inter_date,instance_normalized,0.7216869688506353
inter_date,instance_normalized,0.8171196695352947
inter_date,instance_normalized,0.718127637179743
inter_date,instance_normalized,1.26943245237706
inter_date,instance_normalized,1.0430659189110603
inter_date,instance_normalized,1.5132721726617904
inter_date,instance_normalized,1.2884345885029689
inter_date,instance_normalized,0.37659579513857383
inter_date,instance_normalized,1.815802657456247
inter_date,instance_normalized,1.781027201446699
inter_date,instance_normalized,1.8103656294678312
inter_date,instance_normalized,1.7145432412428825
inter_date,instance_normalized,1.78832211999025
inter_date,instance_normalized,1.5604370856793985
inter_date,instance_normalized,1.4459195123615372
inter_date,instance_normalized,0.5135434333328562
inter_date,instance_normalized,1.7809198985359722
inter_date,instance_normalized,1.7485817527469087
inter_date,instance_normalized,1.784302367450845
inter_date,instance_normalized,1.6243173732804386
inter_date,instance_normalized,1.7182641420789435
inter_date,instance_normalized,1.4414416151642668
inter_date,instance_normalized,1.8466267199167898
inter_date,instance_normalized,1.7605112264181515
inter_date,instance_normalized,0.729919116805187
inter_date,instance_normalized,0.7904957312114911
inter_date,instance_normalized,0.7431490061789273
inter_date,instance_normalized,0.42131030009738324
inter_date,instance_normalized,0.3136032591222349
inter_date,instance_normalized,0.8695509456715267
inter_date,instance_normalized,1.3818833530079024
inter_date,instance_normalized,0.4404774974747913
inter_date,instance_normalized,1.8496731536685758
inter_date,instance_normalized,1.8208257080814008
inter_date,instance_normalized,1.8345892399317323
inter_date,instance_normalized,1.635410490680666
inter_date,instance_normalized,1.743981508645569
inter_date,instance_normalized,1.3393526224703924
inter_date,instance_normalized,1.3956073350859433
inter_date,instance_normalized,0.5091301347013384
inter_date,instance_normalized,1.8524841166482804
inter_date,instance_normalized,1.84601666840145
inter_date,instance_normalized,1.8424429412374632
inter_date,instance_normalized,1.6393607812163042
inter_date,instance_normalized,1.7547206158190651
inter_date,instance_normalized,1.3490229262428843
inter_date,instance_normalized,1.8125327904990025
inter_date,instance_normalized,1.2407112653167016
inter_date,instance_normalized,1.4890416736698517
inter_date,instance_normalized,1.4936063293759338
inter_date,instance_normalized,1.4946940032948668
inter_date,instance_normalized,0.9485978133349746
inter_date,instance_normalized,1.1543864161216115
inter_date,instance_normalized,0.5098008060307629
inter_date,instance_normalized,1.717974382851005
inter_date,instance_normalized,1.0544893064046084
inter_date,instance_normalized,1.5968476210781244
inter_date,instance_normalized,1.5583757928008328
inter_date,instance_normalized,1.5900325825328132
inter_date,instance_normalized,1.146069935032424
inter_date,instance_normalized,1.3102345696247741
inter_date,instance_normalized,0.7783721544317019
inter_date,instance_normalized,1.4682960960523344
inter_date,instance_normalized,1.8385912135423612
inter_date,instance_normalized,0.7378424778642468
inter_date,instance_normalized,0.7629473950031236
inter_date,instance_normalized,0.7203167442158004
inter_date,instance_normalized,1.306621285140438
inter_date,instance_normalized,1.1166592680580576
inter_date,instance_normalized,1.5789451228784026
inter_date,instance_normalized,1.2355895372873307
inter_date,instance_normalized,0.47060879124444016
inter_date,instance_normalized,1.8551898701260725
inter_date,instance_normalized,1.8355094397799616
inter_date,instance_normalized,1.8377835932041395
inter_date,instance_normalized,1.742042305445046
inter_date,instance_normalized,1.8110113843308153
inter_date,instance_normalized,1.5066108494773318
inter_date,instance_normalized,1.390848815466635
inter_date,instance_normalized,0.5020858733949973
inter_date,instance_normalized,1.838488565586543
inter_date,instance_normalized,1.821086085754787
inter_date,instance_normalized,1.8223784586885259
inter_date,instance_normalized,1.6365859380741996
inter_date,instance_normalized,1.7450816706303804
inter_date,instance_normalized,1.3407092509985608
inter_date,instance_normalized,1.8676679773642908
inter_date,instance_normalized,1.6567610894275524
inter_date,instance_normalized,0.8492362174825417
inter_date,instance_normalized,0.856419438311085
inter_date,instance_normalized,0.8433993576942058
inter_date,instance_normalized,0.44373350841451925
inter_date,instance_normalized,0.3888703459893727
inter_date,instance_normalized,0.8433177531418947
inter_date,instance_normalized,1.3051810050190527
inter_date,instance_normalized,0.4407082891042574
inter_date,instance_normalized,1.8728191816073616
inter_date,instance_normalized,1.8328345639825319
inter_date,instance_normalized,1.8229119846435071
inter_date,instance_normalized,1.6791686970979611
inter_date,instance_normalized,1.7404258989175034
inter_date,instance_normalized,1.4118259682266465
inter_date,instance_normalized,1.3517998573579941
inter_date,instance_normalized,0.46632105304515464
inter_date,instance_normalized,1.9070674726693082
inter_date,instance_normalized,1.8700484617716944
inter_date,instance_normalized,1.8483259693416374
inter_date,instance_normalized,1.6721476811721212
inter_date,instance_normalized,1.742381070540216
inter_date,instance_normalized,1.4005274240612244
inter_date,instance_normalized,1.7976126052923518
inter_date,instance_normalized,1.1778136905201224
inter_date,instance_normalized,1.552257394704845
inter_date,instance_normalized,1.514898266088229
inter_date,instance_normalized,1.522346602340145
inter_date,instance_normalized,0.9922975627566177
inter_date,instance_normalized,1.1979615287342058
inter_date,instance_normalized,0.5679732172922036
inter_date,instance_normalized,1.6972949857043156
inter_date,instance_normalized,0.9575386832889891
inter_date,instance_normalized,1.6511877871192573
inter_date,instance_normalized,1.5979457876442489
inter_date,instance_normalized,1.602518177819126
inter_date,instance_normalized,1.205205159604646
inter_date,instance_normalized,1.3378120182321551
inter_date,instance_normalized,0.7889566363384974
inter_date,instance_normalized,1.5316991799403548
inter_date,instance_normalized,1.8252217304086609
inter_date,instance_normalized,0.6260647722797192
inter_date,instance_normalized,0.621473318670412
inter_date,instance_normalized,0.6238938689186818
inter_date,instance_normalized,1.2227564494449537
inter_date,instance_normalized,1.020267502138585
inter_date,instance_normalized,1.4949115090917435
inter_date,instance_normalized,1.1659260386580657
inter_date,instance_normalized,0.40383355641698565
inter_date,instance_normalized,1.8705679392057988
inter_date,instance_normalized,1.8514998930420778
inter_date,instance_normalized,1.8286587035324582
inter_date,instance_normalized,1.7553498102807408
inter_date,instance_normalized,1.789414901488338
inter_date,instance_normalized,1.5397185566474365
inter_date,instance_normalized,1.3211881165486505
inter_date,instance_normalized,0.448399435733674
inter_date,instance_normalized,1.8760597914874522
inter_date,instance_normalized,1.85592821613669
inter_date,instance_normalized,1.8317446557641945
inter_date,instance_normalized,1.6702185505012348
inter_date,instance_normalized,1.7342281231615706
inter_date,instance_normalized,1.4119083773072365
inter_date,instance_normalized,1.8023047366528233
inter_date,instance_normalized,1.7796226028773272
inter_date,instance_normalized,0.756592667206771
inter_date,instance_normalized,0.8363255934588136
inter_date,instance_normalized,0.8323057582209943
inter_date,instance_normalized,0.4456785311739234
inter_date,instance_normalized,0.4082919322906466
inter_date,instance_normalized,0.8546866719238473
inter_date,instance_normalized,1.4934849767638767
inter_date,instance_normalized,0.4601863530990288
inter_date,instance_normalized,1.8655106122657417
inter_date,instance_normalized,1.7761724192425365
inter_date,instance_normalized,1.7804381322331222
inter_date,instance_normalized,1.6428736580953118
inter_date,instance_normalized,1.7363515217219923
inter_date,instance_normalized,1.3867290513754094
inter_date,instance_normalized,1.4974587196513176
inter_date,instance_normalized,0.4828746797287984
inter_date,instance_normalized,1.8577152719005483
inter_date,instance_normalized,1.777484637935202
inter_date,instance_normalized,1.7823617001087244
inter_date,instance_normalized,1.6330722968355853
inter_date,instance_normalized,1.7262383474945049
inter_date,instance_normalized,1.3725920598223136
inter_date,instance_normalized,1.838905429923538
inter_date,instance_normalized,1.3499842433348108
inter_date,instance_normalized,1.5279315014157715
inter_date,instance_normalized,1.475571448548774
inter_date,instance_normalized,1.4970977343165386
inter_date,instance_normalized,1.0117005046980836
inter_date,instance_normalized,1.2135268944141886
inter_date,instance_normalized,0.5847928236573037
inter_date,instance_normalized,1.7671061572075721
inter_date,instance_normalized,1.1536398380140331
inter_date,instance_normalized,1.6320918641281392
inter_date,instance_normalized,1.5917831145547165
inter_date,instance_normalized,1.6121206139374427
inter_date,instance_normalized,1.2144084789467402
inter_date,instance_normalized,1.37998739511259
inter_date,instance_normalized,0.8007210541575269
inter_date,instance_normalized,1.4709228498631395
inter_date,instance_normalized,1.8075832578590425
inter_date,instance_normalized,0.7724592140703354
inter_date,instance_normalized,0.7298617764989659
inter_date,instance_normalized,0.6752089518835027
inter_date,instance_normalized,1.272332163506929
inter_date,instance_normalized,1.0911741908334474
inter_date,instance_normalized,1.5700438731649309
inter_date,instance_normalized,1.3552618126071838
inter_date,instance_normalized,0.3853780922240663
inter_date,instance_normalized,1.8520461272365336
inter_date,instance_normalized,1.782027407179895
inter_date,instance_normalized,1.7685647339321904
inter_date,instance_normalized,1.717032227387308
inter_date,instance_normalized,1.7783695587729471
inter_date,instance_normalized,1.5101918741689695
inter_date,instance_normalized,1.5069166234636262
inter_date,instance_normalized,0.523124637801504
inter_date,instance_normalized,1.8355520611036629
inter_date,instance_normalized,1.7710410821103502
inter_date,instance_normalized,1.7618981704148784
inter_date,instance_normalized,1.6338922591567557
inter_date,instance_normalized,1.721435589745605
inter_date,instance_normalized,1.3701065096697957
inter_date,instance_normalized,1.9006665129884601
inter_date,instance_normalized,1.7541814005419543
inter_date,instance_normalized,0.7311455485296291
inter_date,instance_normalized,0.7717496375215115
inter_date,instance_normalized,0.733107469641941
inter_date,instance_normalized,0.42030255801931815
inter_date,instance_normalized,0.3098312339218976
inter_date,instance_normalized,0.9053012905001563
inter_date,instance_normalized,1.4265081014611287
inter_date,instance_normalized,0.4431824848359764
inter_date,instance_normalized,1.8541132595791998
inter_date,instance_normalized,1.821923416350416
inter_date,instance_normalized,1.8027060692834915
inter_date,instance_normalized,1.6105549658671547
inter_date,instance_normalized,1.6978226963458132
inter_date,instance_normalized,1.316191850621283
inter_date,instance_normalized,1.4155731238128424
inter_date,instance_normalized,0.4352438796317678
inter_date,instance_normalized,1.8485116326322228
inter_date,instance_normalized,1.8197633518597278
inter_date,instance_normalized,1.8000210781172585
inter_date,instance_normalized,1.618458288195222
inter_date,instance_normalized,1.704100964422041
inter_date,instance_normalized,1.341777094941881
inter_date,instance_normalized,1.83644248513697
inter_date,instance_normalized,1.21773264698852
inter_date,instance_normalized,1.541032023639035
inter_date,instance_normalized,1.5224317737595912
inter_date,instance_normalized,1.5163284002470812
inter_date,instance_normalized,0.9848659410431714
inter_date,instance_normalized,1.1912194960191622
inter_date,instance_normalized,0.500558979316497
inter_date,instance_normalized,1.759953799578571
inter_date,instance_normalized,1.061440545984062
inter_date,instance_normalized,1.6247480712506053
inter_date,instance_normalized,1.5757710236000768
inter_date,instance_normalized,1.582178552393409
inter_date,instance_normalized,1.1845907638766042
inter_date,instance_normalized,1.3322905410622359
inter_date,instance_normalized,0.7317554096557136
inter_date,instance_normalized,1.51179690573119
inter_date,instance_normalized,1.8490880360355046
inter_date,instance_normalized,0.6366486736116064
inter_date,instance_normalized,0.7027698816512493
inter_date,instance_normalized,0.6447441074754614
inter_date,instance_normalized,1.2984577526318604
inter_date,instance_normalized,1.110606740403711
inter_date,instance_normalized,1.58637299808332
inter_date,instance_normalized,1.2722004763732115
inter_date,instance_normalized,0.42013022781674275
inter_date,instance_normalized,1.8771738208981525
inter_date,instance_normalized,1.8655728520485373
inter_date,instance_normalized,1.8365021032108084
inter_date,instance_normalized,1.7201619792865384
inter_date,instance_normalized,1.7862834416674758
inter_date,instance_normalized,1.4956471432577925
inter_date,instance_normalized,1.4427850407599923
inter_date,instance_normalized,0.4868640315929329
inter_date,instance_normalized,1.8650368404413424
inter_date,instance_normalized,1.8469263817147223
inter_date,instance_normalized,1.8165327268524925
inter_date,instance_normalized,1.6310601373318632
inter_date,instance_normalized,1.7170970400990813
inter_date,instance_normalized,1.356298625609463
inter_date,instance_normalized,1.8099484572852673
inter_date,instance_normalized,1.7612025463230714
inter_date,instance_normalized,0.7033152426422827
inter_date,instance_normalized,0.6432896478334557
inter_date,instance_normalized,0.6748339912007907
inter_date,instance_normalized,0.5170663259810071
inter_date,instance_normalized,0.43014924819304196
inter_date,instance_normalized,0.9632643572794983
inter_date,instance_normalized,1.478028764316545
inter_date,instance_normalized,0.47557827894442367
inter_date,instance_normalized,1.8693457471743748
inter_date,instance_normalized,1.8233671843754873
inter_date,instance_normalized,1.8311354671541176
inter_date,instance_normalized,1.642163626062985
inter_date,instance_normalized,1.7425369216702051
inter_date,instance_normalized,1.3376938484772072
inter_date,instance_normalized,1.3871210244595846
inter_date,instance_normalized,0.3756523294556774
inter_date,instance_normalized,1.8358011172594502
inter_date,instance_normalized,1.786599109093088
inter_date,instance_normalized,1.8020432672896198
inter_date,instance_normalized,1.6664827713685029
inter_date,instance_normalized,1.7468708719650428
inter_date,instance_normalized,1.3938181079172076
inter_date,instance_normalized,1.7600259025146052
inter_date,instance_normalized,1.20883015420361
inter_date,instance_normalized,1.5564434282091995
inter_date,instance_normalized,1.501755717113764
inter_date,instance_normalized,1.5355610938105204
inter_date,instance_normalized,1.0171679987901918
inter_date,instance_normalized,1.2558264426044206
inter_date,instance_normalized,0.5778685629420937
inter_date,instance_normalized,1.693812302957915
inter_date,instance_normalized,1.0366782690328613
inter_date,instance_normalized,1.6599846250871064
inter_date,instance_normalized,1.6033627774013586
inter_date,instance_normalized,1.6436222424372535
inter_date,instance_normalized,1.241675884447313
inter_date,instance_normalized,1.421092490985852
inter_date,instance_normalized,0.8121855194651281
inter_date,instance_normalized,1.5341142903728564
inter_date,instance_normalized,1.7842513825858413
inter_date,instance_normalized,0.7277018851469328
inter_date,instance_normalized,0.6938597685083163
inter_date,instance_normalized,0.6534262311100013
inter_date,instance_normalized,1.2728534606891984
inter_date,instance_normalized,1.0741479642078149
inter_date,instance_normalized,1.5316596808664917
inter_date,instance_normalized,1.2624441165347846
inter_date,instance_normalized,0.3542336633889427
inter_date,instance_normalized,1.8185421947901568
inter_date,instance_normalized,1.7916347805136568
inter_date,instance_normalized,1.7962302499285163
inter_date,instance_normalized,1.7341810433104532
inter_date,instance_normalized,1.7869579684635097
inter_date,instance_normalized,1.5424769696920952
inter_date,instance_normalized,1.4109242637041524
inter_date,instance_normalized,0.43591063097165916
inter_date,instance_normalized,1.811312389452249
inter_date,instance_normalized,1.7781152472049655
inter_date,instance_normalized,1.7861474598872193
inter_date,instance_normalized,1.6691521698935519
inter_date,instance_normalized,1.7372923733271988
inter_date,instance_normalized,1.4020659366447674
inter_date,instance_normalized,1.7866464941802929
inter_date,instance_normalized,1.7181167306231941
inter_date,instance_normalized,0.7962173274538497
inter_date,instance_normalized,0.7808555492987564
inter_date,instance_normalized,0.8025888236526941
inter_date,instance_normalized,0.5066498669822823
inter_date,instance_normalized,0.35667670828520426
inter_date,instance_normalized,0.9184065626724854
inter_date,instance_normalized,1.4228555768857738
inter_date,instance_normalized,0.6168175708741926
inter_date,instance_normalized,1.8081560115048605
inter_date,instance_normalized,1.7725740702757722
inter_date,instance_normalized,1.7990625841612589
inter_date,instance_normalized,1.668872216122506
inter_date,instance_normalized,1.7564666070882609
inter_date,instance_normalized,1.4269738493104402
inter_date,instance_normalized,1.385465859465529
inter_date,instance_normalized,0.6100936785583649
inter_date,instance_normalized,1.8074490636382878
inter_date,instance_normalized,1.7737660150462327
inter_date,instance_normalized,1.7939175585593232
inter_date,instance_normalized,1.6784181680000503
inter_date,instance_normalized,1.760120583994571
inter_date,instance_normalized,1.4352426647256882
inter_date,instance_normalized,1.7929483854779913
inter_date,instance_normalized,1.20177033135006
inter_date,instance_normalized,1.5426639661758206
inter_date,instance_normalized,1.5183301981670334
inter_date,instance_normalized,1.5660698842532608
inter_date,instance_normalized,1.0333386588387246
inter_date,instance_normalized,1.2477902839509234
inter_date,instance_normalized,0.5945481982209155
inter_date,instance_normalized,1.7644323545886107
inter_date,instance_normalized,1.051086170269605
inter_date,instance_normalized,1.638304588092376
inter_date,instance_normalized,1.6157715875956369
inter_date,instance_normalized,1.6556628614024997
inter_date,instance_normalized,1.2168903126084083
inter_date,instance_normalized,1.4019796592760927
inter_date,instance_normalized,0.8446428842343492
inter_date,instance_normalized,1.4366783178008478
inter_date,instance_normalized,1.79335798601972
inter_date,instance_normalized,0.796052207793543
inter_date,instance_normalized,0.7864793126632764
inter_date,instance_normalized,0.7527621679880935
inter_date,instance_normalized,1.3154303399593765
inter_date,instance_normalized,1.1140560258069545
inter_date,instance_normalized,1.6026083440269132
inter_date,instance_normalized,1.2573949892927156
inter_date,instance_normalized,0.5184364813404297
inter_date,instance_normalized,1.8257297243618666
inter_date,instance_normalized,1.7857240625383606
inter_date,instance_normalized,1.803187866572922
inter_date,instance_normalized,1.7277640940258485
inter_date,instance_normalized,1.7626330258839253
inter_date,instance_normalized,1.5601704317177854
inter_date,instance_normalized,1.418108468138167
inter_date,instance_normalized,0.623658064047579
inter_date,instance_normalized,1.795818595177291
inter_date,instance_normalized,1.7643457756427934
inter_date,instance_normalized,1.7876785531499322
inter_date,instance_normalized,1.659197144734531
inter_date,instance_normalized,1.7352508694021316
inter_date,instance_normalized,1.412383006502364
inter_date,instance_normalized,1.800761235169065
inter_date,instance_normalized,1.7468420564853235
inter_date,instance_normalized,0.6794479076285779
inter_date,instance_normalized,0.6727662368660156
inter_date,instance_normalized,0.6623893057862669
inter_date,instance_normalized,0.45200475804483364
inter_date,instance_normalized,0.2925459998696844
inter_date,instance_normalized,0.8928204909250673
inter_date,instance_normalized,1.5174238968393108
inter_date,instance_normalized,0.5587750683425693
inter_date,instance_normalized,1.8669856054820384
inter_date,instance_normalized,1.8540436105219724
inter_date,instance_normalized,1.8394425324251322
inter_date,instance_normalized,1.6134807538392373
inter_date,instance_normalized,1.7316128016381067
inter_date,instance_normalized,1.3313478937993564
inter_date,instance_normalized,1.5159093434342483
inter_date,instance_normalized,0.5544714328476658
inter_date,instance_normalized,1.7694697997020485
inter_date,instance_normalized,1.736535124273628
inter_date,instance_normalized,1.732373126544428
inter_date,instance_normalized,1.5186916179988605
inter_date,instance_normalized,1.6334448722711088
inter_date,instance_normalized,1.2713871512024157
inter_date,instance_normalized,1.8025864115331118
inter_date,instance_normalized,1.310798673147888
inter_date,instance_normalized,1.4346786907533986
inter_date,instance_normalized,1.3922068935937537
inter_date,instance_normalized,1.406574057795652
inter_date,instance_normalized,0.8798854470172133
inter_date,instance_normalized,1.1089100365619728
inter_date,instance_normalized,0.5013708822610383
inter_date,instance_normalized,1.768455389416099
inter_date,instance_normalized,1.1159758304088712
inter_date,instance_normalized,1.5676054471226286
inter_date,instance_normalized,1.5304543319373565
inter_date,instance_normalized,1.545739282235269
inter_date,instance_normalized,1.0645563851729047
inter_date,instance_normalized,1.2744912245653517
inter_date,instance_normalized,0.6908047287914919
inter_date,instance_normalized,1.411436487264405
inter_date,instance_normalized,1.7553696163302142
inter_date,instance_normalized,0.7815430581382667
inter_date,instance_normalized,0.7473575381428645
inter_date,instance_normalized,0.7281763243390996
inter_date,instance_normalized,1.3539288092539932
inter_date,instance_normalized,1.1628561928818744
inter_date,instance_normalized,1.6246684834904945
inter_date,instance_normalized,1.3472606458573804
inter_date,instance_normalized,0.40122484808004477
inter_date,instance_normalized,1.862140447405858
inter_date,instance_normalized,1.8418852540378
inter_date,instance_normalized,1.8366929785584811
inter_date,instance_normalized,1.6770728612047845
inter_date,instance_normalized,1.7621643602838686
inter_date,instance_normalized,1.4628137025948735
inter_date,instance_normalized,1.5097534987609222
inter_date,instance_normalized,0.5340776475599617
inter_date,instance_normalized,1.8201411267084975
inter_date,instance_normalized,1.79961191095293
inter_date,instance_normalized,1.796054576410946
inter_date,instance_normalized,1.578759203438536
inter_date,instance_normalized,1.6952775356076952
inter_date,instance_normalized,1.3050791093904979
inter_date,instance_normalized,1.707934577456904
inter_date,instance_normalized,1.7541017199950146
inter_date,instance_normalized,0.8784600992802556
inter_date,instance_normalized,0.9647434048247784
inter_date,instance_normalized,0.873830682893153
inter_date,instance_normalized,0.5227195813672614
inter_date,instance_normalized,0.47559347903236926
inter_date,instance_normalized,0.9654413003191874
inter_date,instance_normalized,1.4765771031496753
inter_date,instance_normalized,0.6807650818321261
inter_date,instance_normalized,1.7379539581260197
inter_date,instance_normalized,1.7962307712656003
inter_date,instance_normalized,1.7169110491460275
inter_date,instance_normalized,1.6405367547994898
inter_date,instance_normalized,1.7100714416859275
inter_date,instance_normalized,1.4468130705750288
inter_date,instance_normalized,1.5028478967367795
inter_date,instance_normalized,0.7135053024058624
inter_date,instance_normalized,1.7220197021813157
inter_date,instance_normalized,1.7895651439470148
inter_date,instance_normalized,1.7024114493168367
inter_date,instance_normalized,1.6318984621096229
inter_date,instance_normalized,1.6942798278285767
inter_date,instance_normalized,1.4457357267423498
inter_date,instance_normalized,1.7328613995723137
inter_date,instance_normalized,1.3414711965909112
inter_date,instance_normalized,1.4949869758207301
inter_date,instance_normalized,1.5558427633947123
inter_date,instance_normalized,1.502341315329639
inter_date,instance_normalized,1.058280376627216
inter_date,instance_normalized,1.285738943760456
inter_date,instance_normalized,0.686202084589081
inter_date,instance_normalized,1.7087624051843433
inter_date,instance_normalized,1.1943427888475833
inter_date,instance_normalized,1.5805771579223213
inter_date,instance_normalized,1.6249922876058387
inter_date,instance_normalized,1.5664771225425336
inter_date,instance_normalized,1.2157463866945593
inter_date,instance_normalized,1.4206568268416842
inter_date,instance_normalized,0.9132131594852838
inter_date,instance_normalized,1.339591919335262
inter_date,instance_normalized,1.735952757957303
inter_date,instance_normalized,0.9130784716895158
inter_date,instance_normalized,0.9449394018397173
inter_date,instance_normalized,0.81512880827534
inter_date,instance_normalized,1.4003251770664573
inter_date,instance_normalized,1.182950030641588
inter_date,instance_normalized,1.676472721447387
inter_date,instance_normalized,1.3798886348860853
inter_date,instance_normalized,0.6585487088776598
inter_date,instance_normalized,1.7413397791595957
inter_date,instance_normalized,1.8043412087184318
inter_date,instance_normalized,1.7195944128812433
inter_date,instance_normalized,1.6438971181496371
inter_date,instance_normalized,1.6870395017727622
inter_date,instance_normalized,1.550647914165323
inter_date,instance_normalized,1.5199852653522385
inter_date,instance_normalized,0.7521836247675722
inter_date,instance_normalized,1.7008550612601345
inter_date,instance_normalized,1.7655295362229435
inter_date,instance_normalized,1.6873672767456662
inter_date,instance_normalized,1.6011144154450077
inter_date,instance_normalized,1.6732933861184662
inter_date,instance_normalized,1.4255668415476082
inter_date,instance_normalized,1.6738759952520337
inter_date,instance_normalized,1.713351223282333
inter_date,instance_normalized,0.812692095475453
inter_date,instance_normalized,0.7933333486233014
inter_date,instance_normalized,0.8284155151504345
inter_date,instance_normalized,0.7589647470881231
inter_date,instance_normalized,0.5959954034489252
inter_date,instance_normalized,1.1674135386521085
inter_date,instance_normalized,1.589314180905229
inter_date,instance_normalized,0.7809408352977458
inter_date,instance_normalized,1.6708467998729597
inter_date,instance_normalized,1.633618744577267
inter_date,instance_normalized,1.6402803010124554
inter_date,instance_normalized,1.5253797192556173
inter_date,instance_normalized,1.5985809335852308
inter_date,instance_normalized,1.3057918087507674
inter_date,instance_normalized,1.3900621727806122
inter_date,instance_normalized,0.5023532484569465
inter_date,instance_normalized,1.8281738178513902
inter_date,instance_normalized,1.7946420749104575
inter_date,instance_normalized,1.8010604520197497
inter_date,instance_normalized,1.648369897760259
inter_date,instance_normalized,1.7289016378912303
inter_date,instance_normalized,1.3935387871373999
inter_date,instance_normalized,1.7297798538808193
inter_date,instance_normalized,1.2141518666834137
inter_date,instance_normalized,1.5343140391515089
inter_date,instance_normalized,1.5055461450733234
inter_date,instance_normalized,1.5110522620406721
inter_date,instance_normalized,1.022438906323054
inter_date,instance_normalized,1.228312040039468
inter_date,instance_normalized,0.5689614127047696
inter_date,instance_normalized,1.660279416016729
inter_date,instance_normalized,1.0508798478042114
inter_date,instance_normalized,1.6369298034575728
inter_date,instance_normalized,1.6000181092101708
inter_date,instance_normalized,1.6138066768428176
inter_date,instance_normalized,1.2015351954836784
inter_date,instance_normalized,1.3624062219106903
inter_date,instance_normalized,0.8225011891646636
inter_date,instance_normalized,1.5101363129165433
inter_date,instance_normalized,1.8492982883989182
inter_date,instance_normalized,0.7103950953842747
inter_date,instance_normalized,0.719440449057183
inter_date,instance_normalized,0.6864553958840116
inter_date,instance_normalized,1.3161575913587433
inter_date,instance_normalized,1.1234334191849593
inter_date,instance_normalized,1.601670664599127
inter_date,instance_normalized,1.2378048896220324
inter_date,instance_normalized,0.4336516576646173
inter_date,instance_normalized,1.8468972526152094
inter_date,instance_normalized,1.831243144806591
inter_date,instance_normalized,1.82362292031797
inter_date,instance_normalized,1.7334421225782572
inter_date,instance_normalized,1.7786939093231933
inter_date,instance_normalized,1.536984915035858
inter_date,instance_normalized,1.3969419371900105
inter_date,instance_normalized,0.5379434694478922
inter_date,instance_normalized,1.8301720839472109
inter_date,instance_normalized,1.8179277388442796
inter_date,instance_normalized,1.8147966893305503
inter_date,instance_normalized,1.6619666100576387
inter_date,instance_normalized,1.7354818453195053
inter_date,instance_normalized,1.3981905548258156
inter_date,instance_normalized,1.7442823984873492
inter_date,instance_normalized,1.764370959981854
inter_date,instance_normalized,0.7015146426829599
inter_date,instance_normalized,0.7081120253158724
inter_date,instance_normalized,0.7200255520896955
inter_date,instance_normalized,0.5319878526460536
inter_date,instance_normalized,0.3915660906883129
inter_date,instance_normalized,1.0121782669059098
inter_date,instance_normalized,1.5881121990463725
inter_date,instance_normalized,0.699096106888474
inter_date,instance_normalized,1.72623886867085
inter_date,instance_normalized,1.731691284865466
inter_date,instance_normalized,1.7266157651695857
inter_date,instance_normalized,1.5886624619858916
inter_date,instance_normalized,1.6956192933133925
inter_date,instance_normalized,1.3373186859706994
inter_date,instance_normalized,1.5709473099271394
inter_date,instance_normalized,0.6945310749861792
inter_date,instance_normalized,1.6709275103097316
inter_date,instance_normalized,1.6575205145899088
inter_date,instance_normalized,1.6593553334422688
inter_date,instance_normalized,1.5484301439729276
inter_date,instance_normalized,1.6535751760949458
inter_date,instance_normalized,1.3260330295515688
inter_date,instance_normalized,1.7921233840465882
inter_date,instance_normalized,1.4058008357135197
inter_date,instance_normalized,1.3971485906611956
inter_date,instance_normalized,1.4021734216931994
inter_date,instance_normalized,1.433306828925041
inter_date,instance_normalized,0.9676764284016652
inter_date,instance_normalized,1.177059468478706
inter_date,instance_normalized,0.4850503962733469
inter_date,instance_normalized,1.7881319387840187
inter_date,instance_normalized,1.2083803608818582
inter_date,instance_normalized,1.5194102996741419
inter_date,instance_normalized,1.514524269947376
inter_date,instance_normalized,1.5412544511832924
inter_date,instance_normalized,1.149425233979519
inter_date,instance_normalized,1.3370478422482661
inter_date,instance_normalized,0.7821057124727796
inter_date,instance_normalized,1.360971723812677
inter_date,instance_normalized,1.744745459067465
inter_date,instance_normalized,0.808771369238324
inter_date,instance_normalized,0.8299065234550435
inter_date,instance_normalized,0.7979368309234652
inter_date,instance_normalized,1.4377843587581898
inter_date,instance_normalized,1.2804439897788114
inter_date,instance_normalized,1.7197243054333522
inter_date,instance_normalized,1.4047241240334143
inter_date,instance_normalized,0.5426142646901105
inter_date,instance_normalized,1.7540542463107243
inter_date,instance_normalized,1.7544667178187008
inter_date,instance_normalized,1.7409167647719959
inter_date,instance_normalized,1.637035369116299
inter_date,instance_normalized,1.7116280791394642
inter_date,instance_normalized,1.4733311667710958
inter_date,instance_normalized,1.561262015625897
inter_date,instance_normalized,0.6594702008550501
inter_date,instance_normalized,1.7133237594040287
inter_date,instance_normalized,1.7159095576895358
inter_date,instance_normalized,1.710365206589116
inter_date,instance_normalized,1.5607657384636817
inter_date,instance_normalized,1.670291349666244
inter_date,instance_normalized,1.3336384289334315
inter_date,instance_normalized,1.80246183108443
inter_date,instance_normalized,1.8018018173008754
inter_date,instance_normalized,0.6287565721659615
inter_date,instance_normalized,0.629831931974302
inter_date,instance_normalized,0.6031052963844077
inter_date,instance_normalized,0.5402135386498553
inter_date,instance_normalized,0.31840164475038535
inter_date,instance_normalized,1.0253788865621696
inter_date,instance_normalized,1.484084803961885
inter_date,instance_normalized,0.5169178136004704
inter_date,instance_normalized,1.8257264087340959
inter_date,instance_normalized,1.7966312630297714
inter_date,instance_normalized,1.7869094867427098
inter_date,instance_normalized,1.564301732171052
inter_date,instance_normalized,1.6798080341902515
inter_date,instance_normalized,1.2822213725719909
inter_date,instance_normalized,1.4955516214014997
inter_date,instance_normalized,0.529614040316629
inter_date,instance_normalized,1.8312925431441744
inter_date,instance_normalized,1.8141883736972624
inter_date,instance_normalized,1.79644062948848
inter_date,instance_normalized,1.5795094066406843
inter_date,instance_normalized,1.693982458228364
inter_date,instance_normalized,1.287302845428117
inter_date,instance_normalized,1.8294572059725867
inter_date,instance_normalized,1.3511154644644623
inter_date,instance_normalized,1.449666509652169
inter_date,instance_normalized,1.4310728911989339
inter_date,instance_normalized,1.4279012827084878
inter_date,instance_normalized,0.878575092643857
inter_date,instance_normalized,1.0980364042574107
inter_date,instance_normalized,0.3692813257126857
inter_date,instance_normalized,1.7732740190652745
inter_date,instance_normalized,1.143392276589533
inter_date,instance_normalized,1.6020886679448292
inter_date,instance_normalized,1.5717869492605192
inter_date,instance_normalized,1.5714572837971352
inter_date,instance_normalized,1.1134350278767116
inter_date,instance_normalized,1.2987760984779764
inter_date,instance_normalized,0.6861664321553711
inter_date,instance_normalized,1.4400321644137934
inter_date,instance_normalized,1.8455507399559474
inter_date,instance_normalized,0.7382093289017648
inter_date,instance_normalized,0.725831342530619
inter_date,instance_normalized,0.7131332393800149
inter_date,instance_normalized,1.3598546528713376
inter_date,instance_normalized,1.1913634917178815
inter_date,instance_normalized,1.6611064913470999
inter_date,instance_normalized,1.3290844563318278
inter_date,instance_normalized,0.27581644656719245
inter_date,instance_normalized,1.8454409421195777
inter_date,instance_normalized,1.8241575145649804
inter_date,instance_normalized,1.810694918891132
inter_date,instance_normalized,1.6863175118976987
inter_date,instance_normalized,1.7608920706658142
inter_date,instance_normalized,1.4657598681929211
inter_date,instance_normalized,1.4898663980214784
inter_date,instance_normalized,0.4551076765349376
inter_date,instance_normalized,1.8163708466102284
inter_date,instance_normalized,1.79349175410671
inter_date,instance_normalized,1.7810824316797254
inter_date,instance_normalized,1.5895572974433254
inter_date,instance_normalized,1.6943812219817007
inter_date,instance_normalized,1.3040550909267925
inter_date,instance_normalized,1.7779255908938583
inter_date,instance_normalized,1.799281153872292
inter_date,instance_normalized,0.6610312475549562
inter_date,instance_normalized,0.7510271845282491
inter_date,instance_normalized,0.7448822185187509
inter_date,instance_normalized,0.4895351213120791
inter_date,instance_normalized,0.33538624356426733
inter_date,instance_normalized,0.971012972033969
inter_date,instance_normalized,1.5698174621680006
inter_date,instance_normalized,0.5624626515514828
inter_date,instance_normalized,1.7639905202765607
inter_date,instance_normalized,1.7588704020135175
inter_date,instance_normalized,1.765633794647754
inter_date,instance_normalized,1.636758946365064
inter_date,instance_normalized,1.712977134775773
inter_date,instance_normalized,1.3143557997799233
inter_date,instance_normalized,1.5686581064125842
inter_date,instance_normalized,0.5593059701617266
inter_date,instance_normalized,1.7468208460470942
inter_date,instance_normalized,1.731035276194797
inter_date,instance_normalized,1.74383504132058
inter_date,instance_normalized,1.6211058715003044
inter_date,instance_normalized,1.693500306597658
inter_date,instance_normalized,1.3044839783208664
inter_date,instance_normalized,1.8122320479421317
inter_date,instance_normalized,1.4300820938142869
inter_date,instance_normalized,1.4283388347089128
inter_date,instance_normalized,1.4302658157384793
inter_date,instance_normalized,1.4601370159379874
inter_date,instance_normalized,0.9426839815528758
inter_date,instance_normalized,1.1344243753892183
inter_date,instance_normalized,0.5355991728171445
inter_date,instance_normalized,1.7436481288627201
inter_date,instance_normalized,1.1884776866460993
inter_date,instance_normalized,1.5762519617158737
inter_date,instance_normalized,1.5066009539927905
inter_date,instance_normalized,1.5637992267689502
inter_date,instance_normalized,1.1646687739855694
inter_date,instance_normalized,1.3341745525014774
inter_date,instance_normalized,0.8185214716643467
inter_date,instance_normalized,1.4384618096629738
inter_date,instance_normalized,1.7906186825486392
inter_date,instance_normalized,0.8578510643592595
inter_date,instance_normalized,0.8189782253011054
inter_date,instance_normalized,0.759870475137172
inter_date,instance_normalized,1.3123106319819295
inter_date,instance_normalized,1.133678966028272
inter_date,instance_normalized,1.5977259073111605
inter_date,instance_normalized,1.3831442817678294
inter_date,instance_normalized,0.29571400601860953
inter_date,instance_normalized,1.801855637730027
inter_date,instance_normalized,1.7967974112602094
inter_date,instance_normalized,1.8065787171401624
inter_date,instance_normalized,1.7219555362810144
inter_date,instance_normalized,1.7621215030579356
inter_date,instance_normalized,1.50054519933047
inter_date,instance_normalized,1.5400446938450179
inter_date,instance_normalized,0.5517329254854165
inter_date,instance_normalized,1.7682081461632086
inter_date,instance_normalized,1.7663095503854462
inter_date,instance_normalized,1.7767434878044732
inter_date,instance_normalized,1.652567879812269
inter_date,instance_normalized,1.7228615098959048
inter_date,instance_normalized,1.3296505077878988
inter_date,instance_normalized,1.881979394576835
inter_date,instance_normalized,1.8070389340376876
inter_date,instance_normalized,0.7813909790621082
inter_date,instance_normalized,0.9352852864904582
inter_date,instance_normalized,0.8623463430260646
inter_date,instance_normalized,0.5862190815811464
inter_date,instance_normalized,0.5042494609595903
inter_date,instance_normalized,0.9786313550838783
inter_date,instance_normalized,1.463090414139317
inter_date,instance_normalized,0.41998165042613983
inter_date,instance_normalized,1.7938297638759708
inter_date,instance_normalized,1.7798087230477306
inter_date,instance_normalized,1.7993968545575758
inter_date,instance_normalized,1.5867598986514644
inter_date,instance_normalized,1.672066061091396
inter_date,instance_normalized,1.3522373618278445
inter_date,instance_normalized,1.471719809124639
inter_date,instance_normalized,0.43289436411763504
inter_date,instance_normalized,1.7627272938576202
inter_date,instance_normalized,1.7418676110220934
inter_date,instance_normalized,1.7519333563628035
inter_date,instance_normalized,1.5452948988327844
inter_date,instance_normalized,1.625263579806665
inter_date,instance_normalized,1.3046403524459895
inter_date,instance_normalized,1.8427827925672993
inter_date,instance_normalized,1.3313914752696459
inter_date,instance_normalized,1.4804797033787427
inter_date,instance_normalized,1.4498511095912634
inter_date,instance_normalized,1.461869563842105
inter_date,instance_normalized,0.9635436819264532
inter_date,instance_normalized,1.138826358944129
inter_date,instance_normalized,0.5549741370518121
inter_date,instance_normalized,1.7351428561038236
inter_date,instance_normalized,1.1132463981766878
inter_date,instance_normalized,1.5585045754309366
inter_date,instance_normalized,1.487893718405089
inter_date,instance_normalized,1.512084200288812
inter_date,instance_normalized,1.137252466765801
inter_date,instance_normalized,1.2815935353450494
inter_date,instance_normalized,0.7720611574621941
inter_date,instance_normalized,1.478425018730857
inter_date,instance_normalized,1.855816795684487
inter_date,instance_normalized,0.7675290922965088
inter_date,instance_normalized,0.8099039104047187
inter_date,instance_normalized,0.7719307547180201
inter_date,instance_normalized,1.3867866650874772
inter_date,instance_normalized,1.1966470012785502
inter_date,instance_normalized,1.6601509740959728
inter_date,instance_normalized,1.3515420706415753
inter_date,instance_normalized,0.45275122609447555
inter_date,instance_normalized,1.7934919739400612
inter_date,instance_normalized,1.8207895986573877
inter_date,instance_normalized,1.8183715516380594
inter_date,instance_normalized,1.6419684463662076
inter_date,instance_normalized,1.7273634444932964
inter_date,instance_normalized,1.462772077093616
inter_date,instance_normalized,1.508689077318621
inter_date,instance_normalized,0.5387842172202532
inter_date,instance_normalized,1.7541767593496698
inter_date,instance_normalized,1.7742895830399046
inter_date,instance_normalized,1.773998159602138
inter_date,instance_normalized,1.555919896375333
inter_date,instance_normalized,1.6526648516204165
inter_date,instance_normalized,1.3168897113470819
inter_date,instance_normalized,1.7754033830192948
inter_date,instance_normalized,1.8064287983273428
inter_date,instance_normalized,0.6338143988506882
inter_date,instance_normalized,0.64773233916863
inter_date,instance_normalized,0.6757152686429022
inter_date,instance_normalized,0.5576478428682062
inter_date,instance_normalized,0.43837756592334226
inter_date,instance_normalized,1.0087326876332408
inter_date,instance_normalized,1.5630006333190047
inter_date,instance_normalized,0.6234358240418532
inter_date,instance_normalized,1.783576578941708
inter_date,instance_normalized,1.8093045659097973
inter_date,instance_normalized,1.7879478989634758
inter_date,instance_normalized,1.5736830316303607
inter_date,instance_normalized,1.6988176982341752
inter_date,instance_normalized,1.2539942721426596
inter_date,instance_normalized,1.489748716339587
inter_date,instance_normalized,0.5396611395754384
inter_date,instance_normalized,1.789113202039933
inter_date,instance_normalized,1.793386358539702
inter_date,instance_normalized,1.7849226821414947
inter_date,instance_normalized,1.6150993397405253
inter_date,instance_normalized,1.7408386469208448
inter_date,instance_normalized,1.338535073534914
inter_date,instance_normalized,1.8219952839528883
inter_date,instance_normalized,1.2992916046005707
inter_date,instance_normalized,1.4577039840555681
inter_date,instance_normalized,1.472487216473382
inter_date,instance_normalized,1.4937201899628623
inter_date,instance_normalized,0.9893697052823064
inter_date,instance_normalized,1.21478301196281
inter_date,instance_normalized,0.5891711957534058
inter_date,instance_normalized,1.792929144366
inter_date,instance_normalized,1.1288011718216289
inter_date,instance_normalized,1.5933856270373465
inter_date,instance_normalized,1.5940107077389605
inter_date,instance_normalized,1.6199342809141184
inter_date,instance_normalized,1.15617174489831
inter_date,instance_normalized,1.3742446555629344
inter_date,instance_normalized,0.7676452861718736
inter_date,instance_normalized,1.425053396469724
inter_date,instance_normalized,1.8127664349894632
inter_date,instance_normalized,0.7527024261859556
inter_date,instance_normalized,0.7403862738624539
inter_date,instance_normalized,0.6843968785068788
inter_date,instance_normalized,1.3175579512289322
inter_date,instance_normalized,1.1252796002900598
inter_date,instance_normalized,1.6008541444742377
inter_date,instance_normalized,1.324849217738399
inter_date,instance_normalized,0.3795760754573837
inter_date,instance_normalized,1.837084958773805
inter_date,instance_normalized,1.849923489114339
inter_date,instance_normalized,1.8372854277465434
inter_date,instance_normalized,1.7314443856522301
inter_date,instance_normalized,1.8227783827603177
inter_date,instance_normalized,1.4865126837865812
inter_date,instance_normalized,1.482066334021998
inter_date,instance_normalized,0.5219634560569183
inter_date,instance_normalized,1.8114306940733818
inter_date,instance_normalized,1.8242190097141615
inter_date,instance_normalized,1.8176450841542524
inter_date,instance_normalized,1.6294957935758863
inter_date,instance_normalized,1.756847093643835
inter_date,instance_normalized,1.3308174004610145
inter_date,instance_normalized,1.7849139224865207
inter_date,instance_normalized,1.7182486002938797
inter_date,instance_normalized,0.789980795963138
inter_date,instance_normalized,0.8107070026343438
inter_date,instance_normalized,0.8026605663818531
inter_date,instance_normalized,0.4617947762389642
inter_date,instance_normalized,0.36540420374607296
inter_date,instance_normalized,0.9708490692578765
inter_date,instance_normalized,1.4036760422284476
inter_date,instance_normalized,0.4575736335886576
inter_date,instance_normalized,1.7358612817240986
inter_date,instance_normalized,1.7284074606174935
inter_date,instance_normalized,1.7192266899375217
inter_date,instance_normalized,1.5890958314306378
inter_date,instance_normalized,1.6419936943917457
inter_date,instance_normalized,1.3585527529478891
inter_date,instance_normalized,1.4155494218162645
inter_date,instance_normalized,0.4547664467071311
inter_date,instance_normalized,1.7173993639446126
inter_date,instance_normalized,1.7200856948712022
inter_date,instance_normalized,1.7062945729569268
inter_date,instance_normalized,1.5657602022851849
inter_date,instance_normalized,1.621344272902228
inter_date,instance_normalized,1.328107684116333
inter_date,instance_normalized,1.742800172779227
inter_date,instance_normalized,1.2743998665147027
inter_date,instance_normalized,1.4625979852646134
inter_date,instance_normalized,1.4551944247978088
inter_date,instance_normalized,1.4540618496742412
inter_date,instance_normalized,1.0065285979036185
inter_date,instance_normalized,1.1885179121941263
inter_date,instance_normalized,0.5716059356002916
inter_date,instance_normalized,1.7518920651291339
inter_date,instance_normalized,1.163877498940838
inter_date,instance_normalized,1.5797996275034625
inter_date,instance_normalized,1.5764281226568997
inter_date,instance_normalized,1.577179603712976
inter_date,instance_normalized,1.1771298026853847
inter_date,instance_normalized,1.3212040857913563
inter_date,instance_normalized,0.8379381712006695
inter_date,instance_normalized,1.503612683641455
inter_date,instance_normalized,1.807690884908085
inter_date,instance_normalized,0.8691357361762195
inter_date,instance_normalized,0.8522277046287385
inter_date,instance_normalized,0.8240295689778175
inter_date,instance_normalized,1.4275605980414479
inter_date,instance_normalized,1.2300748229499787
inter_date,instance_normalized,1.7006450281972052
inter_date,instance_normalized,1.296729743561717
inter_date,instance_normalized,0.2911248773690132
inter_date,instance_normalized,1.7363939419238597
inter_date,instance_normalized,1.7179975485668197
inter_date,instance_normalized,1.7167102394172324
inter_date,instance_normalized,1.6108729168374973
inter_date,instance_normalized,1.6408259660830906
inter_date,instance_normalized,1.4261924512488793
inter_date,instance_normalized,1.4432027494569835
inter_date,instance_normalized,0.47000959712322626
inter_date,instance_normalized,1.7010299369337885
inter_date,instance_normalized,1.6810326783803322
inter_date,instance_normalized,1.67840801227826
inter_date,instance_normalized,1.5413298704574179
inter_date,instance_normalized,1.6019244475955878
inter_date,instance_normalized,1.297569538236873
inter_date,instance_normalized,1.8230395334538605
inter_date,instance_normalized,1.6923940113652127
inter_date,instance_normalized,0.8812715681920661
inter_date,instance_normalized,0.9627752421577942
inter_date,instance_normalized,0.9180159352327762
inter_date,instance_normalized,0.6752785240321435
inter_date,instance_normalized,0.5144477090855853
inter_date,instance_normalized,0.972958379265833
inter_date,instance_normalized,1.3820545950109075
inter_date,instance_normalized,0.6174906564419202
inter_date,instance_normalized,1.8323158342512202
inter_date,instance_normalized,1.7981618128968058
inter_date,instance_normalized,1.8046699328507019
inter_date,instance_normalized,1.6787064614366822
inter_date,instance_normalized,1.752864750914088
inter_date,instance_normalized,1.436448505568887
inter_date,instance_normalized,1.3848627336375126
inter_date,instance_normalized,0.6107425011205242
inter_date,instance_normalized,1.8104571996662406
inter_date,instance_normalized,1.8141710992843596
inter_date,instance_normalized,1.7902517054784832
inter_date,instance_normalized,1.6522648733723388
inter_date,instance_normalized,1.7131002107407372
inter_date,instance_normalized,1.4153413823506276
inter_date,instance_normalized,1.7519015594962755
inter_date,instance_normalized,1.2041768602644123
inter_date,instance_normalized,1.52520573165526
inter_date,instance_normalized,1.5098127001672372
inter_date,instance_normalized,1.5074164563951444
inter_date,instance_normalized,1.0673764777858876
inter_date,instance_normalized,1.2550822205139187
inter_date,instance_normalized,0.7203909683394636
inter_date,instance_normalized,1.6784222312461747
inter_date,instance_normalized,1.052245034247864
inter_date,instance_normalized,1.6173413268796404
inter_date,instance_normalized,1.549351407803905
inter_date,instance_normalized,1.5766669805699236
inter_date,instance_normalized,1.229035336433509
inter_date,instance_normalized,1.3787409657987224
inter_date,instance_normalized,0.8794201302360711
inter_date,instance_normalized,1.5052130576085638
inter_date,instance_normalized,1.7684093278972628
inter_date,instance_normalized,0.8694863197918177
inter_date,instance_normalized,0.8887475896674669
inter_date,instance_normalized,0.8240619420197779
inter_date,instance_normalized,1.3136425080474643
inter_date,instance_normalized,1.1323997606286356
inter_date,instance_normalized,1.5523112839963
inter_date,instance_normalized,1.272486748534692
inter_date,instance_normalized,0.5071973959566661
inter_date,instance_normalized,1.7682776854651279
inter_date,instance_normalized,1.79465889276967
inter_date,instance_normalized,1.7601079810387457
inter_date,instance_normalized,1.667797746156825
inter_date,instance_normalized,1.7338892511975703
inter_date,instance_normalized,1.511361913432084
inter_date,instance_normalized,1.4312116430796304
inter_date,instance_normalized,0.6662237682289686
inter_date,instance_normalized,1.7451805018126676
inter_date,instance_normalized,1.7752092220176452
inter_date,instance_normalized,1.7450454658139025
inter_date,instance_normalized,1.6068296856231317
inter_date,instance_normalized,1.677167826078254
inter_date,instance_normalized,1.3897849288710646
inter_date,instance_normalized,1.8292822491878629
inter_date,instance_normalized,1.7125349825018963
inter_date,instance_normalized,0.8103920479742092
inter_date,instance_normalized,0.8047393756474072
inter_date,instance_normalized,0.7993055916153353
inter_date,instance_normalized,0.48941410812567065
inter_date,instance_normalized,0.3169920011533151
inter_date,instance_normalized,0.9167991644657029
inter_date,instance_normalized,1.4135306557675498
inter_date,instance_normalized,0.5580000544155156
inter_date,instance_normalized,1.8334931621814197
inter_date,instance_normalized,1.7696013801300452
inter_date,instance_normalized,1.7862984451208592
inter_date,instance_normalized,1.6936589153784944
inter_date,instance_normalized,1.7772563396407564
inter_date,instance_normalized,1.4647002074457935
inter_date,instance_normalized,1.4218026030122926
inter_date,instance_normalized,0.5412914611052801
inter_date,instance_normalized,1.8397559431354804
inter_date,instance_normalized,1.7853069091745677
inter_date,instance_normalized,1.7999742064470095
inter_date,instance_normalized,1.6794908839273168
inter_date,instance_normalized,1.7704934221691067
inter_date,instance_normalized,1.4469640278427374
inter_date,instance_normalized,1.8174269215361039
inter_date,instance_normalized,1.236161780220638
inter_date,instance_normalized,1.5292301573206417
inter_date,instance_normalized,1.4806222934568463
inter_date,instance_normalized,1.5269052128913723
inter_date,instance_normalized,1.0260468451472293
inter_date,instance_normalized,1.25843568537564
inter_date,instance_normalized,0.5797494026210085
inter_date,instance_normalized,1.7595431685487906
inter_date,instance_normalized,1.07394262971227
inter_date,instance_normalized,1.6103853005832889
inter_date,instance_normalized,1.555186033690738
inter_date,instance_normalized,1.595370805360205
inter_date,instance_normalized,1.2153977342043891
inter_date,instance_normalized,1.4014201108854503
inter_date,instance_normalized,0.7765257490334133
inter_date,instance_normalized,1.4499451909321877
inter_date,instance_normalized,1.8349356995976225
inter_date,instance_normalized,0.7600236457557773
inter_date,instance_normalized,0.7908661991366014
inter_date,instance_normalized,0.7383098971038851
inter_date,instance_normalized,1.3381905803800538
inter_date,instance_normalized,1.1537120492372481
inter_date,instance_normalized,1.627635631210625
inter_date,instance_normalized,1.2881627492891587
inter_date,instance_normalized,0.45761820030783606
inter_date,instance_normalized,1.8457826648776758
inter_date,instance_normalized,1.779138929658925
inter_date,instance_normalized,1.7862302469025355
inter_date,instance_normalized,1.73120650023509
inter_date,instance_normalized,1.7795381922535056
inter_date,instance_normalized,1.5694667223104206
inter_date,instance_normalized,1.4563240845140075
inter_date,instance_normalized,0.5790224888499718
inter_date,instance_normalized,1.8265875756166967
inter_date,instance_normalized,1.7648886527622163
inter_date,instance_normalized,1.7793680059338124
inter_date,instance_normalized,1.6629705869446043
inter_date,instance_normalized,1.75101860412587
inter_date,instance_normalized,1.4280224233677987
inter_date,instance_normalized,1.6912403450112914
inter_date,instance_normalized,1.687511367572361
inter_date,instance_normalized,0.7299942732808985
inter_date,instance_normalized,0.7592165461825915
inter_date,instance_normalized,0.7533096032350601
inter_date,instance_normalized,0.6266975863499266
inter_date,instance_normalized,0.3810382057282516
inter_date,instance_normalized,1.1230251378383802
inter_date,instance_normalized,1.5893181930836269
inter_date,instance_normalized,0.6787416505797824
inter_date,instance_normalized,1.6822233561572102
inter_date,instance_normalized,1.6674205604103887
inter_date,instance_normalized,1.6469721775358817
inter_date,instance_normalized,1.6123581354338612
inter_date,instance_normalized,1.6369761351285157
inter_date,instance_normalized,1.377739640616564
inter_date,instance_normalized,1.5837402787525954
inter_date,instance_normalized,0.6554568360045354
inter_date,instance_normalized,1.6982667399500688
inter_date,instance_normalized,1.6806407425662417
inter_date,instance_normalized,1.6626144185562322
inter_date,instance_normalized,1.6155995003271153
inter_date,instance_normalized,1.6486746064085671
inter_date,instance_normalized,1.3929498766277117
inter_date,instance_normalized,1.6792716534219498
inter_date,instance_normalized,1.4592842890979156
inter_date,instance_normalized,1.5132710395675244
inter_date,instance_normalized,1.4926373898945307
inter_date,instance_normalized,1.5160599245444828
inter_date,instance_normalized,0.9775150603548232
inter_date,instance_normalized,1.2041974040169408
inter_date,instance_normalized,0.5454512717375465
inter_date,instance_normalized,1.6755297505835587
inter_date,instance_normalized,1.281051637127045
inter_date,instance_normalized,1.6033457140770944
inter_date,instance_normalized,1.5858745680593345
inter_date,instance_normalized,1.5949466923706557
inter_date,instance_normalized,1.2083772148418384
inter_date,instance_normalized,1.3861024958332941
inter_date,instance_normalized,0.7701738114627584
inter_date,instance_normalized,1.5153364399364277
inter_date,instance_normalized,1.6939511543291705
inter_date,instance_normalized,0.9128893600126935
inter_date,instance_normalized,0.9118541082722246
inter_date,instance_normalized,0.8763282592507241
inter_date,instance_normalized,1.535842190789309
inter_date,instance_normalized,1.339160087027741
inter_date,instance_normalized,1.7363468959261195
inter_date,instance_normalized,1.423785338579408
inter_date,instance_normalized,0.44187723115088845
inter_date,instance_normalized,1.707055477666646
inter_date,instance_normalized,1.6956485816401068
inter_date,instance_normalized,1.673193431684782
inter_date,instance_normalized,1.64520941375079
inter_date,instance_normalized,1.669991646222767
inter_date,instance_normalized,1.5366072909877022
inter_date,instance_normalized,1.5579150408494187
inter_date,instance_normalized,0.6301841540782994
inter_date,instance_normalized,1.7000349960753798
inter_date,instance_normalized,1.6816830122738642
inter_date,instance_normalized,1.6652241239145231
inter_date,instance_normalized,1.6169397518094297
inter_date,instance_normalized,1.6474855683873133
inter_date,instance_normalized,1.3971078878620984
inter_date,instance_normalized,1.7797404605620863
inter_date,instance_normalized,1.7076324549583677
inter_date,instance_normalized,0.9186878849243457
inter_date,instance_normalized,0.8175187643487939
inter_date,instance_normalized,0.8483074293172105
inter_date,instance_normalized,0.5673081541528777
inter_date,instance_normalized,0.5082258967428154
inter_date,instance_normalized,0.8606235294344172
inter_date,instance_normalized,1.4534755716295182
inter_date,instance_normalized,0.47952031086141705
inter_date,instance_normalized,1.803710810950815
inter_date,instance_normalized,1.7527820759772232
inter_date,instance_normalized,1.8071772911642212
inter_date,instance_normalized,1.6781823842476344
inter_date,instance_normalized,1.7373369225212631
inter_date,instance_normalized,1.4671424257066448
inter_date,instance_normalized,1.446311801403972
inter_date,instance_normalized,0.47103539592966154
inter_date,instance_normalized,1.7993160305028404
inter_date,instance_normalized,1.7584081475898827
inter_date,instance_normalized,1.8055121977962325
inter_date,instance_normalized,1.690019009261512
inter_date,instance_normalized,1.742611078452254
inter_date,instance_normalized,1.4843080526066728
inter_date,instance_normalized,1.7289781551619836
inter_date,instance_normalized,1.2754870283911013
inter_date,instance_normalized,1.5402862131632062
inter_date,instance_normalized,1.449090703898249
inter_date,instance_normalized,1.5393986208362342
inter_date,instance_normalized,1.150700825499577
inter_date,instance_normalized,1.3194599703408243
inter_date,instance_normalized,0.7478556604263437
inter_date,instance_normalized,1.6946235442841548
inter_date,instance_normalized,1.1071731721684783
inter_date,instance_normalized,1.636166519716267
inter_date,instance_normalized,1.5538680476841387
inter_date,instance_normalized,1.6361673154672927
inter_date,instance_normalized,1.3030457590495668
inter_date,instance_normalized,1.4677262205325237
inter_date,instance_normalized,0.980505715534195
inter_date,instance_normalized,1.5826459498646537
inter_date,instance_normalized,1.8093579767089625
inter_date,instance_normalized,0.8291720782653198
inter_date,instance_normalized,0.8326486451943103
inter_date,instance_normalized,0.7693897549633122
inter_date,instance_normalized,1.2939710223758236
inter_date,instance_normalized,1.066618067698649
inter_date,instance_normalized,1.5648375590200359
inter_date,instance_normalized,1.3116281196737292
inter_date,instance_normalized,0.42692334615227084
inter_date,instance_normalized,1.8233407542048492
inter_date,instance_normalized,1.7797845861500319
inter_date,instance_normalized,1.8206911318306052
inter_date,instance_normalized,1.7413041074650928
inter_date,instance_normalized,1.7695097682257457
inter_date,instance_normalized,1.6058665843916482
inter_date,instance_normalized,1.471664133230178
inter_date,instance_normalized,0.4967769365550238
inter_date,instance_normalized,1.8011419614536317
inter_date,instance_normalized,1.7531222601147924
inter_date,instance_normalized,1.801716200824062
inter_date,instance_normalized,1.6835646434603095
inter_date,instance_normalized,1.7394230707913825
inter_date,instance_normalized,1.4692790856127735
inter_date,instance_normalized,1.8369594357721175
inter_date,instance_normalized,1.6684710815102684
inter_date,instance_normalized,0.7537959996892635
inter_date,instance_normalized,0.7760273547538814
inter_date,instance_normalized,0.7800418612402165
inter_date,instance_normalized,0.5047539909341783
inter_date,instance_normalized,0.34410570897215614
inter_date,instance_normalized,0.9655493072072855
inter_date,instance_normalized,1.4478134158381426
inter_date,instance_normalized,0.5106177597383857
inter_date,instance_normalized,1.8086447199756934
inter_date,instance_normalized,1.781891224979948
inter_date,instance_normalized,1.775535542647538
inter_date,instance_normalized,1.6884724138442784
inter_date,instance_normalized,1.7267989447958603
inter_date,instance_normalized,1.4347331930306113
inter_date,instance_normalized,1.435904627660206
inter_date,instance_normalized,0.45327268994594
inter_date,instance_normalized,1.7987036612220673
inter_date,instance_normalized,1.7837800704464815
inter_date,instance_normalized,1.772636423866479
inter_date,instance_normalized,1.6528097239089856
inter_date,instance_normalized,1.7055567696235496
inter_date,instance_normalized,1.4071278865456975
inter_date,instance_normalized,1.7453029793292316
inter_date,instance_normalized,1.2903013349442414
inter_date,instance_normalized,1.53424889484654
inter_date,instance_normalized,1.5183080590031963
inter_date,instance_normalized,1.5179614699172732
inter_date,instance_normalized,0.9990245246644218
inter_date,instance_normalized,1.2246570447081888
inter_date,instance_normalized,0.5656839295118441
inter_date,instance_normalized,1.7168964569530094
inter_date,instance_normalized,1.1505081940326205
inter_date,instance_normalized,1.5996814493545726
inter_date,instance_normalized,1.5695241279677548
inter_date,instance_normalized,1.5717502492623405
inter_date,instance_normalized,1.1627811046272714
inter_date,instance_normalized,1.3365681826424993
inter_date,instance_normalized,0.766608386966857
inter_date,instance_normalized,1.5416238013716193
inter_date,instance_normalized,1.810270575252556
inter_date,instance_normalized,0.7993188963515307
inter_date,instance_normalized,0.8119724851699298
inter_date,instance_normalized,0.7940673146994887
inter_date,instance_normalized,1.3916305087145695
inter_date,instance_normalized,1.1956131869186342
inter_date,instance_normalized,1.6369686841475268
inter_date,instance_normalized,1.3413658653410236
inter_date,instance_normalized,0.26885103006180566
inter_date,instance_normalized,1.787699279817119
inter_date,instance_normalized,1.7766356667004632
inter_date,instance_normalized,1.7690071629666435
inter_date,instance_normalized,1.6714590751207055
inter_date,instance_normalized,1.7259745070115955
inter_date,instance_normalized,1.5019921092075461
inter_date,instance_normalized,1.492708777963301
inter_date,instance_normalized,0.46597863848956256
inter_date,instance_normalized,1.7811636690964379
inter_date,instance_normalized,1.7639227599094354
inter_date,instance_normalized,1.7563478236137706
inter_date,instance_normalized,1.6096625601243422
inter_date,instance_normalized,1.6766559684972635
inter_date,instance_normalized,1.351156866113561
inter_date,instance_normalized,1.8094283104889903
inter_date,instance_normalized,1.7637274479754816
inter_date,instance_normalized,0.6266262194620679
inter_date,instance_normalized,0.630819862220809
inter_date,instance_normalized,0.6501756917482268
inter_date,instance_normalized,0.509912176123006
inter_date,instance_normalized,0.41808420717362277
inter_date,instance_normalized,0.9407985857789286
inter_date,instance_normalized,1.535629386806443
inter_date,instance_normalized,0.5486261459387363
inter_date,instance_normalized,1.789042224568305
inter_date,instance_normalized,1.8062988087205774
inter_date,instance_normalized,1.7687716831452411
inter_date,instance_normalized,1.6026729779414808
inter_date,instance_normalized,1.7310560512454283
inter_date,instance_normalized,1.3028052223613689
inter_date,instance_normalized,1.531165634043942
inter_date,instance_normalized,0.525743861150047
inter_date,instance_normalized,1.7839191766791607
inter_date,instance_normalized,1.7901713546265388
inter_date,instance_normalized,1.7651292201133566
inter_date,instance_normalized,1.6008703099030441
inter_date,instance_normalized,1.7291492689555485
inter_date,instance_normalized,1.3111684601254443
inter_date,instance_normalized,1.8442119481869501
inter_date,instance_normalized,1.366960284678426
inter_date,instance_normalized,1.3749845041038513
inter_date,instance_normalized,1.387304223581443
inter_date,instance_normalized,1.389552751097236
inter_date,instance_normalized,0.9269961173883973
inter_date,instance_normalized,1.1548308665979046
inter_date,instance_normalized,0.49900061220492103
inter_date,instance_normalized,1.7999092503356386
inter_date,instance_normalized,1.191606140939168
inter_date,instance_normalized,1.5429798753041297
inter_date,instance_normalized,1.5484210752212144
inter_date,instance_normalized,1.5537581852158384
inter_date,instance_normalized,1.1352842802225493
inter_date,instance_normalized,1.3321942902986479
inter_date,instance_normalized,0.7165402013763484
inter_date,instance_normalized,1.4041536644722608
inter_date,instance_normalized,1.8352386831251806
inter_date,instance_normalized,0.7820053218641364
inter_date,instance_normalized,0.7713610791585108
inter_date,instance_normalized,0.7434119750012783
inter_date,instance_normalized,1.3811361725267393
inter_date,instance_normalized,1.198218429423755
inter_date,instance_normalized,1.6352615251792182
inter_date,instance_normalized,1.386061967875114
inter_date,instance_normalized,0.37678325016510233
inter_date,instance_normalized,1.8344989427858642
inter_date,instance_normalized,1.8433830428682698
inter_date,instance_normalized,1.8064182817141212
inter_date,instance_normalized,1.7353106776577143
inter_date,instance_normalized,1.8307227517173141
inter_date,instance_normalized,1.5073790412093786
inter_date,instance_normalized,1.5305560582840303
inter_date,instance_normalized,0.5483873656185078
inter_date,instance_normalized,1.8035966121331735
inter_date,instance_normalized,1.8154447691031885
inter_date,instance_normalized,1.785416453037148
inter_date,instance_normalized,1.6332899752517167
inter_date,instance_normalized,1.7661100255444016
inter_date,instance_normalized,1.3424851921175984
inter_date,instance_normalized,1.800085943528032
inter_date,instance_normalized,1.6863313714352743
inter_date,instance_normalized,0.7347481738974446
inter_date,instance_normalized,0.7679624721504683
inter_date,instance_normalized,0.7740540110176553
inter_date,instance_normalized,0.5184725606652549
inter_date,instance_normalized,0.272920096802365
inter_date,instance_normalized,0.9858487445927218
inter_date,instance_normalized,1.4864150392890458
inter_date,instance_normalized,0.5078166826978586
inter_date,instance_normalized,1.7753561965588411
inter_date,instance_normalized,1.7639379444930423
inter_date,instance_normalized,1.7631800693148063
inter_date,instance_normalized,1.6633776496158166
inter_date,instance_normalized,1.7301919764170297
inter_date,instance_normalized,1.40978478225272
inter_date,instance_normalized,1.4920580803054138
inter_date,instance_normalized,0.5133213671195732
inter_date,instance_normalized,1.7639959802041667
inter_date,instance_normalized,1.7689854343302616
inter_date,instance_normalized,1.7630147226039803
inter_date,instance_normalized,1.6629302400315973
inter_date,instance_normalized,1.7255696756108305
inter_date,instance_normalized,1.4143371184405942
inter_date,instance_normalized,1.7242964736374742
inter_date,instance_normalized,1.3448641274678046
inter_date,instance_normalized,1.5445902923618353
inter_date,instance_normalized,1.5421724500379808
inter_date,instance_normalized,1.5526606710737798
inter_date,instance_normalized,1.0043011659407877
inter_date,instance_normalized,1.2250130316562577
inter_date,instance_normalized,0.5879151271484068
inter_date,instance_normalized,1.7025431394819077
inter_date,instance_normalized,1.1887684244618681
inter_date,instance_normalized,1.639145217824769
inter_date,instance_normalized,1.6228785636768788
inter_date,instance_normalized,1.6326030576481882
inter_date,instance_normalized,1.2045538446588913
inter_date,instance_normalized,1.3826163211127416
inter_date,instance_normalized,0.7928914576476823
inter_date,instance_normalized,1.5563176474320932
inter_date,instance_normalized,1.758320515406723
inter_date,instance_normalized,0.7958967423547296
inter_date,instance_normalized,0.7929939705087752
inter_date,instance_normalized,0.7725130617403769
inter_date,instance_normalized,1.402927632316665
inter_date,instance_normalized,1.2175205469986996
inter_date,instance_normalized,1.6601865079252798
inter_date,instance_normalized,1.4143875689247905
inter_date,instance_normalized,0.412398310458264
inter_date,instance_normalized,1.7771716704441791
inter_date,instance_normalized,1.803773147573161
inter_date,instance_normalized,1.794185856065107
inter_date,instance_normalized,1.7269177384770442
inter_date,instance_normalized,1.7537870604154964
inter_date,instance_normalized,1.5675215143217713
inter_date,instance_normalized,1.5622777918162856
inter_date,instance_normalized,0.5921017108873394
inter_date,instance_normalized,1.7640320488215473
inter_date,instance_normalized,1.7909886268437643
inter_date,instance_normalized,1.7815604361768436
inter_date,instance_normalized,1.668658203507296
inter_date,instance_normalized,1.732331306978354
inter_date,instance_normalized,1.428996489476574
inter_date,instance_normalized,1.6568060836952079
inter_date,instance_normalized,1.801718712722225
inter_date,instance_normalized,0.736518926126
inter_date,instance_normalized,0.8063950336478357
inter_date,instance_normalized,0.7592497507740579
inter_date,instance_normalized,0.81289743429429
inter_date,instance_normalized,0.6134945253192324
inter_date,instance_normalized,1.2675939488347223
inter_date,instance_normalized,1.6399535774234548
inter_date,instance_normalized,0.8615088979630702
inter_date,instance_normalized,1.6431487637927549
inter_date,instance_normalized,1.6809785068545156
inter_date,instance_normalized,1.6337054095732995
inter_date,instance_normalized,1.4641677809417784
inter_date,instance_normalized,1.5195086612240984
inter_date,instance_normalized,1.203510717606305
inter_date,instance_normalized,1.588254046481899
inter_date,instance_normalized,0.7845704014456373
inter_date,instance_normalized,1.6594448395971295
inter_date,instance_normalized,1.6739215749978162
inter_date,instance_normalized,1.6524312164496249
inter_date,instance_normalized,1.5454174929905298
inter_date,instance_normalized,1.5901087735645143
inter_date,instance_normalized,1.2929798751814217
inter_date,instance_normalized,1.6770733044572943
inter_date,instance_normalized,1.5038056520790244
inter_date,instance_normalized,1.4833777333056368
inter_date,instance_normalized,1.4705498766027996
inter_date,instance_normalized,1.4754220363390436
inter_date,instance_normalized,0.9238063056701222
inter_date,instance_normalized,1.1406565419916803
inter_date,instance_normalized,0.5907125396162263
inter_date,instance_normalized,1.6899347764096135
inter_date,instance_normalized,1.341728446332247
inter_date,instance_normalized,1.565921545804749
inter_date,instance_normalized,1.5331372730429773
inter_date,instance_normalized,1.5364344334309425
inter_date,instance_normalized,1.1501036723723912
inter_date,instance_normalized,1.326573410755179
inter_date,instance_normalized,0.7769289008600377
inter_date,instance_normalized,1.4831074673441693
inter_date,instance_normalized,1.7139130887612286
inter_date,instance_normalized,0.9037405096635344
inter_date,instance_normalized,0.9561989888033577
inter_date,instance_normalized,0.9220305710505252
inter_date,instance_normalized,1.4964285514311635
inter_date,instance_normalized,1.3137538052806543
inter_date,instance_normalized,1.7055817403359848
inter_date,instance_normalized,1.4633520696303992
inter_date,instance_normalized,0.5228016308876077
inter_date,instance_normalized,1.709380314342487
inter_date,instance_normalized,1.7347136542936186
inter_date,instance_normalized,1.7032798014873154
inter_date,instance_normalized,1.609260337366886
inter_date,instance_normalized,1.6488228957752045
inter_date,instance_normalized,1.4592563187035072
inter_date,instance_normalized,1.5939948072901908
inter_date,instance_normalized,0.714485330247194
inter_date,instance_normalized,1.6921706335217122
inter_date,instance_normalized,1.715386846747324
inter_date,instance_normalized,1.682127270064833
inter_date,instance_normalized,1.5647162353933668
inter_date,instance_normalized,1.6131838301526238
inter_date,instance_normalized,1.3144290807576506
inter_date,instance_normalized,1.7706901773485204
inter_date,instance_normalized,1.6599321067656714
inter_date,instance_normalized,0.7708107899265095
inter_date,instance_normalized,0.8610120593824839
inter_date,instance_normalized,0.8210484415066385
inter_date,instance_normalized,0.5621340263850253
inter_date,instance_normalized,0.5213075025524848
inter_date,instance_normalized,0.9826868361949205
inter_date,instance_normalized,1.3803553922929612
inter_date,instance_normalized,0.6402047154996164
inter_date,instance_normalized,1.811689685713328
inter_date,instance_normalized,1.7759203248777142
inter_date,instance_normalized,1.768108163530699
inter_date,instance_normalized,1.615932307654857
inter_date,instance_normalized,1.7491560915174658
inter_date,instance_normalized,1.4226451832354874
inter_date,instance_normalized,1.4012570971759577
inter_date,instance_normalized,0.6660651081307529
inter_date,instance_normalized,1.7866834292556137
inter_date,instance_normalized,1.777002445574588
inter_date,instance_normalized,1.7611010942951437
inter_date,instance_normalized,1.6090042134502358
inter_date,instance_normalized,1.734434868281401
inter_date,instance_normalized,1.4230391167309948
inter_date,instance_normalized,1.7149301342943324
inter_date,instance_normalized,1.2668633377206795
inter_date,instance_normalized,1.5039265719171973
inter_date,instance_normalized,1.4732117180968929
inter_date,instance_normalized,1.4787353443915512
inter_date,instance_normalized,1.0121023809468925
inter_date,instance_normalized,1.2912893017402722
inter_date,instance_normalized,0.7135004674842926
inter_date,instance_normalized,1.6334945273969323
inter_date,instance_normalized,1.073876967656923
inter_date,instance_normalized,1.6005758494566018
inter_date,instance_normalized,1.531409966220198
inter_date,instance_normalized,1.5531207855883984
inter_date,instance_normalized,1.204433931416289
inter_date,instance_normalized,1.4388468235055174
inter_date,instance_normalized,0.930074514347354
inter_date,instance_normalized,1.4243723299216735
inter_date,instance_normalized,1.7455214179885588
inter_date,instance_normalized,0.8267825254221577
inter_date,instance_normalized,0.8305187605250478
inter_date,instance_normalized,0.7694719290692104
inter_date,instance_normalized,1.3619884450614574
inter_date,instance_normalized,1.2333803813787811
inter_date,instance_normalized,1.6696320577711876
inter_date,instance_normalized,1.2553828195853254
inter_date,instance_normalized,0.5841139325112606
inter_date,instance_normalized,1.811009896500547
inter_date,instance_normalized,1.8010227987807155
inter_date,instance_normalized,1.7805689300092533
inter_date,instance_normalized,1.6654416900091795
inter_date,instance_normalized,1.789535214789093
inter_date,instance_normalized,1.5267236465789495
inter_date,instance_normalized,1.405549151367122
inter_date,instance_normalized,0.6757585239933706
inter_date,instance_normalized,1.771893264479113
inter_date,instance_normalized,1.766895208368341
inter_date,instance_normalized,1.7487166874728888
inter_date,instance_normalized,1.6015230435563417
inter_date,instance_normalized,1.732716368216212
inter_date,instance_normalized,1.3919942237227487
inter_date,instance_normalized,1.7710634653638437
inter_date,instance_normalized,1.751356926907159
inter_date,instance_normalized,0.5154730362959358
inter_date,instance_normalized,0.561076783580178
inter_date,instance_normalized,0.5477895739826076
inter_date,instance_normalized,0.7256505543114229
inter_date,instance_normalized,0.535428973891371
inter_date,instance_normalized,1.1402901583925693
inter_date,instance_normalized,1.5640727949437712
inter_date,instance_normalized,0.8357638158474201
inter_date,instance_normalized,1.7892171310109293
inter_date,instance_normalized,1.7655840412040718
inter_date,instance_normalized,1.7743254623286324
inter_date,instance_normalized,1.502134808275277
inter_date,instance_normalized,1.6182250054290492
inter_date,instance_normalized,1.1377168231539299
inter_date,instance_normalized,1.5304941697559626
inter_date,instance_normalized,0.7238717909401754
inter_date,instance_normalized,1.806340763853017
inter_date,instance_normalized,1.7723200165351534
inter_date,instance_normalized,1.7829164679160987
inter_date,instance_normalized,1.5407655179543116
inter_date,instance_normalized,1.6440254707369657
inter_date,instance_normalized,1.2110914158880557
inter_date,instance_normalized,1.7945286284116222
inter_date,instance_normalized,1.4205388887032488
inter_date,instance_normalized,1.3941784770224814
inter_date,instance_normalized,1.3628353735665137
inter_date,instance_normalized,1.3966364541247573
inter_date,instance_normalized,0.7699054756046919
inter_date,instance_normalized,1.0154515686741146
inter_date,instance_normalized,0.4760253395611429
inter_date,instance_normalized,1.7249898825493193
inter_date,instance_normalized,1.1964634850863083
inter_date,instance_normalized,1.5406043719957405
inter_date,instance_normalized,1.510078007394756
inter_date,instance_normalized,1.5325908728884496
inter_date,instance_normalized,0.9952778615437826
inter_date,instance_normalized,1.2133551053155405
inter_date,instance_normalized,0.6106968292055822
inter_date,instance_normalized,1.3757136715513887
inter_date,instance_normalized,1.8217278357076199
inter_date,instance_normalized,0.8759381620711219
inter_date,instance_normalized,0.8411135032518929
inter_date,instance_normalized,0.829510327615825
inter_date,instance_normalized,1.3771537444927129
inter_date,instance_normalized,1.2051712769187815
inter_date,instance_normalized,1.6356700405368383
inter_date,instance_normalized,1.386709944272175
inter_date,instance_normalized,0.4524077453032255
inter_date,instance_normalized,1.8577293283932312
inter_date,instance_normalized,1.8342232015752462
inter_date,instance_normalized,1.847828559211092
inter_date,instance_normalized,1.6650472735068924
inter_date,instance_normalized,1.7503774686244082
inter_date,instance_normalized,1.413763860028436
inter_date,instance_normalized,1.5254594347448525
inter_date,instance_normalized,0.6724940015279136
inter_date,instance_normalized,1.8181516643093714
inter_date,instance_normalized,1.7944498583807407
inter_date,instance_normalized,1.81132703500583
inter_date,instance_normalized,1.5669697047951525
inter_date,instance_normalized,1.671289289242487
inter_date,instance_normalized,1.219878122204131
inter_date,instance_normalized,1.758100371026099
inter_date,instance_normalized,1.7067060588988419
inter_date,instance_normalized,0.7453030100087196
inter_date,instance_normalized,0.8002442250795099
inter_date,instance_normalized,0.804362799859943
inter_date,instance_normalized,0.44548068795606194
inter_date,instance_normalized,0.27757148160699036
inter_date,instance_normalized,0.9487895486654221
inter_date,instance_normalized,1.488870085305087
inter_date,instance_normalized,0.5521088972747852
inter_date,instance_normalized,1.7906309784778547
inter_date,instance_normalized,1.7585433601912206
inter_date,instance_normalized,1.7813375452195963
inter_date,instance_normalized,1.679380083519682
inter_date,instance_normalized,1.7645253951208295
inter_date,instance_normalized,1.4603987203430737
inter_date,instance_normalized,1.4891571210619163
inter_date,instance_normalized,0.5477623966799393
inter_date,instance_normalized,1.77665830374228
inter_date,instance_normalized,1.7385731995505627
inter_date,instance_normalized,1.7635046452516778
inter_date,instance_normalized,1.6684705047848054
inter_date,instance_normalized,1.749537273074905
inter_date,instance_normalized,1.4593344726972628
inter_date,instance_normalized,1.7411363008970762
inter_date,instance_normalized,1.3392378304803958
inter_date,instance_normalized,1.5285777207158375
inter_date,instance_normalized,1.509672679198757
inter_date,instance_normalized,1.5540170155938509
inter_date,instance_normalized,1.060785631747609
inter_date,instance_normalized,1.2912657280534656
inter_date,instance_normalized,0.5795365166498292
inter_date,instance_normalized,1.7084864750400766
inter_date,instance_normalized,1.1892017515479234
inter_date,instance_normalized,1.6107463557447863
inter_date,instance_normalized,1.5760342766091122
inter_date,instance_normalized,1.6240717912488931
inter_date,instance_normalized,1.2381173762176865
inter_date,instance_normalized,1.4135024632252744
inter_date,instance_normalized,0.8474371554702432
inter_date,instance_normalized,1.4094940019094009
inter_date,instance_normalized,1.7198427226361395
inter_date,instance_normalized,0.8419940228881682
inter_date,instance_normalized,0.8201479546860858
inter_date,instance_normalized,0.7804872145109002
inter_date,instance_normalized,1.389216343735393
inter_date,instance_normalized,1.1960965364338099
inter_date,instance_normalized,1.658594199960487
inter_date,instance_normalized,1.384071552648147
inter_date,instance_normalized,0.425892905723404
inter_date,instance_normalized,1.7470913818202733
inter_date,instance_normalized,1.7301224471787973
inter_date,instance_normalized,1.7383590990526632
inter_date,instance_normalized,1.6882586158083164
inter_date,instance_normalized,1.7286504392608308
inter_date,instance_normalized,1.540906960041911
inter_date,instance_normalized,1.5328623095419565
inter_date,instance_normalized,0.5909135459906544
inter_date,instance_normalized,1.7346452907310546
inter_date,instance_normalized,1.7215094453623132
inter_date,instance_normalized,1.7331593418061948
inter_date,instance_normalized,1.6241241137258962
inter_date,instance_normalized,1.70248078154593
inter_date,instance_normalized,1.408856072674673
inter_date,instance_normalized,1.8019833290266445
inter_date,instance_normalized,1.7763427140378492
inter_date,instance_normalized,0.8203365116435587
inter_date,instance_normalized,0.8720364012603627
inter_date,instance_normalized,0.8644310511792423
inter_date,instance_normalized,0.6530309110713285
inter_date,instance_normalized,0.4521471582405441
inter_date,instance_normalized,1.1031387495773293
inter_date,instance_normalized,1.5390814587888606
inter_date,instance_normalized,0.6632684176620022
inter_date,instance_normalized,1.7244326491618562
inter_date,instance_normalized,1.7078625782899375
inter_date,instance_normalized,1.7042523392492648
inter_date,instance_normalized,1.6254079511717276
inter_date,instance_normalized,1.6916570384741934
inter_date,instance_normalized,1.3888701183323042
inter_date,instance_normalized,1.4935728549194098
inter_date,instance_normalized,0.5803687870137765
inter_date,instance_normalized,1.7046910346880948
inter_date,instance_normalized,1.6823416228487957
inter_date,instance_normalized,1.676395143204065
inter_date,instance_normalized,1.605009014874369
inter_date,instance_normalized,1.6599362167754104
inter_date,instance_normalized,1.3634869042206212
inter_date,instance_normalized,1.715244172426911
inter_date,instance_normalized,1.384253656433577
inter_date,instance_normalized,1.508056981327965
inter_date,instance_normalized,1.5055014360095986
inter_date,instance_normalized,1.5110554090186084
inter_date,instance_normalized,1.0236479151383155
inter_date,instance_normalized,1.2192996404568686
inter_date,instance_normalized,0.5463846484579911
inter_date,instance_normalized,1.721900992320446
inter_date,instance_normalized,1.2602020261852223
inter_date,instance_normalized,1.6136534113974872
inter_date,instance_normalized,1.6059765719567145
inter_date,instance_normalized,1.6052682373395304
inter_date,instance_normalized,1.200754032196071
inter_date,instance_normalized,1.3676460544499558
inter_date,instance_normalized,0.8268625535061541
inter_date,instance_normalized,1.457215036537787
inter_date,instance_normalized,1.7426210725876972
inter_date,instance_normalized,0.8272129745536422
inter_date,instance_normalized,0.8189638422936572
inter_date,instance_normalized,0.8015464785803658
inter_date,instance_normalized,1.4899807098269304
inter_date,instance_normalized,1.2926189971100641
inter_date,instance_normalized,1.7131973234735
inter_date,instance_normalized,1.4071962862825684
inter_date,instance_normalized,0.35252116776433606
inter_date,instance_normalized,1.7029003190206695
inter_date,instance_normalized,1.6814565391628886
inter_date,instance_normalized,1.6721652058215932
inter_date,instance_normalized,1.6551071545695952
inter_date,instance_normalized,1.6639044888118888
inter_date,instance_normalized,1.4884258419418492
inter_date,instance_normalized,1.5400635370487126
inter_date,instance_normalized,0.5928786254144635
inter_date,instance_normalized,1.6913159900450097
inter_date,instance_normalized,1.6710158007339566
inter_date,instance_normalized,1.664972639693386
inter_date,instance_normalized,1.5954431396425233
inter_date,instance_normalized,1.6516213358704117
inter_date,instance_normalized,1.351321368219793
inter_date,instance_normalized,1.7714686127592525
inter_date,instance_normalized,1.7794963073790615
inter_date,instance_normalized,0.6117757065599219
inter_date,instance_normalized,0.6301223517534101
inter_date,instance_normalized,0.64301614825451
inter_date,instance_normalized,0.6180894766921102
inter_date,instance_normalized,0.43326226939794116
inter_date,instance_normalized,0.9651357631611632
inter_date,instance_normalized,1.4925340095584807
inter_date,instance_normalized,0.6232080116562548
inter_date,instance_normalized,1.8520134952524319
inter_date,instance_normalized,1.8579046655790143
inter_date,instance_normalized,1.8518008329973377
inter_date,instance_normalized,1.5993115886986344
inter_date,instance_normalized,1.7361572804599705
inter_date,instance_normalized,1.2544893333378662
inter_date,instance_normalized,1.494800638248115
inter_date,instance_normalized,0.5665450318767528
inter_date,instance_normalized,1.8251409875730034
inter_date,instance_normalized,1.8207402933870476
inter_date,instance_normalized,1.8158015643305745
inter_date,instance_normalized,1.5966632817143083
inter_date,instance_normalized,1.7168884191404081
inter_date,instance_normalized,1.2712806475936045
inter_date,instance_normalized,1.7807863350246549
inter_date,instance_normalized,1.3517080980457539
inter_date,instance_normalized,1.406368155466228
inter_date,instance_normalized,1.4237603593587855
inter_date,instance_normalized,1.4357633102588707
inter_date,instance_normalized,0.8672347709317701
inter_date,instance_normalized,1.1023462493391942
inter_date,instance_normalized,0.4805801034120659
inter_date,instance_normalized,1.7484083096624725
inter_date,instance_normalized,1.1863794723606957
inter_date,instance_normalized,1.5668509476907753
inter_date,instance_normalized,1.57356650137391
inter_date,instance_normalized,1.5882228686966917
inter_date,instance_normalized,1.0830837129558932
inter_date,instance_normalized,1.2904942131420403
inter_date,instance_normalized,0.6761624875323204
inter_date,instance_normalized,1.3573849142478749
inter_date,instance_normalized,1.8477335186689043
inter_date,instance_normalized,0.8479119524025127
inter_date,instance_normalized,0.8314080300748353
inter_date,instance_normalized,0.8039702384289097
inter_date,instance_normalized,1.4010443241221404
inter_date,instance_normalized,1.2160710142715432
inter_date,instance_normalized,1.6062534195707971
inter_date,instance_normalized,1.3634166544295179
inter_date,instance_normalized,0.46816790413885423
inter_date,instance_normalized,1.8646311569945115
inter_date,instance_normalized,1.8540621342520676
inter_date,instance_normalized,1.842841310715593
inter_date,instance_normalized,1.7173825841897044
inter_date,instance_normalized,1.7888474409681372
inter_date,instance_normalized,1.4512466358306144
inter_date,instance_normalized,1.5144203976608586
inter_date,instance_normalized,0.6352729952773841
inter_date,instance_normalized,1.820365321122756
inter_date,instance_normalized,1.8164906820043747
inter_date,instance_normalized,1.809937743093219
inter_date,instance_normalized,1.6060233823553631
inter_date,instance_normalized,1.7252113982291928
inter_date,instance_normalized,1.2781729787851899
inter_date,instance_normalized,1.7592730475196643
inter_date,instance_normalized,1.7537196581382872
inter_date,instance_normalized,0.7384457008504021
inter_date,instance_normalized,0.7341299798221111
inter_date,instance_normalized,0.7221280055811633
inter_date,instance_normalized,0.6941434592330918
inter_date,instance_normalized,0.5859024949827545
inter_date,instance_normalized,1.0268852284189196
inter_date,instance_normalized,1.527862083657
inter_date,instance_normalized,0.6141148076422543
inter_date,instance_normalized,1.7139669458686189
inter_date,instance_normalized,1.700455892049678
inter_date,instance_normalized,1.7140530272739458
inter_date,instance_normalized,1.5740475079585285
inter_date,instance_normalized,1.6233202951907795
inter_date,instance_normalized,1.300410010797703
inter_date,instance_normalized,1.5320106150003847
inter_date,instance_normalized,0.618060663379673
inter_date,instance_normalized,1.7263759973329644
inter_date,instance_normalized,1.6684309449691659
inter_date,instance_normalized,1.6864982247183598
inter_date,instance_normalized,1.6004864774765426
inter_date,instance_normalized,1.615956714855262
inter_date,instance_normalized,1.3191698276807993
inter_date,instance_normalized,1.7613877542180334
inter_date,instance_normalized,1.3734464707336167
inter_date,instance_normalized,1.377937479942853
inter_date,instance_normalized,1.3547079973006138
inter_date,instance_normalized,1.4264625561771154
inter_date,instance_normalized,0.9837676471899632
inter_date,instance_normalized,1.1306712158727759
inter_date,instance_normalized,0.5765214502570926
inter_date,instance_normalized,1.7912615717023392
inter_date,instance_normalized,1.2597802125521627
inter_date,instance_normalized,1.5635099205658007
inter_date,instance_normalized,1.5337486479520015
inter_date,instance_normalized,1.5917903796849844
inter_date,instance_normalized,1.2030349513681968
inter_date,instance_normalized,1.3224212675800469
inter_date,instance_normalized,0.7576782223276024
inter_date,instance_normalized,1.5029485623550818
inter_date,instance_normalized,1.869003133584959
inter_date,instance_normalized,0.9395919634163364
inter_date,instance_normalized,0.9723516113114216
inter_date,instance_normalized,0.9071548853185647
inter_date,instance_normalized,1.503230455736076
inter_date,instance_normalized,1.3547732351156176
inter_date,instance_normalized,1.7960421460291311
inter_date,instance_normalized,1.3854161532285123
inter_date,instance_normalized,0.42134483186935573
inter_date,instance_normalized,1.7664476873448662
inter_date,instance_normalized,1.7063747989503355
inter_date,instance_normalized,1.7161077063069823
inter_date,instance_normalized,1.6794201484266011
inter_date,instance_normalized,1.6872527883717694
inter_date,instance_normalized,1.4659475508856226
inter_date,instance_normalized,1.5411983066002894
inter_date,instance_normalized,0.5561398842609834
inter_date,instance_normalized,1.728952153662443
inter_date,instance_normalized,1.676993789484106
inter_date,instance_normalized,1.699289654015964
inter_date,instance_normalized,1.610074980030816
inter_date,instance_normalized,1.637156676897255
inter_date,instance_normalized,1.322921814899849
inter_date,instance_normalized,1.8111318562699634
inter_date,instance_normalized,1.6696188054191488
inter_date,instance_normalized,0.71273430077823
inter_date,instance_normalized,0.7205160917426008
inter_date,instance_normalized,0.8340044403755583
inter_date,instance_normalized,0.7467469052062691
inter_date,instance_normalized,0.40456172178063854
inter_date,instance_normalized,1.1124314515255265
inter_date,instance_normalized,1.5215197511513399
inter_date,instance_normalized,0.5588724036789194
inter_date,instance_normalized,1.7310313182339818
inter_date,instance_normalized,1.6422935273046682
inter_date,instance_normalized,1.6474613844337493
inter_date,instance_normalized,1.628757771958928
inter_date,instance_normalized,1.6944952376868145
inter_date,instance_normalized,1.4057175850911698
inter_date,instance_normalized,1.5379168208044296
inter_date,instance_normalized,0.5856790601208376
inter_date,instance_normalized,1.7261875485210734
inter_date,instance_normalized,1.618087419330275
inter_date,instance_normalized,1.657778575104137
inter_date,instance_normalized,1.6580373788539657
inter_date,instance_normalized,1.7099179726539264
inter_date,instance_normalized,1.4558150089619906
inter_date,instance_normalized,1.6724440716311815
inter_date,instance_normalized,1.3955080668562498
inter_date,instance_normalized,1.5529159471439045
inter_date,instance_normalized,1.4703127667381275
inter_date,instance_normalized,1.5558703903719473
inter_date,instance_normalized,1.079175616998241
inter_date,instance_normalized,1.2695215039832688
inter_date,instance_normalized,0.5087973572499801
inter_date,instance_normalized,1.7179017955267903
inter_date,instance_normalized,1.2468495874502652
inter_date,instance_normalized,1.6030282059013883
inter_date,instance_normalized,1.5254563791736584
inter_date,instance_normalized,1.560284630942712
inter_date,instance_normalized,1.2599913482346332
inter_date,instance_normalized,1.4100429257142744
inter_date,instance_normalized,0.7821937514832533
inter_date,instance_normalized,1.5490181684468778
inter_date,instance_normalized,1.6886303110992396
inter_date,instance_normalized,0.8272497236101666
inter_date,instance_normalized,0.8254623415428586
inter_date,instance_normalized,0.9833846787745848
inter_date,instance_normalized,1.5837915673500942
inter_date,instance_normalized,1.36741670917902
inter_date,instance_normalized,1.7465379462435915
inter_date,instance_normalized,1.432440653197425
inter_date,instance_normalized,0.34179780235399854
inter_date,instance_normalized,1.7043205616886874
inter_date,instance_normalized,1.6393116888673995
inter_date,instance_normalized,1.6279690086635803
inter_date,instance_normalized,1.6713531690303334
inter_date,instance_normalized,1.6903710101224239
inter_date,instance_normalized,1.5638434806560517
inter_date,instance_normalized,1.5654650677131003
inter_date,instance_normalized,0.5356309866733866
inter_date,instance_normalized,1.7107586489445215
inter_date,instance_normalized,1.6339237403773152
inter_date,instance_normalized,1.6187083143928298
inter_date,instance_normalized,1.6317044458311214
inter_date,instance_normalized,1.6934892011137703
inter_date,instance_normalized,1.4457090945754687
inter_date,instance_normalized,1.8231267334750916
inter_date,instance_normalized,1.6522196418204613
inter_date,instance_normalized,0.8254260167925463
inter_date,instance_normalized,0.7762576903730379
inter_date,instance_normalized,0.7210072329586839
inter_date,instance_normalized,0.4661853462348658
inter_date,instance_normalized,0.36860801668603216
inter_date,instance_normalized,0.9598582032901093
inter_date,instance_normalized,1.3748391509723277
inter_date,instance_normalized,0.7463661368373024
inter_date,instance_normalized,1.7774840176685653
inter_date,instance_normalized,1.7033244867181403
inter_date,instance_normalized,1.7378632882413587
inter_date,instance_normalized,1.5824020990340786
inter_date,instance_normalized,1.7106998084096139
inter_date,instance_normalized,1.3425719703977077
inter_date,instance_normalized,1.3628827422241894
inter_date,instance_normalized,0.6881080149068088
inter_date,instance_normalized,1.703269386936768
inter_date,instance_normalized,1.6092728600740858
inter_date,instance_normalized,1.649355595273811
inter_date,instance_normalized,1.5394304482672316
inter_date,instance_normalized,1.6649114490605879
inter_date,instance_normalized,1.3695911476979905
inter_date,instance_normalized,1.702441312772795
inter_date,instance_normalized,1.170429420022386
inter_date,instance_normalized,1.422020954621203
inter_date,instance_normalized,1.3242889616779305
inter_date,instance_normalized,1.4087647747964427
inter_date,instance_normalized,1.0480746797000082
inter_date,instance_normalized,1.3148463062767366
inter_date,instance_normalized,0.788254357427306
inter_date,instance_normalized,1.575508843485209
inter_date,instance_normalized,0.9407334297327574
inter_date,instance_normalized,1.6350379664141932
inter_date,instance_normalized,1.5774568926844257
inter_date,instance_normalized,1.6427429247387995
inter_date,instance_normalized,1.3784150587315294
inter_date,instance_normalized,1.5572392800600583
inter_date,instance_normalized,1.0459746732403215
inter_date,instance_normalized,1.676769667794223
inter_date,instance_normalized,1.9999294515455495
inter_date,instance_normalized,1.0053914333125233
inter_date,instance_normalized,1.0718121458297045
inter_date,instance_normalized,1.0177942775746696
inter_date,instance_normalized,1.4901259512548501
inter_date,instance_normalized,1.2846279122234812
inter_date,instance_normalized,1.8113772742015068
inter_date,instance_normalized,1.29172223749855
inter_date,instance_normalized,0.9913987852050155
inter_date,instance_normalized,1.8298375516968315
inter_date,instance_normalized,1.7582997312488289
inter_date,instance_normalized,1.7703403628947914
inter_date,instance_normalized,1.6339031030868227
inter_date,instance_normalized,1.7350509021737452
inter_date,instance_normalized,1.4156701670684542
inter_date,instance_normalized,1.4367580665334958
inter_date,instance_normalized,1.0031923593115142
inter_date,instance_normalized,1.7797620821785893
inter_date,instance_normalized,1.7067075798528162
inter_date,instance_normalized,1.7319031261277877
inter_date,instance_normalized,1.5377820850504675
inter_date,instance_normalized,1.6544642216709098
inter_date,instance_normalized,1.2813210050060981
inter_date,instance_normalized,1.8634688945023319
inter_date,instance_normalized,1.6493499223380659
inter_date,instance_normalized,0.7424388949786148
inter_date,instance_normalized,0.7465155286470188
inter_date,instance_normalized,0.7372746842690003
inter_date,instance_normalized,0.45841650107968895
inter_date,instance_normalized,0.3690027034766679
inter_date,instance_normalized,0.9419928068917743
inter_date,instance_normalized,1.294251609219096
inter_date,instance_normalized,0.48095481517148225
inter_date,instance_normalized,1.8416726949812856
inter_date,instance_normalized,1.796288584030215
inter_date,instance_normalized,1.8188709953936135
inter_date,instance_normalized,1.561085636225252
inter_date,instance_normalized,1.6656084675375558
inter_date,instance_normalized,1.3182654663886553
inter_date,instance_normalized,1.3419864070156537
inter_date,instance_normalized,0.42908924931327846
inter_date,instance_normalized,1.8442307589593454
inter_date,instance_normalized,1.801739124868319
inter_date,instance_normalized,1.8267126646310192
inter_date,instance_normalized,1.5034709982867942
inter_date,instance_normalized,1.6258573784587735
inter_date,instance_normalized,1.248650182333352
inter_date,instance_normalized,1.7915167203426532
inter_date,instance_normalized,1.1813525432134302
inter_date,instance_normalized,1.4043463602138346
inter_date,instance_normalized,1.3650890890462735
inter_date,instance_normalized,1.3671671351232095
inter_date,instance_normalized,0.9060775998170798
inter_date,instance_normalized,1.0844449067264628
inter_date,instance_normalized,0.5602596522429363
inter_date,instance_normalized,1.654748661138986
inter_date,instance_normalized,1.0027728896426598
inter_date,instance_normalized,1.5304394212570966
inter_date,instance_normalized,1.4704851209017573
inter_date,instance_normalized,1.4832366476085401
inter_date,instance_normalized,1.1143507077315153
inter_date,instance_normalized,1.2459943661243467
inter_date,instance_normalized,0.7802551420756358
inter_date,instance_normalized,1.487515099788018
inter_date,instance_normalized,1.8979573451441598
inter_date,instance_normalized,0.6944338429706748
inter_date,instance_normalized,0.7153438965482803
inter_date,instance_normalized,0.7038825716303542
inter_date,instance_normalized,1.3622523600471845
inter_date,instance_normalized,1.1903731578852081
inter_date,instance_normalized,1.6362206303310938
inter_date,instance_normalized,1.1635220692096744
inter_date,instance_normalized,0.46125620831074654
inter_date,instance_normalized,1.8830184495289877
inter_date,instance_normalized,1.8468402845338086
inter_date,instance_normalized,1.8768529909900178
inter_date,instance_normalized,1.6527943011606936
inter_date,instance_normalized,1.7483346604799446
inter_date,instance_normalized,1.4247966109015977
inter_date,instance_normalized,1.3097680904362659
inter_date,instance_normalized,0.4588946111759123
inter_date,instance_normalized,1.849334569639463
inter_date,instance_normalized,1.8093646047176106
inter_date,instance_normalized,1.8311899944054433
inter_date,instance_normalized,1.5422743129222658
inter_date,instance_normalized,1.650875848062443
inter_date,instance_normalized,1.2959288708962455
inter_date,instance_normalized,1.8634126928482406
inter_date,instance_normalized,1.6727400617242976
inter_date,instance_normalized,0.8328093716237568
inter_date,instance_normalized,0.8502738982238177
inter_date,instance_normalized,0.8416098650430306
inter_date,instance_normalized,0.5600330458142037
inter_date,instance_normalized,0.579157531843755
inter_date,instance_normalized,0.8769392865634347
inter_date,instance_normalized,1.3442203307113556
inter_date,instance_normalized,0.4397908922515587
inter_date,instance_normalized,1.8585926736804834
inter_date,instance_normalized,1.931400159548883
inter_date,instance_normalized,1.8918685944074354
inter_date,instance_normalized,1.680853038461935
inter_date,instance_normalized,1.7794916789590012
inter_date,instance_normalized,1.4108841215878005
inter_date,instance_normalized,1.3789177958736283
inter_date,instance_normalized,0.4257178801478117
inter_date,instance_normalized,1.8434063282160489
inter_date,instance_normalized,1.9240341974871167
inter_date,instance_normalized,1.8827628866111084
inter_date,instance_normalized,1.648690744472438
inter_date,instance_normalized,1.7568340292439446
inter_date,instance_normalized,1.3863992099122793
inter_date,instance_normalized,1.8392350830293123
inter_date,instance_normalized,1.197423265885171
inter_date,instance_normalized,1.4661583068372788
inter_date,instance_normalized,1.5156720435602753
inter_date,instance_normalized,1.4877013373110617
inter_date,instance_normalized,1.0106281467706237
inter_date,instance_normalized,1.1983293468276435
inter_date,instance_normalized,0.6202234469529325
inter_date,instance_normalized,1.7388907828014664
inter_date,instance_normalized,0.9637048656036952
inter_date,instance_normalized,1.5527233831039835
inter_date,instance_normalized,1.6152930224817093
inter_date,instance_normalized,1.575689995303162
inter_date,instance_normalized,1.154591437880012
inter_date,instance_normalized,1.346478721052998
inter_date,instance_normalized,0.8236825395362105
inter_date,instance_normalized,1.4695872766384281
inter_date,instance_normalized,1.9413431376903363
inter_date,instance_normalized,0.6440842171461897
inter_date,instance_normalized,0.6578765917594193
inter_date,instance_normalized,0.6689945950246219
inter_date,instance_normalized,1.2259887054706247
inter_date,instance_normalized,1.0328184818901966
inter_date,instance_normalized,1.5410260096506827
inter_date,instance_normalized,1.1632194024508673
inter_date,instance_normalized,0.40772343316344656
inter_date,instance_normalized,1.840111824256614
inter_date,instance_normalized,1.926038333816042
inter_date,instance_normalized,1.873154591316801
inter_date,instance_normalized,1.729964337871349
inter_date,instance_normalized,1.8137056255221362
inter_date,instance_normalized,1.5289838524681256
inter_date,instance_normalized,1.3407330952067134
inter_date,instance_normalized,0.42279023956250467
inter_date,instance_normalized,1.8166287120805742
inter_date,instance_normalized,1.9001863084531763
inter_date,instance_normalized,1.8500124005553384
inter_date,instance_normalized,1.6356087781957405
inter_date,instance_normalized,1.744546072659725
inter_date,instance_normalized,1.3911491826175786
inter_date,instance_normalized,1.879713258791788
inter_date,instance_normalized,1.6178657392708848
inter_date,instance_normalized,0.9953549426972557
inter_date,instance_normalized,0.8766815327821514
inter_date,instance_normalized,0.8781906554671907
inter_date,instance_normalized,0.5411668578727931
inter_date,instance_normalized,0.5784558715152681
inter_date,instance_normalized,0.7575495038267026
inter_date,instance_normalized,1.2954553941303357
inter_date,instance_normalized,0.6326018751523046
inter_date,instance_normalized,1.8830717310615548
inter_date,instance_normalized,1.7226290836760343
inter_date,instance_normalized,1.7826382293517533
inter_date,instance_normalized,1.5553963816558394
inter_date,instance_normalized,1.6474738460864033
inter_date,instance_normalized,1.298369231668465
inter_date,instance_normalized,1.2593038374836296
inter_date,instance_normalized,0.6271828464455377
inter_date,instance_normalized,1.8064202315256017
inter_date,instance_normalized,1.6447358787944324
inter_date,instance_normalized,1.7034124894226021
inter_date,instance_normalized,1.5053007154569706
inter_date,instance_normalized,1.583132144342855
inter_date,instance_normalized,1.2757137284739537
inter_date,instance_normalized,1.6675556076003837
inter_date,instance_normalized,1.0671902674534104
inter_date,instance_normalized,1.503126455846257
inter_date,instance_normalized,1.2667964497624447
inter_date,instance_normalized,1.371288928186675
inter_date,instance_normalized,0.9988180162070062
inter_date,instance_normalized,1.120313850274328
inter_date,instance_normalized,0.7335062004722216
inter_date,instance_normalized,1.592383393110396
inter_date,instance_normalized,1.0101007682007845
inter_date,instance_normalized,1.6347199318450232
inter_date,instance_normalized,1.423621011979758
inter_date,instance_normalized,1.461296656219297
inter_date,instance_normalized,1.1921955532391402
inter_date,instance_normalized,1.2797059938252349
inter_date,instance_normalized,0.8854582809942453
inter_date,instance_normalized,1.5360656493191944
inter_date,instance_normalized,1.8668406971867522
inter_date,instance_normalized,0.9757139699272529
inter_date,instance_normalized,0.8892725050141109
inter_date,instance_normalized,0.7386006222903042
inter_date,instance_normalized,1.2370991093082222
inter_date,instance_normalized,1.0767769327131336
inter_date,instance_normalized,1.475948434427825
inter_date,instance_normalized,1.1933049890084353
inter_date,instance_normalized,0.7443619877760831
inter_date,instance_normalized,1.9138018549815035
inter_date,instance_normalized,1.7684681726006353
inter_date,instance_normalized,1.8174819468896943
inter_date,instance_normalized,1.6852538361609282
inter_date,instance_normalized,1.7472616049600926
inter_date,instance_normalized,1.4601595895363568
inter_date,instance_normalized,1.3276634193216372
inter_date,instance_normalized,0.7295025696652214
inter_date,instance_normalized,1.8707283807061168
inter_date,instance_normalized,1.7205412844222014
inter_date,instance_normalized,1.778503829086642
inter_date,instance_normalized,1.5848545861843246
inter_date,instance_normalized,1.669558923819545
inter_date,instance_normalized,1.337096189912801
inter_date,instance_normalized,1.8865601062066701
inter_date,instance_normalized,1.687397184799126
inter_date,instance_normalized,0.8052786432068829
inter_date,instance_normalized,0.7685126652399463
inter_date,instance_normalized,0.763959226343245
inter_date,instance_normalized,0.4237927276173938
inter_date,instance_normalized,0.2647612241123837
inter_date,instance_normalized,0.8900577712007187
inter_date,instance_normalized,1.3256969229757363
inter_date,instance_normalized,0.394871171090305
inter_date,instance_normalized,1.8914312662664898
inter_date,instance_normalized,1.8272123150918653
inter_date,instance_normalized,1.8458866624456192
inter_date,instance_normalized,1.596595096019033
inter_date,instance_normalized,1.6987501190814078
inter_date,instance_normalized,1.3162149902983415
inter_date,instance_normalized,1.372965779053598
inter_date,instance_normalized,0.41581192120952726
inter_date,instance_normalized,1.9197304514529498
inter_date,instance_normalized,1.8625748443889207
inter_date,instance_normalized,1.8777180780023728
inter_date,instance_normalized,1.6047851719095911
inter_date,instance_normalized,1.712685702279888
inter_date,instance_normalized,1.3318245791692365
inter_date,instance_normalized,1.8367052912675108
inter_date,instance_normalized,1.2133942936737163
inter_date,instance_normalized,1.510729416859122
inter_date,instance_normalized,1.4683212028903418
inter_date,instance_normalized,1.4712287517225964
inter_date,instance_normalized,0.9689329100210473
inter_date,instance_normalized,1.157571777137435
inter_date,instance_normalized,0.5010993896350163
inter_date,instance_normalized,1.7426178020994434
inter_date,instance_normalized,1.0643045540989466
inter_date,instance_normalized,1.5899657487891483
inter_date,instance_normalized,1.5281698475589245
inter_date,instance_normalized,1.5364847286628696
inter_date,instance_normalized,1.1255663434711336
inter_date,instance_normalized,1.2633931824089601
inter_date,instance_normalized,0.7111413439150885
inter_date,instance_normalized,1.4722501216365982
inter_date,instance_normalized,1.8790558857502684
inter_date,instance_normalized,0.6980065665030178
inter_date,instance_normalized,0.6997961778054026
inter_date,instance_normalized,0.6998646256012773
inter_date,instance_normalized,1.2933306917270382
inter_date,instance_normalized,1.130756893364555
inter_date,instance_normalized,1.5713021381793393
inter_date,instance_normalized,1.2584343420476236
inter_date,instance_normalized,0.22064207786101547
inter_date,instance_normalized,1.9217640992513392
inter_date,instance_normalized,1.858931849834453
inter_date,instance_normalized,1.8781039295845499
inter_date,instance_normalized,1.6704467879774123
inter_date,instance_normalized,1.7690783158908496
inter_date,instance_normalized,1.4088433269788494
inter_date,instance_normalized,1.4033049521713246
inter_date,instance_normalized,0.42016168993325276
inter_date,instance_normalized,1.8826186164672196
inter_date,instance_normalized,1.821341728132628
inter_date,instance_normalized,1.8386630587324864
inter_date,instance_normalized,1.5500442565218389
inter_date,instance_normalized,1.6619572634449775
inter_date,instance_normalized,1.2727426474088301
inter_date,instance_normalized,1.8213710107112409
inter_date,instance_normalized,1.7263554336964855
inter_date,instance_normalized,0.7137219889927483
inter_date,instance_normalized,0.7162205743318019
inter_date,instance_normalized,0.6914250822672015
inter_date,instance_normalized,0.46894190853816503
inter_date,instance_normalized,0.29578438485698
inter_date,instance_normalized,0.9411321214064295
inter_date,instance_normalized,1.383647155756048
inter_date,instance_normalized,0.48445504743163176
inter_date,instance_normalized,1.889432821719019
inter_date,instance_normalized,1.854797808670431
inter_date,instance_normalized,1.835528302415415
inter_date,instance_normalized,1.5404991149113536
inter_date,instance_normalized,1.6586263976961886
inter_date,instance_normalized,1.2537930119137155
inter_date,instance_normalized,1.3934582447909019
inter_date,instance_normalized,0.49746392316671334
inter_date,instance_normalized,1.8633829352169824
inter_date,instance_normalized,1.828243228625316
inter_date,instance_normalized,1.8098939458393006
inter_date,instance_normalized,1.504542163176446
inter_date,instance_normalized,1.626214814318978
inter_date,instance_normalized,1.2134331897088215
inter_date,instance_normalized,1.8385510715761355
inter_date,instance_normalized,1.278637775385136
inter_date,instance_normalized,1.4404237953533863
inter_date,instance_normalized,1.4137436039649307
inter_date,instance_normalized,1.3914927345080168
inter_date,instance_normalized,0.848790936908773
inter_date,instance_normalized,1.0327840124858327
inter_date,instance_normalized,0.3870944031391087
inter_date,instance_normalized,1.750407119676236
inter_date,instance_normalized,1.109591218297827
inter_date,instance_normalized,1.5780379110460199
inter_date,instance_normalized,1.5558884641747268
inter_date,instance_normalized,1.5299002636443806
inter_date,instance_normalized,1.0488207867987762
inter_date,instance_normalized,1.2173051558957282
inter_date,instance_normalized,0.6149912751521872
inter_date,instance_normalized,1.4109086014684653
inter_date,instance_normalized,1.9180156734273826
inter_date,instance_normalized,0.7185464427106611
inter_date,instance_normalized,0.7338651954172482
inter_date,instance_normalized,0.77159504606604
inter_date,instance_normalized,1.3243248409005606
inter_date,instance_normalized,1.1899451017375198
inter_date,instance_normalized,1.6412569573582176
inter_date,instance_normalized,1.2910492502236948
inter_date,instance_normalized,0.3695467393969579
inter_date,instance_normalized,1.9582679354108417
inter_date,instance_normalized,1.9161877303409072
inter_date,instance_normalized,1.8980117496354356
inter_date,instance_normalized,1.6290343603541355
inter_date,instance_normalized,1.7459075435865061
inter_date,instance_normalized,1.3637717536007632
inter_date,instance_normalized,1.4339047623147252
inter_date,instance_normalized,0.5248038422116439
inter_date,instance_normalized,1.8902330755430272
inter_date,instance_normalized,1.8510663874960558
inter_date,instance_normalized,1.828850247841259
inter_date,instance_normalized,1.5083770144062632
inter_date,instance_normalized,1.6327959073681355
inter_date,instance_normalized,1.1991725666758275
inter_date,instance_normalized,1.9170147491240281
inter_date,instance_normalized,1.7108595241737845
inter_date,instance_normalized,0.7146339981533449
inter_date,instance_normalized,0.6836930045890428
inter_date,instance_normalized,0.680266509927027
inter_date,instance_normalized,0.3639313119657775
inter_date,instance_normalized,0.28750792401303304
inter_date,instance_normalized,0.798182506152358
inter_date,instance_normalized,1.2688245629534811
inter_date,instance_normalized,0.306525951743242
inter_date,instance_normalized,1.9256899905617566
inter_date,instance_normalized,1.865543723331743
inter_date,instance_normalized,1.8973473761768171
inter_date,instance_normalized,1.585641537378635
inter_date,instance_normalized,1.721136093127731
inter_date,instance_normalized,1.2980037038363388
inter_date,instance_normalized,1.3212786653879398
inter_date,instance_normalized,0.3561267942763787
inter_date,instance_normalized,1.942048195169311
inter_date,instance_normalized,1.8845853471061949
inter_date,instance_normalized,1.913582011440529
inter_date,instance_normalized,1.5913152716259604
inter_date,instance_normalized,1.730071029602489
inter_date,instance_normalized,1.2824938504557712
inter_date,instance_normalized,1.834096309210456
inter_date,instance_normalized,1.1275971426898652
inter_date,instance_normalized,1.4617349440265006
inter_date,instance_normalized,1.4128228736512742
inter_date,instance_normalized,1.425141096883491
inter_date,instance_normalized,0.8577970027570776
inter_date,instance_normalized,1.0736870117013546
inter_date,instance_normalized,0.42057312863828045
inter_date,instance_normalized,1.7648231727062516
inter_date,instance_normalized,0.9942016487056053
inter_date,instance_normalized,1.5657356391755382
inter_date,instance_normalized,1.5069037102846408
inter_date,instance_normalized,1.5239538344066113
inter_date,instance_normalized,1.0030289990402006
inter_date,instance_normalized,1.1897759906420884
inter_date,instance_normalized,0.549380756009052
inter_date,instance_normalized,1.4229576450911279
inter_date,instance_normalized,1.9476464567757727
inter_date,instance_normalized,0.6013900032566274
inter_date,instance_normalized,0.6232125893717313
inter_date,instance_normalized,0.637925953509832
inter_date,instance_normalized,1.2900892311175354
inter_date,instance_normalized,1.1050348502860607
inter_date,instance_normalized,1.6238560359333842
inter_date,instance_normalized,1.2166532603897864
inter_date,instance_normalized,0.27400689826455127
inter_date,instance_normalized,1.9824218392880937
inter_date,instance_normalized,1.9229765647782
inter_date,instance_normalized,1.9590417129935829
inter_date,instance_normalized,1.6743036410884518
inter_date,instance_normalized,1.8106340074075864
inter_date,instance_normalized,1.3712706281592568
inter_date,instance_normalized,1.3934015880529877
inter_date,instance_normalized,0.34753159584773685
inter_date,instance_normalized,1.927941573146086
inter_date,instance_normalized,1.8683754164010908
inter_date,instance_normalized,1.900010580983656
inter_date,instance_normalized,1.5296462901938714
inter_date,instance_normalized,1.6869257090893863
inter_date,instance_normalized,1.1924490111839194
inter_user,raw,790.6348837138659
inter_user,raw,865.5380509021679
inter_user,raw,1057.2045088401321
inter_user,raw,1157.0406723877618
inter_user,raw,1460.2461947920845
inter_user,raw,1099.3652788627844
inter_user,raw,915.5574333106996
inter_user,raw,668.3130336989581
inter_user,raw,709.3625628236341
inter_user,raw,855.0813009591544
inter_user,raw,1171.5152098478115
inter_user,raw,1192.650697401341
inter_user,raw,1203.2264258423008
inter_user,raw,620.0813466700117
inter_user,raw,1377.4138487449172
inter_user,raw,715.8089506768183
inter_user,raw,746.3132082188448
inter_user,raw,540.9291691815376
inter_user,raw,509.9084418281571
inter_user,raw,507.3340832467394
inter_user,raw,507.4731754580963
inter_user,raw,553.89122406411
inter_user,raw,580.4682390002878
inter_user,raw,714.9047170527592
inter_user,raw,651.0762107026006
inter_user,raw,509.6515193060375
inter_user,raw,526.8726804727793
inter_user,raw,555.519797609153
inter_user,raw,556.9267352110663
inter_user,raw,610.8268534867112
inter_user,raw,481.8345753842436
inter_user,raw,639.9297743279559
inter_user,raw,867.2630234166071
inter_user,raw,585.6019821923583
inter_user,raw,542.6345825494091
inter_user,raw,535.640930890497
inter_user,raw,540.2095795901369
inter_user,raw,612.3990125687974
inter_user,raw,661.3115159521664
inter_user,raw,821.5915575880755
inter_user,raw,758.3408404913604
inter_user,raw,581.3146264635668
inter_user,raw,587.0915854974459
inter_user,raw,617.8042531725524
inter_user,raw,618.4249543050012
inter_user,raw,714.272751816906
inter_user,raw,546.5116786318041
inter_user,raw,770.0463102570366
inter_user,raw,182.61058700988625
inter_user,raw,98.17233086577423
inter_user,raw,66.76315190568037
inter_user,raw,67.78945872542216
inter_user,raw,74.08534533129439
inter_user,raw,133.5089561379596
inter_user,raw,153.443160718973
inter_user,raw,157.5696510768371
inter_user,raw,131.3736832202597
inter_user,raw,81.66961243472443
inter_user,raw,89.30403859582057
inter_user,raw,121.70360047692763
inter_user,raw,122.64168191466204
inter_user,raw,109.21701174616481
inter_user,raw,114.02049210140964
inter_user,raw,142.5565990355109
inter_user,raw,141.41995148695048
inter_user,raw,98.52390482227433
inter_user,raw,92.79350956110382
inter_user,raw,90.74194835067291
inter_user,raw,101.81736976427099
inter_user,raw,109.9811198624131
inter_user,raw,137.5524521167592
inter_user,raw,144.05475976004337
inter_user,raw,128.15829706711486
inter_user,raw,91.8972559697073
inter_user,raw,79.38582134709183
inter_user,raw,70.17016943524811
inter_user,raw,71.27762622310033
inter_user,raw,125.45346319879508
inter_user,raw,105.30078092913516
inter_user,raw,129.81752876175668
inter_user,raw,214.47465232072352
inter_user,raw,151.75447647747455
inter_user,raw,131.6902593389576
inter_user,raw,131.033653892353
inter_user,raw,165.72956492574338
inter_user,raw,156.4702019783411
inter_user,raw,162.99130856173488
inter_user,raw,181.7820761634263
inter_user,raw,174.94505514997724
inter_user,raw,132.0578990082615
inter_user,raw,134.09017155311145
inter_user,raw,159.0173461262878
inter_user,raw,164.89852579548372
inter_user,raw,176.32088240315886
inter_user,raw,147.9681382611682
inter_user,raw,190.65258387468876
inter_user,raw,47.17329690064275
inter_user,raw,37.54318941470705
inter_user,raw,36.18018729057317
inter_user,raw,35.778044278313374
inter_user,raw,36.326008162852396
inter_user,raw,39.49775837521247
inter_user,raw,41.69551977188459
inter_user,raw,40.80596142838982
inter_user,raw,37.91863548002046
inter_user,raw,29.5395971133502
inter_user,raw,30.020206488614424
inter_user,raw,28.92184666105735
inter_user,raw,28.384765992979236
inter_user,raw,37.302515713707955
inter_user,raw,27.475178191718186
inter_user,raw,35.739550587416126
inter_user,raw,209.29859835605572
inter_user,raw,227.2152423783396
inter_user,raw,198.38588989523376
inter_user,raw,201.83488654980195
inter_user,raw,237.76993432027243
inter_user,raw,178.65861800012416
inter_user,raw,175.62398110194187
inter_user,raw,212.62730080499787
inter_user,raw,247.03026311133854
inter_user,raw,177.54146061721818
inter_user,raw,181.51251924552517
inter_user,raw,217.75358096667327
inter_user,raw,235.30512422829904
inter_user,raw,223.27442475572522
inter_user,raw,202.46866306618793
inter_user,raw,210.70702973786229
inter_user,raw,1563.6826096019065
inter_user,raw,1446.0056601022068
inter_user,raw,1355.502831824166
inter_user,raw,1349.923519107833
inter_user,raw,1769.927752762807
inter_user,raw,1415.9468999619671
inter_user,raw,1395.5698912733003
inter_user,raw,1369.4545941420135
inter_user,raw,1356.462141626764
inter_user,raw,1344.706803323595
inter_user,raw,1449.4700863591495
inter_user,raw,2040.4590392296068
inter_user,raw,2137.410859322002
inter_user,raw,1417.3544295161487
inter_user,raw,1664.1348536137043
inter_user,raw,1588.8064140821473
inter_user,raw,390.89855469101417
inter_user,raw,311.84258467862855
inter_user,raw,280.5453580379948
inter_user,raw,283.4842525230836
inter_user,raw,328.51635958031795
inter_user,raw,284.0704766678257
inter_user,raw,295.18216732174375
inter_user,raw,344.80299758392056
inter_user,raw,366.387687429586
inter_user,raw,259.9633616584497
inter_user,raw,265.4180328140067
inter_user,raw,304.50926319087176
inter_user,raw,320.298925670559
inter_user,raw,335.72822191185423
inter_user,raw,308.467860774753
inter_user,raw,348.06923444091655
inter_user,raw,185.82936281259035
inter_user,raw,135.32754026716773
inter_user,raw,117.08346254864925
inter_user,raw,120.74039940143915
inter_user,raw,258.89407364605245
inter_user,raw,133.75192477475747
inter_user,raw,130.979630822797
inter_user,raw,176.37485445979618
inter_user,raw,165.72425372832282
inter_user,raw,116.1256695608356
inter_user,raw,152.75773010601742
inter_user,raw,307.5971052637958
inter_user,raw,341.20625700802816
inter_user,raw,140.15325901278487
inter_user,raw,212.444709193441
inter_user,raw,187.7295539244332
inter_user,raw,386.997275661015
inter_user,raw,397.7595962746486
inter_user,raw,442.707398598453
inter_user,raw,446.04804353663195
inter_user,raw,503.79857381317635
inter_user,raw,414.82419361356307
inter_user,raw,369.7690278113777
inter_user,raw,368.4184263914631
inter_user,raw,381.3100362565874
inter_user,raw,407.6362484027945
inter_user,raw,443.67643085656357
inter_user,raw,463.54422979494683
inter_user,raw,467.42355499258355
inter_user,raw,373.9397810094943
inter_user,raw,445.3988748729561
inter_user,raw,364.7081799845173
inter_user,raw,329.0704191716562
inter_user,raw,375.8807494373968
inter_user,raw,536.006788003393
inter_user,raw,534.4402181031949
inter_user,raw,609.03655497648
inter_user,raw,526.246232030397
inter_user,raw,487.6375965768412
inter_user,raw,417.93398281079664
inter_user,raw,388.9944301229346
inter_user,raw,468.79850383974235
inter_user,raw,529.1093679139368
inter_user,raw,563.9181950023974
inter_user,raw,583.8203320025124
inter_user,raw,302.4755573556631
inter_user,raw,452.6355920237235
inter_user,raw,229.10647153151098
inter_user,raw,1179.0950891114196
inter_user,raw,1382.4810265209705
inter_user,raw,1357.3131448616732
inter_user,raw,1344.6553091025294
inter_user,raw,1392.7105882910832
inter_user,raw,1075.2159431503803
inter_user,raw,1001.6372415652665
inter_user,raw,799.440171493539
inter_user,raw,838.0208188685666
inter_user,raw,946.1526731729826
inter_user,raw,1140.2524045714406
inter_user,raw,1326.9641215051388
inter_user,raw,1339.1067390730855
inter_user,raw,738.2211788675339
inter_user,raw,1137.5893005239925
inter_user,raw,787.0295325583708
inter_user,raw,21426.98159954551
inter_user,raw,21879.048527297102
inter_user,raw,25438.629293904152
inter_user,raw,25649.42636881198
inter_user,raw,27267.995625104428
inter_user,raw,24636.5041273023
inter_user,raw,22562.216612618147
inter_user,raw,21082.010524978345
inter_user,raw,20911.372290773586
inter_user,raw,22763.889747885114
inter_user,raw,24961.728877733534
inter_user,raw,26941.914772030093
inter_user,raw,27405.07167624922
inter_user,raw,20049.86076731433
inter_user,raw,26319.55484571853
inter_user,raw,21111.6940651525
inter_user,raw,6989.131130109739
inter_user,raw,6831.66430070737
inter_user,raw,7850.442827686462
inter_user,raw,7822.808036402578
inter_user,raw,8330.7939460967
inter_user,raw,7326.0789159507485
inter_user,raw,7007.0270433763235
inter_user,raw,7004.785044690624
inter_user,raw,7038.105359864089
inter_user,raw,7263.870698348191
inter_user,raw,8008.333674062229
inter_user,raw,8222.287231932776
inter_user,raw,8170.929266544231
inter_user,raw,8802.602494382394
inter_user,raw,11321.661124414184
inter_user,raw,10960.921583847861
inter_user,raw,162.3275687717072
inter_user,raw,184.5454720387363
inter_user,raw,203.36552609127475
inter_user,raw,198.17023856366765
inter_user,raw,274.6502673314521
inter_user,raw,264.5253442263997
inter_user,raw,232.42176423066587
inter_user,raw,206.78551690096674
inter_user,raw,216.04248231925743
inter_user,raw,267.99606873449255
inter_user,raw,285.32748519819086
inter_user,raw,259.40853340316494
inter_user,raw,249.07806793969522
inter_user,raw,256.9829876711315
inter_user,raw,302.1827315943278
inter_user,raw,272.3611813295685
inter_user,raw,543.536797282392
inter_user,raw,587.2080492932313
inter_user,raw,612.1273903071858
inter_user,raw,608.4333438665006
inter_user,raw,621.1249275268527
inter_user,raw,584.4996906695992
inter_user,raw,550.6331272034125
inter_user,raw,509.33817351539636
inter_user,raw,523.5469389858264
inter_user,raw,543.9925540019126
inter_user,raw,576.3724110763803
inter_user,raw,626.7300104130812
inter_user,raw,632.6695918882145
inter_user,raw,487.17596831857674
inter_user,raw,561.8596182809029
inter_user,raw,473.65502880210596
inter_user,raw,152.3419360392616
inter_user,raw,169.0172002729167
inter_user,raw,233.99050525100168
inter_user,raw,241.8569806872294
inter_user,raw,290.78755438586825
inter_user,raw,194.24405901928048
inter_user,raw,155.97413743188017
inter_user,raw,144.67075201330516
inter_user,raw,144.19568074404341
inter_user,raw,165.45392557475097
inter_user,raw,217.97981421398154
inter_user,raw,328.03540613563564
inter_user,raw,354.751663223055
inter_user,raw,155.55906281476987
inter_user,raw,256.9304062016646
inter_user,raw,177.98788582372677
inter_user,raw,158.8858108606843
inter_user,raw,172.55295943426705
inter_user,raw,237.0936749773931
inter_user,raw,239.73513410388875
inter_user,raw,240.4728445960068
inter_user,raw,162.70292732315485
inter_user,raw,130.60614753452276
inter_user,raw,148.45054892519084
inter_user,raw,135.4573656788979
inter_user,raw,180.1115519086779
inter_user,raw,241.39389059515707
inter_user,raw,275.6270583553419
inter_user,raw,282.4917982374507
inter_user,raw,150.48617144980147
inter_user,raw,280.63197175558696
inter_user,raw,137.9020528870988
inter_user,raw,1280.350442052599
inter_user,raw,1296.441381610592
inter_user,raw,1638.531419079147
inter_user,raw,1592.4580239477943
inter_user,raw,1707.3729040929964
inter_user,raw,1419.5679276422372
inter_user,raw,1225.334666991411
inter_user,raw,1153.3712941901688
inter_user,raw,1184.2914504391786
inter_user,raw,1282.3142426738798
inter_user,raw,1489.1147218270005
inter_user,raw,1718.7952340368001
inter_user,raw,1735.9025265968241
inter_user,raw,1049.602490656752
inter_user,raw,1370.5195633451954
inter_user,raw,987.198116152839
inter_user,raw,427.814719854062
inter_user,raw,457.0401458739442
inter_user,raw,613.4589783797787
inter_user,raw,633.2200646675839
inter_user,raw,766.0084535387695
inter_user,raw,493.18766048268174
inter_user,raw,438.6238303869653
inter_user,raw,430.1272617604281
inter_user,raw,428.52379323562377
inter_user,raw,446.9411497826617
inter_user,raw,539.4922684692481
inter_user,raw,612.3216820119183
inter_user,raw,626.4129967996544
inter_user,raw,450.48866820217734
inter_user,raw,632.8995855715713
inter_user,raw,397.4262117047641
inter_user,raw,492.52455522542226
inter_user,raw,542.756909214429
inter_user,raw,629.3916977734855
inter_user,raw,660.9265851006882
inter_user,raw,798.4538220538374
inter_user,raw,588.7365798187392
inter_user,raw,522.1027098027105
inter_user,raw,482.34229627289534
inter_user,raw,477.38413110508014
inter_user,raw,536.3389633720008
inter_user,raw,625.1353615322806
inter_user,raw,707.7448633982917
inter_user,raw,714.5465303586737
inter_user,raw,477.6561636933891
inter_user,raw,633.8588194355194
inter_user,raw,432.9362735603078
inter_user,raw,46.6984213814965
inter_user,raw,39.11142888015751
inter_user,raw,51.320929430584634
inter_user,raw,48.328843182237804
inter_user,raw,94.16673251156568
inter_user,raw,40.400837597399246
inter_user,raw,35.620102002474205
inter_user,raw,35.2966383466107
inter_user,raw,35.50293415104353
inter_user,raw,93.05316420760563
inter_user,raw,93.72858485567579
inter_user,raw,94.79161826267733
inter_user,raw,91.00019623212751
inter_user,raw,48.68716952329922
inter_user,raw,75.25233345535666
inter_user,raw,60.2103950050709
inter_user,raw,352.5078203286519
inter_user,raw,345.64453251446474
inter_user,raw,331.3845548819162
inter_user,raw,348.46998700783126
inter_user,raw,297.5832191529431
inter_user,raw,374.0960812093472
inter_user,raw,374.32879613923325
inter_user,raw,460.7911561470482
inter_user,raw,468.0421480817218
inter_user,raw,445.56142353536075
inter_user,raw,406.1010477847906
inter_user,raw,374.1105344203578
inter_user,raw,383.28875452488575
inter_user,raw,491.0003864196908
inter_user,raw,479.53139483348986
inter_user,raw,487.5003021977085
inter_user,raw,420.0741006060716
inter_user,raw,428.85202694158363
inter_user,raw,364.6195158916314
inter_user,raw,360.6782776110535
inter_user,raw,315.0718290175689
inter_user,raw,322.88995204396247
inter_user,raw,289.80594389875375
inter_user,raw,314.74842088941597
inter_user,raw,296.6382878347362
inter_user,raw,331.1307939146878
inter_user,raw,369.38130785847585
inter_user,raw,365.7868435044546
inter_user,raw,362.0875629924474
inter_user,raw,376.6807157356783
inter_user,raw,260.1800229557183
inter_user,raw,280.0534520621104
inter_user,raw,777.8829672349727
inter_user,raw,671.7558925433157
inter_user,raw,755.124954182135
inter_user,raw,758.0425037555611
inter_user,raw,609.8963514596636
inter_user,raw,645.2052633427893
inter_user,raw,601.2794480957926
inter_user,raw,638.3377129030414
inter_user,raw,662.781234107993
inter_user,raw,627.6415013099968
inter_user,raw,625.0091189810944
inter_user,raw,674.1523601990167
inter_user,raw,661.6327499703542
inter_user,raw,608.4334453664396
inter_user,raw,789.4456510817605
inter_user,raw,799.6073096854361
inter_user,raw,2448.106555147701
inter_user,raw,2131.944482226875
inter_user,raw,2454.277408266268
inter_user,raw,2462.734048884636
inter_user,raw,2650.831770856263
inter_user,raw,2307.6110098794093
inter_user,raw,2149.580847846522
inter_user,raw,2322.948557329671
inter_user,raw,2194.0438298677973
inter_user,raw,2147.0291472698245
inter_user,raw,2363.796872882693
inter_user,raw,2607.724237607336
inter_user,raw,2652.094255859751
inter_user,raw,2014.615883422469
inter_user,raw,2503.4645036096144
inter_user,raw,2154.9507244946462
inter_user,raw,562.6931930139956
inter_user,raw,499.2228856766618
inter_user,raw,567.7032059619919
inter_user,raw,576.182184058298
inter_user,raw,675.3225981759701
inter_user,raw,562.9551068965911
inter_user,raw,497.7362863146364
inter_user,raw,468.8498369871287
inter_user,raw,506.67678659223037
inter_user,raw,508.8859286646243
inter_user,raw,533.2814381374104
inter_user,raw,586.5557355890239
inter_user,raw,606.7924683962227
inter_user,raw,473.19794603416483
inter_user,raw,593.3370343316889
inter_user,raw,513.8780500251194
inter_user,raw,598.3731130661506
inter_user,raw,452.08674236151586
inter_user,raw,481.55090932715467
inter_user,raw,479.74242841242176
inter_user,raw,150.64468602832105
inter_user,raw,625.1665444770164
inter_user,raw,626.5043205680837
inter_user,raw,753.6394187619865
inter_user,raw,542.3897984405504
inter_user,raw,525.9558546227095
inter_user,raw,557.6887799638962
inter_user,raw,528.1901911018326
inter_user,raw,504.66251688864406
inter_user,raw,618.5913950162055
inter_user,raw,399.3089901853665
inter_user,raw,765.4409793427203
inter_user,raw,4110.405463866181
inter_user,raw,4361.476980097071
inter_user,raw,5337.440861164512
inter_user,raw,5412.963385805545
inter_user,raw,6626.381310850268
inter_user,raw,4710.843743618091
inter_user,raw,4168.470601581592
inter_user,raw,4177.006556947896
inter_user,raw,4243.219196939254
inter_user,raw,4538.070636097932
inter_user,raw,5456.905883641083
inter_user,raw,7064.44643331848
inter_user,raw,7368.514755827339
inter_user,raw,3848.1614155024613
inter_user,raw,6615.525074880228
inter_user,raw,4056.603390761842
inter_user,raw,3173.6081114309745
inter_user,raw,3078.0876629352656
inter_user,raw,3162.0514760519604
inter_user,raw,3109.8613581101436
inter_user,raw,3524.5763668100867
inter_user,raw,2926.739898171277
inter_user,raw,2898.8283978802788
inter_user,raw,3023.834619330152
inter_user,raw,3037.6076477593665
inter_user,raw,3176.083224009304
inter_user,raw,3508.5618653652436
inter_user,raw,3930.4050413017835
inter_user,raw,4004.1199814557076
inter_user,raw,3055.7761668916223
inter_user,raw,3684.4833381018293
inter_user,raw,3146.1264131846474
inter_user,raw,2998.262045941107
inter_user,raw,3182.736922127902
inter_user,raw,3610.615066403243
inter_user,raw,3504.0217108770344
inter_user,raw,3867.6465596941875
inter_user,raw,3331.4391923404373
inter_user,raw,3214.5591850927685
inter_user,raw,3056.6804984562677
inter_user,raw,3223.34942765101
inter_user,raw,3002.159284175229
inter_user,raw,3324.7120811611717
inter_user,raw,3703.4461635896832
inter_user,raw,3822.611437925276
inter_user,raw,3107.5626442274047
inter_user,raw,3756.3732463339966
inter_user,raw,3046.6108270092523
inter_user,raw,3840.8201625217152
inter_user,raw,4279.908738631223
inter_user,raw,4961.967527208479
inter_user,raw,4849.8615480974595
inter_user,raw,5317.952575917012
inter_user,raw,4504.829098351805
inter_user,raw,4282.964007956683
inter_user,raw,4018.076114906059
inter_user,raw,4205.234655632022
inter_user,raw,4070.6192502317313
inter_user,raw,4553.814496033596
inter_user,raw,5184.303133991978
inter_user,raw,5344.194448657302
inter_user,raw,3949.926749810564
inter_user,raw,5001.7060355811645
inter_user,raw,4019.8921545887038
inter_user,raw,774.1508414370026
inter_user,raw,820.7975424273405
inter_user,raw,750.3982999920458
inter_user,raw,794.1845435953247
inter_user,raw,332.6916763132123
inter_user,raw,921.3375903311136
inter_user,raw,939.9729613955723
inter_user,raw,926.8571198063455
inter_user,raw,889.9665113750335
inter_user,raw,831.9675689077584
inter_user,raw,617.9364589194464
inter_user,raw,541.7816411859952
inter_user,raw,518.5959467180408
inter_user,raw,843.7656515303173
inter_user,raw,767.4382701637343
inter_user,raw,1116.774819300565
inter_user,raw,325.208744775677
inter_user,raw,346.93003960590147
inter_user,raw,405.54691724057443
inter_user,raw,386.48621610362153
inter_user,raw,425.38306616059657
inter_user,raw,342.46070334176056
inter_user,raw,324.4686957532414
inter_user,raw,369.64434322222553
inter_user,raw,373.20638519776287
inter_user,raw,392.180469724505
inter_user,raw,415.5580961189422
inter_user,raw,439.1688138106001
inter_user,raw,443.1380656613639
inter_user,raw,345.5062861222643
inter_user,raw,525.288411426115
inter_user,raw,366.98602704683327
inter_user,raw,1535.0663162346098
inter_user,raw,1287.6599108968767
inter_user,raw,1465.5890129097943
inter_user,raw,1459.7671572116594
inter_user,raw,1603.575171408295
inter_user,raw,1408.6160069584344
inter_user,raw,1285.3470938955415
inter_user,raw,1457.920609284398
inter_user,raw,1267.3123188041916
inter_user,raw,1244.8701948730773
inter_user,raw,1372.62986689351
inter_user,raw,1516.0761309450884
inter_user,raw,1552.7281789221988
inter_user,raw,1157.2884281597137
inter_user,raw,1496.3893279602516
inter_user,raw,1282.084793087675
inter_user,raw,162.8802282353509
inter_user,raw,184.22905240487995
inter_user,raw,228.3700070478775
inter_user,raw,220.95128812973795
inter_user,raw,215.32517975312197
inter_user,raw,199.48301112172553
inter_user,raw,172.6848043884194
inter_user,raw,157.69843886052777
inter_user,raw,175.45574160427114
inter_user,raw,204.2517959063087
inter_user,raw,225.90412591881287
inter_user,raw,263.9666707632036
inter_user,raw,273.2837053886535
inter_user,raw,190.60409526280483
inter_user,raw,259.66207435269183
inter_user,raw,190.05447997125154
inter_user,raw,2047.27788783057
inter_user,raw,2064.97940004714
inter_user,raw,2078.462859216603
inter_user,raw,2012.483271152003
inter_user,raw,2021.8049548108293
inter_user,raw,1959.8554850604237
inter_user,raw,1925.1891967940142
inter_user,raw,1910.348501536154
inter_user,raw,1908.9032694100258
inter_user,raw,1908.9923190278014
inter_user,raw,1889.0142388671552
inter_user,raw,2074.832661066567
inter_user,raw,2104.380387189563
inter_user,raw,1649.278843125368
inter_user,raw,2107.7495096751213
inter_user,raw,2051.6155640419206
inter_user,raw,2174.237141121762
inter_user,raw,1943.3950935369096
inter_user,raw,2207.8817313396416
inter_user,raw,2190.370653497344
inter_user,raw,2446.9179657785835
inter_user,raw,2080.0154600358374
inter_user,raw,1949.1374366687974
inter_user,raw,2110.637168591626
inter_user,raw,1958.005272546892
inter_user,raw,1936.0735048214024
inter_user,raw,2149.616871317394
inter_user,raw,2388.2886680434513
inter_user,raw,2451.174445182204
inter_user,raw,1866.5571136006886
inter_user,raw,2424.9766285078963
inter_user,raw,2028.0272012152716
inter_user,raw,256.9311099071018
inter_user,raw,249.08551493412858
inter_user,raw,279.3231055989256
inter_user,raw,284.3081514835619
inter_user,raw,342.9899346017245
inter_user,raw,282.20500295082684
inter_user,raw,274.8353430216164
inter_user,raw,242.77484731350413
inter_user,raw,267.7105618769573
inter_user,raw,219.46429636948326
inter_user,raw,257.09703791518467
inter_user,raw,326.36830549753654
inter_user,raw,343.5479644373513
inter_user,raw,222.9678267950654
inter_user,raw,329.5865330047562
inter_user,raw,242.2934196186025
inter_user,raw,445.92677369720695
inter_user,raw,385.95291394898715
inter_user,raw,414.0090506832176
inter_user,raw,426.67892118748296
inter_user,raw,609.2449635370309
inter_user,raw,428.4585240664936
inter_user,raw,446.19653041008735
inter_user,raw,430.8519384395791
inter_user,raw,400.33906016680174
inter_user,raw,335.0896135470971
inter_user,raw,484.55132351387465
inter_user,raw,736.3168647380141
inter_user,raw,755.1062839097553
inter_user,raw,311.91041048138595
inter_user,raw,498.27908308783856
inter_user,raw,374.74603701961246
inter_user,raw,1247.7217732779632
inter_user,raw,1233.5943031490965
inter_user,raw,2023.6764384112773
inter_user,raw,2004.5872322566036
inter_user,raw,2286.6275769340396
inter_user,raw,1631.5872384480906
inter_user,raw,1320.002821741212
inter_user,raw,1345.1107490029708
inter_user,raw,1266.1462621446453
inter_user,raw,1612.9263066964136
inter_user,raw,1835.8221015911308
inter_user,raw,2095.3576933533895
inter_user,raw,2168.3753934054384
inter_user,raw,1242.4195665974862
inter_user,raw,2179.093887635627
inter_user,raw,1296.775688968605
inter_user,raw,4431.673228160045
inter_user,raw,4775.315476988081
inter_user,raw,4923.137051573055
inter_user,raw,4919.059918081764
inter_user,raw,5105.391705857455
inter_user,raw,4888.882297220033
inter_user,raw,4781.172784935174
inter_user,raw,4505.229522355897
inter_user,raw,4562.7511297487845
inter_user,raw,4605.301176911183
inter_user,raw,4913.96005323221
inter_user,raw,5136.661024503638
inter_user,raw,5173.376740035974
inter_user,raw,4486.966996964123
inter_user,raw,5147.185221734811
inter_user,raw,4546.445144384001
inter_user,raw,124.25492828206434
inter_user,raw,99.61323271007915
inter_user,raw,96.78134874181964
inter_user,raw,93.83340734159307
inter_user,raw,92.11218574056726
inter_user,raw,89.48718816254143
inter_user,raw,182.3609303786626
inter_user,raw,158.9223333446696
inter_user,raw,153.04323132619066
inter_user,raw,102.74033235714757
inter_user,raw,118.83431217455673
inter_user,raw,132.89839029445443
inter_user,raw,135.00578691300606
inter_user,raw,128.16138565812062
inter_user,raw,112.86556346674864
inter_user,raw,172.02116512220232
inter_user,raw,166.9209117331005
inter_user,raw,169.3536908928991
inter_user,raw,217.1651877028176
inter_user,raw,220.0933885930719
inter_user,raw,227.07486113509748
inter_user,raw,170.25951392898233
inter_user,raw,160.04621263426208
inter_user,raw,154.17514294587488
inter_user,raw,156.24069496102723
inter_user,raw,194.98167267353983
inter_user,raw,236.58673092546843
inter_user,raw,282.96752821447467
inter_user,raw,293.44989736223243
inter_user,raw,176.75031572006557
inter_user,raw,234.47216874645628
inter_user,raw,168.9518457741027
inter_user,raw,273.16056350136074
inter_user,raw,241.01807566574556
inter_user,raw,268.87429019631355
inter_user,raw,268.52355354702837
inter_user,raw,322.98404750153867
inter_user,raw,268.7181348772441
inter_user,raw,253.32825319937692
inter_user,raw,212.271456232232
inter_user,raw,205.2130317325319
inter_user,raw,148.89112952886398
inter_user,raw,154.27040267937704
inter_user,raw,171.1151972043562
inter_user,raw,176.96674593455876
inter_user,raw,162.21134619173017
inter_user,raw,195.55125454663263
inter_user,raw,184.8308670237791
inter_user,raw,82376.1516306702
inter_user,raw,81724.75072046062
inter_user,raw,92997.60601319006
inter_user,raw,92286.40843658941
inter_user,raw,105483.40274497797
inter_user,raw,80782.38477609519
inter_user,raw,75486.93348152019
inter_user,raw,71242.47386606214
inter_user,raw,71030.89279678898
inter_user,raw,72131.23880137394
inter_user,raw,79505.32005576509
inter_user,raw,95354.81186380604
inter_user,raw,98518.65933102439
inter_user,raw,70324.14021070574
inter_user,raw,91026.00961201641
inter_user,raw,70671.7113897067
inter_user,raw,764.6879430837255
inter_user,raw,870.2515312704548
inter_user,raw,960.9222667201398
inter_user,raw,948.6773530753727
inter_user,raw,1101.756405510462
inter_user,raw,920.0115334745486
inter_user,raw,865.5513536661666
inter_user,raw,819.295870375462
inter_user,raw,841.6420759019665
inter_user,raw,866.8313637007132
inter_user,raw,897.7649827687168
inter_user,raw,980.7662941850743
inter_user,raw,1007.3041203002247
inter_user,raw,745.4323948938246
inter_user,raw,1154.7406403294947
inter_user,raw,915.0335766673109
inter_user,raw,2733.790743431005
inter_user,raw,2861.3047371972007
inter_user,raw,3343.4868394440728
inter_user,raw,3384.7922669605873
inter_user,raw,3612.0422079763107
inter_user,raw,3268.1960675140476
inter_user,raw,2883.5134836543884
inter_user,raw,2635.353277235015
inter_user,raw,2678.048693834304
inter_user,raw,2982.805685498215
inter_user,raw,3387.129343849196
inter_user,raw,3715.3524014905915
inter_user,raw,3772.4553487922094
inter_user,raw,2497.8130634021395
inter_user,raw,3624.889130693714
inter_user,raw,2646.77534964494
inter_user,raw,2130.2932135260717
inter_user,raw,2552.210793804443
inter_user,raw,2349.704302888324
inter_user,raw,2293.4370786940226
inter_user,raw,2616.036004148261
inter_user,raw,2308.5932504733164
inter_user,raw,2154.889730357449
inter_user,raw,1967.4864085571576
inter_user,raw,2026.9626533841924
inter_user,raw,2031.3339066919034
inter_user,raw,2112.552338390809
inter_user,raw,2458.6195676784623
inter_user,raw,2531.1973903997823
inter_user,raw,1866.7887402951778
inter_user,raw,2353.447783622593
inter_user,raw,1976.2318061871472
inter_user,raw,965.1047207551155
inter_user,raw,903.7317227948316
inter_user,raw,950.0742052785741
inter_user,raw,903.0462088714745
inter_user,raw,1047.020208479419
inter_user,raw,1146.5189823050093
inter_user,raw,1092.0800762110546
inter_user,raw,1228.1827979250677
inter_user,raw,1213.122059992512
inter_user,raw,941.0496980639176
inter_user,raw,977.7736022525381
inter_user,raw,966.4528501728074
inter_user,raw,987.917505924409
inter_user,raw,776.3824200755585
inter_user,raw,1107.9448585213117
inter_user,raw,838.1559185199375
inter_user,raw,5291.80786589832
inter_user,raw,4781.59965839412
inter_user,raw,5084.62472452842
inter_user,raw,5187.277610981781
inter_user,raw,6556.571682266761
inter_user,raw,5551.4836176595945
inter_user,raw,5505.183411913677
inter_user,raw,5161.528491258324
inter_user,raw,5187.883329067058
inter_user,raw,4683.091174418524
inter_user,raw,5496.303414406294
inter_user,raw,5479.400411726068
inter_user,raw,5536.884413273622
inter_user,raw,5213.510939136889
inter_user,raw,5832.717741327794
inter_user,raw,5052.396958846553
inter_user,raw,625.5824714387613
inter_user,raw,670.378215920649
inter_user,raw,824.7717532387226
inter_user,raw,774.4369834718946
inter_user,raw,751.3303142236632
inter_user,raw,632.8292856386347
inter_user,raw,561.1593163031417
inter_user,raw,519.7693484568305
inter_user,raw,531.656873603643
inter_user,raw,581.3224430022423
inter_user,raw,703.9992062782999
inter_user,raw,764.1755526694236
inter_user,raw,758.6476170431422
inter_user,raw,461.88249639512264
inter_user,raw,538.7743600171641
inter_user,raw,456.3400644960792
inter_user,raw,3245.484894800922
inter_user,raw,2502.1248041842928
inter_user,raw,2711.337999680583
inter_user,raw,2696.3496788758334
inter_user,raw,2680.7168850621174
inter_user,raw,2637.4142972986324
inter_user,raw,2807.25715435098
inter_user,raw,2888.1522222570907
inter_user,raw,2427.7084632303927
inter_user,raw,2158.4909486943043
inter_user,raw,2189.0371704543877
inter_user,raw,2597.9289304518265
inter_user,raw,2646.9237546811273
inter_user,raw,2353.6348554391557
inter_user,raw,2697.238976845449
inter_user,raw,2537.031414334759
inter_user,raw,2720.9817974334715
inter_user,raw,2035.7328598776692
inter_user,raw,2184.153102531418
inter_user,raw,2122.220900167356
inter_user,raw,1932.336666848616
inter_user,raw,2089.160236565788
inter_user,raw,2331.056023463145
inter_user,raw,2521.194126384691
inter_user,raw,2004.850037438972
inter_user,raw,1611.0337478175752
inter_user,raw,1517.0447849237298
inter_user,raw,1895.4350573278998
inter_user,raw,1931.5217669779245
inter_user,raw,1930.526846038099
inter_user,raw,1827.8331409271002
inter_user,raw,2111.109477547405
inter_user,raw,1095.2171031243945
inter_user,raw,1178.4152456037848
inter_user,raw,1209.124071728511
inter_user,raw,1207.849601244373
inter_user,raw,1298.5125493324313
inter_user,raw,1235.6633358096717
inter_user,raw,996.9604639436143
inter_user,raw,975.452478187626
inter_user,raw,977.592864910444
inter_user,raw,930.9625299349362
inter_user,raw,1035.5267300417465
inter_user,raw,1132.9001684467466
inter_user,raw,1145.6373031449102
inter_user,raw,923.3589706557663
inter_user,raw,1164.8157605185384
inter_user,raw,994.5111258624942
inter_user,raw,514.8318929283523
inter_user,raw,579.5941827405333
inter_user,raw,565.9383839821131
inter_user,raw,576.3274273982009
inter_user,raw,485.2687553108611
inter_user,raw,549.4239515814983
inter_user,raw,585.4537299740059
inter_user,raw,483.09175407694846
inter_user,raw,441.00088914444433
inter_user,raw,532.6437250147786
inter_user,raw,568.6824724433537
inter_user,raw,583.8427108493389
inter_user,raw,577.1843718493623
inter_user,raw,492.0906112118551
inter_user,raw,515.3494869988715
inter_user,raw,487.40857964535746
inter_user,raw,40.76679466942487
inter_user,raw,83.6324334727349
inter_user,raw,109.16567384135956
inter_user,raw,112.8285216495326
inter_user,raw,126.556570260854
inter_user,raw,115.72072935468802
inter_user,raw,90.93175096374937
inter_user,raw,127.80195919394006
inter_user,raw,141.94372941919121
inter_user,raw,103.43914273620021
inter_user,raw,113.44496646685857
inter_user,raw,102.91275055205976
inter_user,raw,101.40198762962241
inter_user,raw,102.4211950256205
inter_user,raw,96.13501944809558
inter_user,raw,87.21263185320063
inter_user,raw,2980.836751831846
inter_user,raw,2735.5149023995464
inter_user,raw,2774.2500480073977
inter_user,raw,2728.6049879122343
inter_user,raw,3126.8245549789085
inter_user,raw,3012.4989174568295
inter_user,raw,2913.962809893166
inter_user,raw,3041.1811676296497
inter_user,raw,3099.978054837839
inter_user,raw,2874.877402147951
inter_user,raw,2996.248999493247
inter_user,raw,3099.484997543947
inter_user,raw,3153.6119970561044
inter_user,raw,2451.8415118247635
inter_user,raw,3034.7324330945867
inter_user,raw,2549.4968773036285
inter_user,raw,2957.2800536094296
inter_user,raw,2833.971755454575
inter_user,raw,2949.7521697754946
inter_user,raw,2949.052758534348
inter_user,raw,3285.924355344721
inter_user,raw,2779.7043018911886
inter_user,raw,2691.4813466352903
inter_user,raw,2594.2042152491904
inter_user,raw,2808.5193094065644
inter_user,raw,2598.605530352953
inter_user,raw,2796.9198654289244
inter_user,raw,3163.3899164334543
inter_user,raw,3241.345486904503
inter_user,raw,2485.826157341621
inter_user,raw,3028.5989841092564
inter_user,raw,2698.5776737588126
inter_user,raw,338.283319373963
inter_user,raw,425.7273800019601
inter_user,raw,484.1594044000877
inter_user,raw,485.57818077304205
inter_user,raw,509.985409163364
inter_user,raw,540.4675981984312
inter_user,raw,505.8840814544846
inter_user,raw,466.03692948398106
inter_user,raw,475.43760700512735
inter_user,raw,487.8282197903372
inter_user,raw,475.3525727840136
inter_user,raw,496.6341846800894
inter_user,raw,508.2263978076812
inter_user,raw,408.65071242065
inter_user,raw,433.79156861331455
inter_user,raw,339.33943183779866
inter_user,raw,8441.449820729425
inter_user,raw,9376.442738669479
inter_user,raw,12478.905104322197
inter_user,raw,12806.32971273618
inter_user,raw,15882.332910925032
inter_user,raw,12887.027584062236
inter_user,raw,11127.657125365717
inter_user,raw,7688.6950564534
inter_user,raw,7792.813550778845
inter_user,raw,8598.764000933506
inter_user,raw,10356.76526313954
inter_user,raw,12583.365551204419
inter_user,raw,13216.316184196517
inter_user,raw,7905.242743385255
inter_user,raw,11616.803775109778
inter_user,raw,9212.918835943285
inter_user,raw,1379.970995317172
inter_user,raw,1252.359717336494
inter_user,raw,1802.2533023340004
inter_user,raw,1921.435203066534
inter_user,raw,2289.4247223972684
inter_user,raw,1506.5350323080538
inter_user,raw,1217.5849321358596
inter_user,raw,989.3070085382278
inter_user,raw,1043.020798884069
inter_user,raw,1294.9132865342208
inter_user,raw,1759.4694901886653
inter_user,raw,2158.9475793306374
inter_user,raw,2184.634334186649
inter_user,raw,999.5407568990776
inter_user,raw,2179.8376502729784
inter_user,raw,943.8186651147812
inter_user,instance_normalized,1.0757389324674467
inter_user,instance_normalized,1.0878497175563413
inter_user,instance_normalized,1.2493197863937837
inter_user,instance_normalized,1.25224556562724
inter_user,instance_normalized,1.2236658572459578
inter_user,instance_normalized,1.1374598544671088
inter_user,instance_normalized,1.0515638091904702
inter_user,instance_normalized,1.0738162582721582
inter_user,instance_normalized,1.0531008369392538
inter_user,instance_normalized,1.1417277149497258
inter_user,instance_normalized,1.1276175612296575
inter_user,instance_normalized,1.2459342552957329
inter_user,instance_normalized,1.2222083558485046
inter_user,instance_normalized,1.1109632632156834
inter_user,instance_normalized,1.1179163804693542
inter_user,instance_normalized,0.9523662623048204
inter_user,instance_normalized,0.3373462059605413
inter_user,instance_normalized,0.4952181315081786
inter_user,instance_normalized,0.583141399441615
inter_user,instance_normalized,0.6001516292549602
inter_user,instance_normalized,0.5099016619515068
inter_user,instance_normalized,0.4196114352186652
inter_user,instance_normalized,0.3846434401313135
inter_user,instance_normalized,0.36387962057955175
inter_user,instance_normalized,0.38129523222497025
inter_user,instance_normalized,0.4316229840576654
inter_user,instance_normalized,0.4735885600677643
inter_user,instance_normalized,0.4848762584348313
inter_user,instance_normalized,0.48751952072170557
inter_user,instance_normalized,0.40566957566676193
inter_user,instance_normalized,0.5433533609022263
inter_user,instance_normalized,0.3702818020903013
inter_user,instance_normalized,1.4586199155867308
inter_user,instance_normalized,1.2173639960084799
inter_user,instance_normalized,1.1478136414204803
inter_user,instance_normalized,1.1589594380050352
inter_user,instance_normalized,1.1061773387646854
inter_user,instance_normalized,1.3151990164837202
inter_user,instance_normalized,1.3409314533370729
inter_user,instance_normalized,1.2987981136509792
inter_user,instance_normalized,1.5568996903782713
inter_user,instance_normalized,1.3792540196187002
inter_user,instance_normalized,1.38209523496378
inter_user,instance_normalized,1.1075031317050974
inter_user,instance_normalized,1.0806792610011042
inter_user,instance_normalized,1.197543720739695
inter_user,instance_normalized,1.2612430148216363
inter_user,instance_normalized,1.2169646901381546
inter_user,instance_normalized,1.3411350983179142
inter_user,instance_normalized,1.3385438568601191
inter_user,instance_normalized,1.2998158768545154
inter_user,instance_normalized,1.4305168702818618
inter_user,instance_normalized,1.3185119246573649
inter_user,instance_normalized,1.2588026394825804
inter_user,instance_normalized,1.3733236789431793
inter_user,instance_normalized,1.3440516257320607
inter_user,instance_normalized,1.5757041756846235
inter_user,instance_normalized,1.5254257723559026
inter_user,instance_normalized,1.509476891381826
inter_user,instance_normalized,1.0680514762425273
inter_user,instance_normalized,1.0827184267860257
inter_user,instance_normalized,1.214641138358455
inter_user,instance_normalized,1.3234459323456946
inter_user,instance_normalized,1.261010269586158
inter_user,instance_normalized,1.3006623224986456
inter_user,instance_normalized,1.2411979341989314
inter_user,instance_normalized,1.1499531160914396
inter_user,instance_normalized,1.1953721965627844
inter_user,instance_normalized,1.165633492616407
inter_user,instance_normalized,1.2079277102040915
inter_user,instance_normalized,1.1321412681766876
inter_user,instance_normalized,1.144683137095219
inter_user,instance_normalized,1.234044781827104
inter_user,instance_normalized,1.143373315900421
inter_user,instance_normalized,1.3074563981467031
inter_user,instance_normalized,0.9426048189961481
inter_user,instance_normalized,1.0423652553176406
inter_user,instance_normalized,1.14952912118646
inter_user,instance_normalized,1.175261842855381
inter_user,instance_normalized,1.0757208681449464
inter_user,instance_normalized,0.6274023108877522
inter_user,instance_normalized,0.7298428390928763
inter_user,instance_normalized,0.7449184726478917
inter_user,instance_normalized,0.7488936353278758
inter_user,instance_normalized,0.5560127263579767
inter_user,instance_normalized,0.7279989212575123
inter_user,instance_normalized,0.6705210566423605
inter_user,instance_normalized,0.6621017998134633
inter_user,instance_normalized,0.6885701637576258
inter_user,instance_normalized,0.8898916621121624
inter_user,instance_normalized,0.8518808282597254
inter_user,instance_normalized,0.7497320496290001
inter_user,instance_normalized,0.6863749563544276
inter_user,instance_normalized,0.838070364821968
inter_user,instance_normalized,0.882172424083343
inter_user,instance_normalized,0.7633010811904395
inter_user,instance_normalized,1.382068551410904
inter_user,instance_normalized,1.3301337209965873
inter_user,instance_normalized,1.2108563182795082
inter_user,instance_normalized,1.2310961374111666
inter_user,instance_normalized,1.579288345778607
inter_user,instance_normalized,1.3533636121553032
inter_user,instance_normalized,1.3620690458369256
inter_user,instance_normalized,1.3118008102051062
inter_user,instance_normalized,1.5496377297127597
inter_user,instance_normalized,1.254313154916239
inter_user,instance_normalized,1.5175760886158123
inter_user,instance_normalized,1.2622129746108806
inter_user,instance_normalized,1.226006570400354
inter_user,instance_normalized,1.2509118030309376
inter_user,instance_normalized,1.3122159581948452
inter_user,instance_normalized,1.3481541291191448
inter_user,instance_normalized,0.5034956335694662
inter_user,instance_normalized,0.9614006863484016
inter_user,instance_normalized,0.7901873225810048
inter_user,instance_normalized,0.8457426359449269
inter_user,instance_normalized,1.0998737022739413
inter_user,instance_normalized,0.5465848474718702
inter_user,instance_normalized,0.5085455818000928
inter_user,instance_normalized,0.6921139659393144
inter_user,instance_normalized,0.9466988261397625
inter_user,instance_normalized,0.818859261992645
inter_user,instance_normalized,0.8519855794163368
inter_user,instance_normalized,0.7850593237010923
inter_user,instance_normalized,0.8502346660787652
inter_user,instance_normalized,0.828716585718901
inter_user,instance_normalized,0.8971974649677136
inter_user,instance_normalized,0.5535321137038145
inter_user,instance_normalized,0.42968756307399153
inter_user,instance_normalized,0.6013202539953738
inter_user,instance_normalized,0.6889961549871523
inter_user,instance_normalized,0.6588994169212816
inter_user,instance_normalized,0.9347677602431305
inter_user,instance_normalized,0.5835165188843695
inter_user,instance_normalized,0.5776887672384224
inter_user,instance_normalized,0.5102441855231328
inter_user,instance_normalized,0.6266384295672546
inter_user,instance_normalized,0.7065604052741834
inter_user,instance_normalized,0.7611206285671842
inter_user,instance_normalized,0.9473412151059027
inter_user,instance_normalized,0.9177127347085964
inter_user,instance_normalized,0.6056866287059687
inter_user,instance_normalized,0.6768766577590949
inter_user,instance_normalized,0.5172054002549324
inter_user,instance_normalized,0.4611280398326893
inter_user,instance_normalized,0.8110732264576926
inter_user,instance_normalized,0.779443440325658
inter_user,instance_normalized,0.8191409550639848
inter_user,instance_normalized,0.9546256427168612
inter_user,instance_normalized,0.6547370653436663
inter_user,instance_normalized,0.48950103089915303
inter_user,instance_normalized,0.5724911985352285
inter_user,instance_normalized,0.7745641304464063
inter_user,instance_normalized,0.764730909666443
inter_user,instance_normalized,0.859490460068224
inter_user,instance_normalized,0.7353714420887278
inter_user,instance_normalized,0.7659192730399298
inter_user,instance_normalized,0.6969105189914883
inter_user,instance_normalized,0.8006680140870639
inter_user,instance_normalized,0.5401852354410102
inter_user,instance_normalized,0.42627144699623876
inter_user,instance_normalized,0.4217201786583031
inter_user,instance_normalized,0.5856000094935202
inter_user,instance_normalized,0.5844394033448289
inter_user,instance_normalized,0.9823810928209721
inter_user,instance_normalized,0.47905932102674215
inter_user,instance_normalized,0.41454947913245443
inter_user,instance_normalized,0.43040422131572725
inter_user,instance_normalized,0.46052597670727086
inter_user,instance_normalized,0.5217783529180052
inter_user,instance_normalized,0.8321370967760193
inter_user,instance_normalized,0.9675672180924765
inter_user,instance_normalized,1.0215162281289083
inter_user,instance_normalized,0.4407345307531201
inter_user,instance_normalized,0.9743138592075508
inter_user,instance_normalized,0.43496948360292487
inter_user,instance_normalized,0.9929854693878089
inter_user,instance_normalized,0.9930468664936759
inter_user,instance_normalized,0.834888258526156
inter_user,instance_normalized,0.8465646801762232
inter_user,instance_normalized,1.069261358986941
inter_user,instance_normalized,0.9414653403662857
inter_user,instance_normalized,0.8968618837593644
inter_user,instance_normalized,0.8452074276455497
inter_user,instance_normalized,0.871389344026868
inter_user,instance_normalized,0.8961641620930689
inter_user,instance_normalized,1.1053716032027445
inter_user,instance_normalized,0.9615057398402594
inter_user,instance_normalized,0.9365037352831936
inter_user,instance_normalized,0.827914062336568
inter_user,instance_normalized,1.1807720000993123
inter_user,instance_normalized,0.7867768922358366
inter_user,instance_normalized,0.8033289974745513
inter_user,instance_normalized,0.9025181928694251
inter_user,instance_normalized,0.8509577557654671
inter_user,instance_normalized,0.861582863963366
inter_user,instance_normalized,0.8475973778040664
inter_user,instance_normalized,0.859348432290955
inter_user,instance_normalized,0.8907235515055506
inter_user,instance_normalized,0.8410797671388187
inter_user,instance_normalized,0.8242969794624558
inter_user,instance_normalized,0.8346401294091895
inter_user,instance_normalized,0.8349216008709155
inter_user,instance_normalized,0.7341754786573219
inter_user,instance_normalized,0.6699776984290507
inter_user,instance_normalized,0.7967252035251039
inter_user,instance_normalized,0.8324356653911237
inter_user,instance_normalized,0.8461734126657374
inter_user,instance_normalized,0.7703963010156998
inter_user,instance_normalized,0.945731561004977
inter_user,instance_normalized,0.9970487428253322
inter_user,instance_normalized,0.9901949348793899
inter_user,instance_normalized,1.0639778925658399
inter_user,instance_normalized,0.8568914190710073
inter_user,instance_normalized,0.7878713113072897
inter_user,instance_normalized,0.8248481921071342
inter_user,instance_normalized,0.8077012392342938
inter_user,instance_normalized,1.0867117871955045
inter_user,instance_normalized,1.2655724057601112
inter_user,instance_normalized,1.0967545148334252
inter_user,instance_normalized,1.0233877155371465
inter_user,instance_normalized,0.9367214542466326
inter_user,instance_normalized,1.1574260725615453
inter_user,instance_normalized,0.7722858748773086
inter_user,instance_normalized,1.0765832991886213
inter_user,instance_normalized,1.1165924077127614
inter_user,instance_normalized,1.0802728659753869
inter_user,instance_normalized,1.0521811404567702
inter_user,instance_normalized,1.0885763959285444
inter_user,instance_normalized,1.1254039006709569
inter_user,instance_normalized,1.0961327747507015
inter_user,instance_normalized,1.0650199785966314
inter_user,instance_normalized,1.0366853521303443
inter_user,instance_normalized,1.1039914574050609
inter_user,instance_normalized,1.170598399707712
inter_user,instance_normalized,1.1218098020546334
inter_user,instance_normalized,1.0593778179711923
inter_user,instance_normalized,1.1803268720533375
inter_user,instance_normalized,1.1999312874391042
inter_user,instance_normalized,1.160440178987814
inter_user,instance_normalized,1.0375661265979053
inter_user,instance_normalized,0.9011924265301307
inter_user,instance_normalized,0.8832483045060922
inter_user,instance_normalized,0.8622773006329694
inter_user,instance_normalized,0.9150230741203579
inter_user,instance_normalized,1.0306237078739213
inter_user,instance_normalized,0.9998314923186871
inter_user,instance_normalized,1.0118841554592637
inter_user,instance_normalized,0.9487772747824172
inter_user,instance_normalized,0.9423772770819496
inter_user,instance_normalized,0.981563831599083
inter_user,instance_normalized,1.0878195557441162
inter_user,instance_normalized,1.0162778505744081
inter_user,instance_normalized,0.9153913419802865
inter_user,instance_normalized,1.1905569333852033
inter_user,instance_normalized,1.002852285368047
inter_user,instance_normalized,1.3909993004779906
inter_user,instance_normalized,1.1278077774259443
inter_user,instance_normalized,1.8615173999758106
inter_user,instance_normalized,1.24815910194249
inter_user,instance_normalized,1.2310988300740293
inter_user,instance_normalized,1.3694681368761044
inter_user,instance_normalized,1.3475112465569223
inter_user,instance_normalized,1.439641053904681
inter_user,instance_normalized,1.8537705552115642
inter_user,instance_normalized,1.2965080691714164
inter_user,instance_normalized,1.5452677855400838
inter_user,instance_normalized,1.4063162346505567
inter_user,instance_normalized,1.4521862236420913
inter_user,instance_normalized,1.4265788404039752
inter_user,instance_normalized,1.19552422341417
inter_user,instance_normalized,1.4016052034983824
inter_user,instance_normalized,1.1423047753670874
inter_user,instance_normalized,1.2120942953553782
inter_user,instance_normalized,1.318445480103132
inter_user,instance_normalized,1.2846220998069784
inter_user,instance_normalized,1.322035355865274
inter_user,instance_normalized,1.226869318206931
inter_user,instance_normalized,1.1323757134207648
inter_user,instance_normalized,1.1126795130267237
inter_user,instance_normalized,1.0987328189233292
inter_user,instance_normalized,1.2106723993428494
inter_user,instance_normalized,1.3093977606955343
inter_user,instance_normalized,1.3356496306356098
inter_user,instance_normalized,1.24387728676931
inter_user,instance_normalized,1.367352257629474
inter_user,instance_normalized,1.514366237053086
inter_user,instance_normalized,1.2626965725594095
inter_user,instance_normalized,1.2471488399523374
inter_user,instance_normalized,1.3723141729902666
inter_user,instance_normalized,1.4210840144213908
inter_user,instance_normalized,1.360342181504841
inter_user,instance_normalized,1.3746185351807367
inter_user,instance_normalized,1.3857531618514838
inter_user,instance_normalized,1.319208707055151
inter_user,instance_normalized,1.0895238432683818
inter_user,instance_normalized,1.1206919696464959
inter_user,instance_normalized,1.3383503901082958
inter_user,instance_normalized,1.4707614986690565
inter_user,instance_normalized,1.2729917704373945
inter_user,instance_normalized,1.2130241132566233
inter_user,instance_normalized,1.244486682722608
inter_user,instance_normalized,1.5337033701661613
inter_user,instance_normalized,1.2534728087150293
inter_user,instance_normalized,1.067039466113564
inter_user,instance_normalized,1.1172780325817826
inter_user,instance_normalized,1.025272669196252
inter_user,instance_normalized,0.9865019052225378
inter_user,instance_normalized,1.0945523696921586
inter_user,instance_normalized,1.0441396494585178
inter_user,instance_normalized,1.0202989296934646
inter_user,instance_normalized,1.0346633955240825
inter_user,instance_normalized,1.022418791416096
inter_user,instance_normalized,1.093134374975079
inter_user,instance_normalized,1.1949894258131206
inter_user,instance_normalized,1.1234944901150838
inter_user,instance_normalized,1.0625975895978699
inter_user,instance_normalized,1.1573698436499118
inter_user,instance_normalized,1.27390677389577
inter_user,instance_normalized,1.0269868601955305
inter_user,instance_normalized,1.0035230486784812
inter_user,instance_normalized,0.9563078803452879
inter_user,instance_normalized,1.0891472678746954
inter_user,instance_normalized,1.0448276160606997
inter_user,instance_normalized,0.9831601142407543
inter_user,instance_normalized,1.022195151585419
inter_user,instance_normalized,0.9513223819845176
inter_user,instance_normalized,0.9685314852687681
inter_user,instance_normalized,0.9504769351176954
inter_user,instance_normalized,1.0624400316100995
inter_user,instance_normalized,1.2537982732443371
inter_user,instance_normalized,0.9324007047604059
inter_user,instance_normalized,0.8918978289862788
inter_user,instance_normalized,1.0056154401601112
inter_user,instance_normalized,1.116788002751146
inter_user,instance_normalized,0.946471290308136
inter_user,instance_normalized,0.8714432012906634
inter_user,instance_normalized,0.9913947023869498
inter_user,instance_normalized,1.1086686489196451
inter_user,instance_normalized,1.170134770611237
inter_user,instance_normalized,1.231995752193168
inter_user,instance_normalized,0.9882110818574031
inter_user,instance_normalized,0.970950603147585
inter_user,instance_normalized,0.8482223216241793
inter_user,instance_normalized,0.9135043496380053
inter_user,instance_normalized,1.0314319947826618
inter_user,instance_normalized,1.1331027129152758
inter_user,instance_normalized,1.0579374173808216
inter_user,instance_normalized,1.0660596619850569
inter_user,instance_normalized,0.9573124297041548
inter_user,instance_normalized,1.351256492320246
inter_user,instance_normalized,0.812987832453568
inter_user,instance_normalized,0.903583103605011
inter_user,instance_normalized,0.9947596555923675
inter_user,instance_normalized,1.041914134177055
inter_user,instance_normalized,1.0762201545196979
inter_user,instance_normalized,1.2607446704174903
inter_user,instance_normalized,1.0334354771159429
inter_user,instance_normalized,1.0088131728198082
inter_user,instance_normalized,0.9818673298395251
inter_user,instance_normalized,1.0213002316434865
inter_user,instance_normalized,1.0944894111112171
inter_user,instance_normalized,1.1601747095202721
inter_user,instance_normalized,1.0466371795919256
inter_user,instance_normalized,1.0468098212738393
inter_user,instance_normalized,1.0620668390304364
inter_user,instance_normalized,1.2942500047236036
inter_user,instance_normalized,0.9109800302285107
inter_user,instance_normalized,1.378847996960324
inter_user,instance_normalized,1.3037876422513048
inter_user,instance_normalized,1.3690605682300907
inter_user,instance_normalized,1.34485065169686
inter_user,instance_normalized,1.4101148641215482
inter_user,instance_normalized,1.2559097294749095
inter_user,instance_normalized,1.2602433822603771
inter_user,instance_normalized,1.3171272800609124
inter_user,instance_normalized,1.3622462556063244
inter_user,instance_normalized,1.4267320881194934
inter_user,instance_normalized,1.2365380755787116
inter_user,instance_normalized,1.6187537773940799
inter_user,instance_normalized,1.201679060162517
inter_user,instance_normalized,1.0928900990808548
inter_user,instance_normalized,1.3733278017262789
inter_user,instance_normalized,1.446799622416905
inter_user,instance_normalized,0.9843551972598641
inter_user,instance_normalized,0.9980575158780801
inter_user,instance_normalized,1.1307324847774263
inter_user,instance_normalized,1.0604558107268987
inter_user,instance_normalized,1.5071522940538649
inter_user,instance_normalized,1.0653866747704124
inter_user,instance_normalized,1.0414514731333262
inter_user,instance_normalized,1.090935562504073
inter_user,instance_normalized,1.0548585313868861
inter_user,instance_normalized,1.0136701643805492
inter_user,instance_normalized,1.1919187379498108
inter_user,instance_normalized,1.0362593997624796
inter_user,instance_normalized,0.9490810573155416
inter_user,instance_normalized,1.0492391683049656
inter_user,instance_normalized,1.0033041561909537
inter_user,instance_normalized,0.9750116117633718
inter_user,instance_normalized,1.3707002869558074
inter_user,instance_normalized,1.4578701358730635
inter_user,instance_normalized,1.1032291583918434
inter_user,instance_normalized,1.0193958384917186
inter_user,instance_normalized,1.1389073126388165
inter_user,instance_normalized,1.0835735993356876
inter_user,instance_normalized,1.3256958020483274
inter_user,instance_normalized,1.0759396803360786
inter_user,instance_normalized,1.0645084561449383
inter_user,instance_normalized,0.9244188857294344
inter_user,instance_normalized,1.3610210036196435
inter_user,instance_normalized,1.032985529925499
inter_user,instance_normalized,0.9439436099452494
inter_user,instance_normalized,1.2718024995481012
inter_user,instance_normalized,1.0264863412660166
inter_user,instance_normalized,1.354178217759584
inter_user,instance_normalized,1.1704078686066384
inter_user,instance_normalized,0.8735637183946242
inter_user,instance_normalized,0.9833208695426277
inter_user,instance_normalized,1.0371048904426399
inter_user,instance_normalized,0.8973908420631207
inter_user,instance_normalized,0.9586820371406687
inter_user,instance_normalized,0.9662899986841252
inter_user,instance_normalized,1.1174662997146483
inter_user,instance_normalized,1.123085883962264
inter_user,instance_normalized,1.0656588053686422
inter_user,instance_normalized,1.0650173137241576
inter_user,instance_normalized,1.0141677268582
inter_user,instance_normalized,1.0637902532232077
inter_user,instance_normalized,0.8516977646648932
inter_user,instance_normalized,0.8556648267717198
inter_user,instance_normalized,0.8920691562525898
inter_user,instance_normalized,1.2369043630837209
inter_user,instance_normalized,1.2101936956479145
inter_user,instance_normalized,1.1796261448116272
inter_user,instance_normalized,1.2101709730217394
inter_user,instance_normalized,1.1285004136969037
inter_user,instance_normalized,1.21402031429461
inter_user,instance_normalized,1.2643525770044834
inter_user,instance_normalized,1.3462217940426886
inter_user,instance_normalized,1.2383037100789767
inter_user,instance_normalized,1.2702184480808594
inter_user,instance_normalized,1.2910823248691445
inter_user,instance_normalized,1.194752776490756
inter_user,instance_normalized,1.2281449964626632
inter_user,instance_normalized,1.182536284643709
inter_user,instance_normalized,1.0126350694211448
inter_user,instance_normalized,1.1813408229134197
inter_user,instance_normalized,0.9626737545031954
inter_user,instance_normalized,0.840507386829231
inter_user,instance_normalized,0.8241091948655975
inter_user,instance_normalized,0.752706313894742
inter_user,instance_normalized,0.7720820047511119
inter_user,instance_normalized,0.9469389629716359
inter_user,instance_normalized,0.9055190505725095
inter_user,instance_normalized,0.8039806844892406
inter_user,instance_normalized,0.8568516138270206
inter_user,instance_normalized,0.8397398427092153
inter_user,instance_normalized,0.9539581925998376
inter_user,instance_normalized,0.8545777501842069
inter_user,instance_normalized,0.8428739750069428
inter_user,instance_normalized,0.9041882227169898
inter_user,instance_normalized,0.7635343050907177
inter_user,instance_normalized,0.8916006113573033
inter_user,instance_normalized,0.9952779307107401
inter_user,instance_normalized,1.0250362970790667
inter_user,instance_normalized,1.0193075510398562
inter_user,instance_normalized,1.0298481772934904
inter_user,instance_normalized,1.0809819768917026
inter_user,instance_normalized,0.9835159178437005
inter_user,instance_normalized,0.9884205706689514
inter_user,instance_normalized,0.926149111424965
inter_user,instance_normalized,1.005079957825259
inter_user,instance_normalized,1.10510841215886
inter_user,instance_normalized,1.0594831238672084
inter_user,instance_normalized,1.0919445482252756
inter_user,instance_normalized,1.0810856134207383
inter_user,instance_normalized,0.9310013057401372
inter_user,instance_normalized,1.3992153134611733
inter_user,instance_normalized,0.911286210630612
inter_user,instance_normalized,0.7582087407799811
inter_user,instance_normalized,0.8488065464929693
inter_user,instance_normalized,0.6191384585123523
inter_user,instance_normalized,0.5996377319921086
inter_user,instance_normalized,0.6613486595561999
inter_user,instance_normalized,0.6920011030211815
inter_user,instance_normalized,0.7258246442392998
inter_user,instance_normalized,0.7087389292797062
inter_user,instance_normalized,0.7099590858962214
inter_user,instance_normalized,0.6776683771650533
inter_user,instance_normalized,0.6959681025414156
inter_user,instance_normalized,0.6640660154379602
inter_user,instance_normalized,0.6395305645555037
inter_user,instance_normalized,0.746626300889313
inter_user,instance_normalized,0.5912522019534894
inter_user,instance_normalized,0.717309911776105
inter_user,instance_normalized,0.4659630306857575
inter_user,instance_normalized,0.6457346515214666
inter_user,instance_normalized,0.5495753295000863
inter_user,instance_normalized,0.5048345186720902
inter_user,instance_normalized,0.41225538038782067
inter_user,instance_normalized,0.5278011355733419
inter_user,instance_normalized,0.523159963504752
inter_user,instance_normalized,0.4240562917488106
inter_user,instance_normalized,0.45943415911404056
inter_user,instance_normalized,0.48611548992289566
inter_user,instance_normalized,0.5987519640185069
inter_user,instance_normalized,0.4693397485996696
inter_user,instance_normalized,0.4585222548035776
inter_user,instance_normalized,0.4463585758340756
inter_user,instance_normalized,0.44559068447786804
inter_user,instance_normalized,0.4381612070499548
inter_user,instance_normalized,0.9124621061680522
inter_user,instance_normalized,0.745447509790534
inter_user,instance_normalized,0.7085038390889313
inter_user,instance_normalized,0.7183599040206057
inter_user,instance_normalized,0.6271729452878674
inter_user,instance_normalized,0.7548580216757657
inter_user,instance_normalized,0.773333057079352
inter_user,instance_normalized,0.8619356511278802
inter_user,instance_normalized,0.8355920099018328
inter_user,instance_normalized,0.8101896742737131
inter_user,instance_normalized,0.9290980666385418
inter_user,instance_normalized,0.664645051298062
inter_user,instance_normalized,0.6220402200077153
inter_user,instance_normalized,0.7293387262723433
inter_user,instance_normalized,0.6096841106612695
inter_user,instance_normalized,0.7419814472377287
inter_user,instance_normalized,0.6491969885837625
inter_user,instance_normalized,0.7495429318177017
inter_user,instance_normalized,0.5574916932260349
inter_user,instance_normalized,0.5755699161458292
inter_user,instance_normalized,0.5493329455920403
inter_user,instance_normalized,0.44981607353326397
inter_user,instance_normalized,0.6091091666739076
inter_user,instance_normalized,0.7240492549665511
inter_user,instance_normalized,0.778824011570005
inter_user,instance_normalized,0.5547829332604433
inter_user,instance_normalized,0.570635238271615
inter_user,instance_normalized,0.43418796136564125
inter_user,instance_normalized,0.42326718517011364
inter_user,instance_normalized,0.6627857521527616
inter_user,instance_normalized,0.36877547565108215
inter_user,instance_normalized,0.46575469023752936
inter_user,instance_normalized,1.0680027466668203
inter_user,instance_normalized,1.131773826997655
inter_user,instance_normalized,1.2465863857370711
inter_user,instance_normalized,1.240628672383203
inter_user,instance_normalized,1.6080083325693872
inter_user,instance_normalized,1.2078741954498164
inter_user,instance_normalized,1.1921192380378254
inter_user,instance_normalized,1.1965325300906064
inter_user,instance_normalized,1.2028793240608933
inter_user,instance_normalized,1.2827880331575015
inter_user,instance_normalized,1.3574669480227186
inter_user,instance_normalized,1.226292380817314
inter_user,instance_normalized,1.1878946777467068
inter_user,instance_normalized,1.2281780240559066
inter_user,instance_normalized,1.3352860952942063
inter_user,instance_normalized,1.3927385943639048
inter_user,instance_normalized,0.9220530529024099
inter_user,instance_normalized,0.9910337698240511
inter_user,instance_normalized,0.9218624652409888
inter_user,instance_normalized,0.9865691226332977
inter_user,instance_normalized,0.9239718349201604
inter_user,instance_normalized,0.9794592440582813
inter_user,instance_normalized,1.0539606702680386
inter_user,instance_normalized,0.9566479922187182
inter_user,instance_normalized,0.938594301575771
inter_user,instance_normalized,0.987634224145336
inter_user,instance_normalized,1.1046089509288688
inter_user,instance_normalized,0.9961302559372216
inter_user,instance_normalized,0.9190834586296494
inter_user,instance_normalized,0.9866217211122471
inter_user,instance_normalized,1.0279367574970972
inter_user,instance_normalized,1.0718182332745045
inter_user,instance_normalized,1.2718833053159482
inter_user,instance_normalized,1.0359082472065153
inter_user,instance_normalized,1.0462509995864098
inter_user,instance_normalized,1.07356747786797
inter_user,instance_normalized,0.9972633210630971
inter_user,instance_normalized,1.0907767077071189
inter_user,instance_normalized,1.058835793260878
inter_user,instance_normalized,1.2335748187783975
inter_user,instance_normalized,1.1265802531412796
inter_user,instance_normalized,1.084014610908023
inter_user,instance_normalized,1.1535620328113674
inter_user,instance_normalized,1.0086705372703713
inter_user,instance_normalized,0.981610751370989
inter_user,instance_normalized,1.1063921765800773
inter_user,instance_normalized,0.9892427683560476
inter_user,instance_normalized,1.0761166808309641
inter_user,instance_normalized,1.3440235443405442
inter_user,instance_normalized,1.1234770535317762
inter_user,instance_normalized,1.0264486482204493
inter_user,instance_normalized,1.0663012042335167
inter_user,instance_normalized,1.0904372202464852
inter_user,instance_normalized,1.1099030574644397
inter_user,instance_normalized,1.2455082238262358
inter_user,instance_normalized,1.3404233791491929
inter_user,instance_normalized,1.5606316063075516
inter_user,instance_normalized,1.2203142627212555
inter_user,instance_normalized,1.199826163121602
inter_user,instance_normalized,1.0641505584702047
inter_user,instance_normalized,1.023470603668165
inter_user,instance_normalized,1.203142687070776
inter_user,instance_normalized,1.1854982338041837
inter_user,instance_normalized,1.1293012558098456
inter_user,instance_normalized,1.1408414136606722
inter_user,instance_normalized,10.626970512319149
inter_user,instance_normalized,1.3488042488393108
inter_user,instance_normalized,1.3394453308070138
inter_user,instance_normalized,0.5900736442247869
inter_user,instance_normalized,1.3656557845006052
inter_user,instance_normalized,1.5000826990855152
inter_user,instance_normalized,0.9766755577086436
inter_user,instance_normalized,2.5036974104606546
inter_user,instance_normalized,2.7395633095426857
inter_user,instance_normalized,1.3086342329230154
inter_user,instance_normalized,1.0348945289169005
inter_user,instance_normalized,0.903626340680926
inter_user,instance_normalized,1.4225158523957109
inter_user,instance_normalized,0.7208833373199208
inter_user,instance_normalized,1.6285054301581776
inter_user,instance_normalized,1.066312234316288
inter_user,instance_normalized,1.0141064145096705
inter_user,instance_normalized,1.082511568885963
inter_user,instance_normalized,1.1338172634781585
inter_user,instance_normalized,0.9685455027445546
inter_user,instance_normalized,1.1041299167694332
inter_user,instance_normalized,1.0505073704495445
inter_user,instance_normalized,0.994886016093759
inter_user,instance_normalized,1.0744752605972097
inter_user,instance_normalized,0.9054229514942491
inter_user,instance_normalized,1.2179278040327137
inter_user,instance_normalized,0.9174081655193984
inter_user,instance_normalized,0.9448076654882299
inter_user,instance_normalized,0.9743586849713062
inter_user,instance_normalized,1.0972674796683441
inter_user,instance_normalized,0.9848690283562487
inter_user,instance_normalized,1.453821807486944
inter_user,instance_normalized,1.331921457969737
inter_user,instance_normalized,1.1224537236265009
inter_user,instance_normalized,1.0853489600734092
inter_user,instance_normalized,1.2935806716532794
inter_user,instance_normalized,1.2574810440747033
inter_user,instance_normalized,1.4032471305584262
inter_user,instance_normalized,1.3448067844858822
inter_user,instance_normalized,1.7682482731880185
inter_user,instance_normalized,1.039401206111914
inter_user,instance_normalized,1.1814631251007102
inter_user,instance_normalized,1.1502012708042706
inter_user,instance_normalized,1.178816812470298
inter_user,instance_normalized,1.2264975848054989
inter_user,instance_normalized,1.3342432313400947
inter_user,instance_normalized,1.2942716150875322
inter_user,instance_normalized,1.0994583079775269
inter_user,instance_normalized,1.2110595319391901
inter_user,instance_normalized,1.012071971941362
inter_user,instance_normalized,0.9851608277043181
inter_user,instance_normalized,0.9826299913054183
inter_user,instance_normalized,1.079220633889096
inter_user,instance_normalized,1.2834778440267092
inter_user,instance_normalized,1.0517441145278374
inter_user,instance_normalized,1.055065068148458
inter_user,instance_normalized,1.0944969848399193
inter_user,instance_normalized,1.2573051072981385
inter_user,instance_normalized,1.0978097352815495
inter_user,instance_normalized,1.0355689361465819
inter_user,instance_normalized,1.0251201755621027
inter_user,instance_normalized,0.860856767072896
inter_user,instance_normalized,1.1280053056551431
inter_user,instance_normalized,1.1049027158818092
inter_user,instance_normalized,1.1380768180704677
inter_user,instance_normalized,1.371062146867801
inter_user,instance_normalized,1.4125011882453113
inter_user,instance_normalized,1.3902734674024844
inter_user,instance_normalized,1.2089142660014556
inter_user,instance_normalized,1.1925319756359267
inter_user,instance_normalized,1.2257350655683394
inter_user,instance_normalized,1.2083153425990765
inter_user,instance_normalized,1.4696800436585111
inter_user,instance_normalized,1.5938018305821051
inter_user,instance_normalized,1.6718143703826553
inter_user,instance_normalized,1.6141569169880499
inter_user,instance_normalized,1.0363299069512664
inter_user,instance_normalized,1.3751644773053386
inter_user,instance_normalized,1.00721156715121
inter_user,instance_normalized,0.5862290214480635
inter_user,instance_normalized,0.5981405515291649
inter_user,instance_normalized,0.6231325387338574
inter_user,instance_normalized,0.6168803752510086
inter_user,instance_normalized,0.5689494077353879
inter_user,instance_normalized,0.6381115710949339
inter_user,instance_normalized,0.6495316332212341
inter_user,instance_normalized,0.5768723830200287
inter_user,instance_normalized,0.5578220862531799
inter_user,instance_normalized,0.6051506612715674
inter_user,instance_normalized,0.6644292201948169
inter_user,instance_normalized,0.5824287283712062
inter_user,instance_normalized,0.5179863313046786
inter_user,instance_normalized,0.6047471634755798
inter_user,instance_normalized,0.6572316961738393
inter_user,instance_normalized,0.642913594194589
inter_user,instance_normalized,0.3377657673439413
inter_user,instance_normalized,0.4098345767100627
inter_user,instance_normalized,0.4409679323907721
inter_user,instance_normalized,0.45595477923733807
inter_user,instance_normalized,0.4441179914247478
inter_user,instance_normalized,0.4978253237042564
inter_user,instance_normalized,0.6128523255654832
inter_user,instance_normalized,0.44379150381040977
inter_user,instance_normalized,0.47264770209260193
inter_user,instance_normalized,0.4927360174842901
inter_user,instance_normalized,0.5914289033412017
inter_user,instance_normalized,0.47137551170969655
inter_user,instance_normalized,0.4677804756821002
inter_user,instance_normalized,0.4939155858042659
inter_user,instance_normalized,0.6039218090739309
inter_user,instance_normalized,0.42200619168065157
inter_user,instance_normalized,0.4733667582242488
inter_user,instance_normalized,0.4840350062818619
inter_user,instance_normalized,0.4565070860892519
inter_user,instance_normalized,0.4578021469592607
inter_user,instance_normalized,0.512354783684765
inter_user,instance_normalized,0.4809067951221261
inter_user,instance_normalized,0.49600523817895775
inter_user,instance_normalized,0.4419837163010638
inter_user,instance_normalized,0.43920315280059563
inter_user,instance_normalized,0.4624758709517976
inter_user,instance_normalized,0.5300411870808256
inter_user,instance_normalized,0.41829948657689947
inter_user,instance_normalized,0.4076063459127402
inter_user,instance_normalized,0.4259943931791393
inter_user,instance_normalized,0.512783716435063
inter_user,instance_normalized,0.4270944397143299
inter_user,instance_normalized,0.5448110999488501
inter_user,instance_normalized,0.5471064290460572
inter_user,instance_normalized,0.4936856589603958
inter_user,instance_normalized,0.5559880451458274
inter_user,instance_normalized,0.5536276276241304
inter_user,instance_normalized,0.6071929302827822
inter_user,instance_normalized,0.6431013769057179
inter_user,instance_normalized,0.5293502238333729
inter_user,instance_normalized,0.5119761586633446
inter_user,instance_normalized,0.4343383820038456
inter_user,instance_normalized,0.4407219314477593
inter_user,instance_normalized,0.4261953639285269
inter_user,instance_normalized,0.4249674808322352
inter_user,instance_normalized,0.46515726280855835
inter_user,instance_normalized,0.4909764781562066
inter_user,instance_normalized,0.8936733403012722
inter_user,instance_normalized,0.3878689912231172
inter_user,instance_normalized,0.4385156522429457
inter_user,instance_normalized,0.48562093361490083
inter_user,instance_normalized,0.46527651014781257
inter_user,instance_normalized,0.4369082298563488
inter_user,instance_normalized,0.49901896147254204
inter_user,instance_normalized,0.398374584261683
inter_user,instance_normalized,0.46307823334203513
inter_user,instance_normalized,0.49659433028942107
inter_user,instance_normalized,0.5442498126855776
inter_user,instance_normalized,0.5595644816120783
inter_user,instance_normalized,0.4815105378500313
inter_user,instance_normalized,0.4373054992319478
inter_user,instance_normalized,0.5459118714868952
inter_user,instance_normalized,0.5055366312695254
inter_user,instance_normalized,0.5752132953177221
inter_user,instance_normalized,0.673984229815241
inter_user,instance_normalized,0.6397069305747846
inter_user,instance_normalized,0.5926102109403332
inter_user,instance_normalized,0.579692113820606
inter_user,instance_normalized,0.5521678106494449
inter_user,instance_normalized,0.5974824329104909
inter_user,instance_normalized,0.6150230185323952
inter_user,instance_normalized,0.6562159356030508
inter_user,instance_normalized,0.655278703499131
inter_user,instance_normalized,0.6061278828273764
inter_user,instance_normalized,0.6364367777606729
inter_user,instance_normalized,0.538692253514284
inter_user,instance_normalized,0.50874867732889
inter_user,instance_normalized,0.6041408197351485
inter_user,instance_normalized,0.49473572546362216
inter_user,instance_normalized,0.6116879395980733
inter_user,instance_normalized,0.38994418530148994
inter_user,instance_normalized,0.3719869555559212
inter_user,instance_normalized,0.4213112448174783
inter_user,instance_normalized,0.4354914704010022
inter_user,instance_normalized,0.5138090770903656
inter_user,instance_normalized,0.514667475822099
inter_user,instance_normalized,0.4729421374851332
inter_user,instance_normalized,0.48451641533053746
inter_user,instance_normalized,0.44639041207884506
inter_user,instance_normalized,0.4935145367482785
inter_user,instance_normalized,0.4883729212680066
inter_user,instance_normalized,0.5350924042051135
inter_user,instance_normalized,0.5312840873608303
inter_user,instance_normalized,0.456329576063869
inter_user,instance_normalized,0.4178454254074085
inter_user,instance_normalized,0.4095954051699056
inter_user,instance_normalized,0.4956853090774944
inter_user,instance_normalized,0.5371552345798764
inter_user,instance_normalized,0.4136429301186099
inter_user,instance_normalized,0.4191136295822484
inter_user,instance_normalized,0.4534194741848215
inter_user,instance_normalized,0.49258318541192836
inter_user,instance_normalized,0.4484501195265871
inter_user,instance_normalized,0.4983894258203182
inter_user,instance_normalized,0.40467829214338424
inter_user,instance_normalized,0.41008489074642857
inter_user,instance_normalized,0.4785456884615514
inter_user,instance_normalized,0.41589369902087975
inter_user,instance_normalized,0.39781442538872647
inter_user,instance_normalized,0.3262850811623702
inter_user,instance_normalized,0.3917265408167611
inter_user,instance_normalized,0.6915826522283902
inter_user,instance_normalized,0.3743169438495927
inter_user,instance_normalized,0.27449113847025686
inter_user,instance_normalized,0.3605363827884733
inter_user,instance_normalized,0.34613164254364387
inter_user,instance_normalized,0.3558214539311022
inter_user,instance_normalized,0.3814380523273044
inter_user,instance_normalized,0.2963921946518696
inter_user,instance_normalized,0.3233404008267691
inter_user,instance_normalized,0.30707936373139555
inter_user,instance_normalized,0.2976616516660491
inter_user,instance_normalized,0.2956681537081034
inter_user,instance_normalized,0.3982375430225955
inter_user,instance_normalized,0.39564646866827324
inter_user,instance_normalized,0.3595717749784373
inter_user,instance_normalized,0.3208163800007825
inter_user,instance_normalized,0.2950368699845971
inter_user,instance_normalized,0.5022657770873838
inter_user,instance_normalized,0.4728666194634293
inter_user,instance_normalized,0.49059580010910026
inter_user,instance_normalized,0.47866018904049307
inter_user,instance_normalized,0.38180255786763956
inter_user,instance_normalized,0.4815484867493145
inter_user,instance_normalized,0.5354015637253839
inter_user,instance_normalized,0.49489183310729956
inter_user,instance_normalized,0.5265218244141815
inter_user,instance_normalized,0.5042286304186433
inter_user,instance_normalized,0.6504817629276115
inter_user,instance_normalized,0.5046483148306572
inter_user,instance_normalized,0.4749444466195124
inter_user,instance_normalized,0.486161177572696
inter_user,instance_normalized,0.39551496556382326
inter_user,instance_normalized,0.4799383652846952
inter_user,instance_normalized,0.45031735838196846
inter_user,instance_normalized,0.41480273847601457
inter_user,instance_normalized,0.45100652713358824
inter_user,instance_normalized,0.49343028364657454
inter_user,instance_normalized,0.535082248526486
inter_user,instance_normalized,0.4871142552594359
inter_user,instance_normalized,0.47530292559612314
inter_user,instance_normalized,0.6620637914632915
inter_user,instance_normalized,0.4676683743365092
inter_user,instance_normalized,0.342809876033047
inter_user,instance_normalized,0.36160584277270164
inter_user,instance_normalized,0.44675333337029827
inter_user,instance_normalized,0.4093223394689307
inter_user,instance_normalized,0.3726311274300378
inter_user,instance_normalized,0.33497010315696657
inter_user,instance_normalized,0.3808807356260056
inter_user,instance_normalized,0.5877854386160061
inter_user,instance_normalized,0.6269401249290578
inter_user,instance_normalized,0.5983571844831562
inter_user,instance_normalized,0.58089975950184
inter_user,instance_normalized,0.43147441002432124
inter_user,instance_normalized,0.7096894455625706
inter_user,instance_normalized,0.7976436060697577
inter_user,instance_normalized,0.7514953878203781
inter_user,instance_normalized,0.6975195267167786
inter_user,instance_normalized,0.3965242091467817
inter_user,instance_normalized,0.5851199718725604
inter_user,instance_normalized,0.5116251243671629
inter_user,instance_normalized,0.47025662608334634
inter_user,instance_normalized,0.8413465415533248
inter_user,instance_normalized,0.45546455745811576
inter_user,instance_normalized,0.8290440023850736
inter_user,instance_normalized,0.7481458835328032
inter_user,instance_normalized,0.7980879988163802
inter_user,instance_normalized,0.7838862307203281
inter_user,instance_normalized,0.7967082112692457
inter_user,instance_normalized,0.6402550172634217
inter_user,instance_normalized,0.9680338741392895
inter_user,instance_normalized,1.0510367874923376
inter_user,instance_normalized,0.9482025227283037
inter_user,instance_normalized,0.8726079143212154
inter_user,instance_normalized,0.6117141408538374
inter_user,instance_normalized,0.9294917836606181
inter_user,instance_normalized,0.7383062489208715
inter_user,instance_normalized,0.6654467244787847
inter_user,instance_normalized,1.1243895754021724
inter_user,instance_normalized,0.4933218367792722
inter_user,instance_normalized,1.08419530969431
inter_user,instance_normalized,0.776689247474052
inter_user,instance_normalized,0.6179196630244388
inter_user,instance_normalized,0.681983404691752
inter_user,instance_normalized,0.6865811548065335
inter_user,instance_normalized,0.6023691646089588
inter_user,instance_normalized,1.6454868147770572
inter_user,instance_normalized,0.6162035455609504
inter_user,instance_normalized,0.8653214360785834
inter_user,instance_normalized,0.8326097245305902
inter_user,instance_normalized,0.8381454421644585
inter_user,instance_normalized,0.8438017857033732
inter_user,instance_normalized,0.6999611915992235
inter_user,instance_normalized,0.6535425107561547
inter_user,instance_normalized,0.7600046182306569
inter_user,instance_normalized,0.5145977809157994
inter_user,instance_normalized,0.6981320837690745
inter_user,instance_normalized,0.5065544371292169
inter_user,instance_normalized,0.424438281949038
inter_user,instance_normalized,0.41622256761098375
inter_user,instance_normalized,0.42095495603662225
inter_user,instance_normalized,0.3659479725759497
inter_user,instance_normalized,0.4463009320389172
inter_user,instance_normalized,0.38968708842629984
inter_user,instance_normalized,0.4006261692093004
inter_user,instance_normalized,0.39236993393671354
inter_user,instance_normalized,0.49318447526688036
inter_user,instance_normalized,0.40871751548245827
inter_user,instance_normalized,0.4306329016478947
inter_user,instance_normalized,0.41794084617733024
inter_user,instance_normalized,0.37245891245236257
inter_user,instance_normalized,0.4115968835024853
inter_user,instance_normalized,0.4099150101522053
inter_user,instance_normalized,0.33033178716460504
inter_user,instance_normalized,0.32031238997514405
inter_user,instance_normalized,0.3056872986539042
inter_user,instance_normalized,0.31176639262924644
inter_user,instance_normalized,0.33348320168536105
inter_user,instance_normalized,0.36767272632687636
inter_user,instance_normalized,0.549841715957285
inter_user,instance_normalized,0.6078155114784065
inter_user,instance_normalized,0.41886033047770915
inter_user,instance_normalized,0.3023544916392077
inter_user,instance_normalized,0.31610141479630927
inter_user,instance_normalized,0.36784313815982356
inter_user,instance_normalized,0.34887866725191197
inter_user,instance_normalized,0.3310798062071133
inter_user,instance_normalized,0.31809165141070733
inter_user,instance_normalized,0.31176089709420707
inter_user,instance_normalized,0.44340130069263123
inter_user,instance_normalized,0.5051089044995841
inter_user,instance_normalized,0.43515021954936944
inter_user,instance_normalized,0.41911798008049606
inter_user,instance_normalized,0.4718889279417125
inter_user,instance_normalized,0.4672602252630496
inter_user,instance_normalized,0.4568084261651387
inter_user,instance_normalized,0.44982176826987375
inter_user,instance_normalized,0.4295665407883509
inter_user,instance_normalized,0.41417299526574186
inter_user,instance_normalized,0.5366711753995868
inter_user,instance_normalized,0.5639683490638411
inter_user,instance_normalized,0.5898212824697722
inter_user,instance_normalized,0.5118233824868107
inter_user,instance_normalized,0.403852273944003
inter_user,instance_normalized,0.3887259203522327
inter_user,instance_normalized,0.3983758677244084
inter_user,instance_normalized,0.3210829906417822
inter_user,instance_normalized,0.3382047133647132
inter_user,instance_normalized,0.3456650619633844
inter_user,instance_normalized,0.2964096859858306
inter_user,instance_normalized,0.31686626706493093
inter_user,instance_normalized,0.3629562357006019
inter_user,instance_normalized,0.4225270163416139
inter_user,instance_normalized,0.36471124103647656
inter_user,instance_normalized,0.320885240684895
inter_user,instance_normalized,0.36364613530624473
inter_user,instance_normalized,0.4160013003368455
inter_user,instance_normalized,0.38170733105797794
inter_user,instance_normalized,0.3197874255819831
inter_user,instance_normalized,0.3237204129639635
inter_user,instance_normalized,0.36461001263023474
inter_user,instance_normalized,0.44885525098801193
inter_user,instance_normalized,0.3864977216035009
inter_user,instance_normalized,0.49118444492061236
inter_user,instance_normalized,0.4904621126970302
inter_user,instance_normalized,0.5035670446437868
inter_user,instance_normalized,0.459759037889359
inter_user,instance_normalized,0.44321896085928947
inter_user,instance_normalized,0.46191603071099435
inter_user,instance_normalized,0.43631326425437394
inter_user,instance_normalized,0.5069195879681829
inter_user,instance_normalized,0.5647838119415146
inter_user,instance_normalized,0.5648047958179377
inter_user,instance_normalized,0.554220676669831
inter_user,instance_normalized,0.4053649942676276
inter_user,instance_normalized,0.3569158453822731
inter_user,instance_normalized,0.40050985938588163
inter_user,instance_normalized,0.33234364693602786
inter_user,instance_normalized,0.37293259868056694
inter_user,instance_normalized,0.3526973211089232
inter_user,instance_normalized,0.33097349528008935
inter_user,instance_normalized,0.33359800546763685
inter_user,instance_normalized,0.38301158038599553
inter_user,instance_normalized,0.4162724921248554
inter_user,instance_normalized,0.4512534492060284
inter_user,instance_normalized,0.45462251885808486
inter_user,instance_normalized,0.3794847760622921
inter_user,instance_normalized,0.4554559333534606
inter_user,instance_normalized,0.4155220083200174
inter_user,instance_normalized,0.44536942872220714
inter_user,instance_normalized,0.47508582074059136
inter_user,instance_normalized,0.2696712694319951
inter_user,instance_normalized,0.4390072486795404
inter_user,instance_normalized,0.7452220108445797
inter_user,instance_normalized,0.6403006488785171
inter_user,instance_normalized,0.6292574691103228
inter_user,instance_normalized,0.598929247321305
inter_user,instance_normalized,0.5818377174689907
inter_user,instance_normalized,0.6081400110385827
inter_user,instance_normalized,0.6844673388597868
inter_user,instance_normalized,0.6907225915712042
inter_user,instance_normalized,0.7121400796404362
inter_user,instance_normalized,0.7435674545675831
inter_user,instance_normalized,0.8439383900986057
inter_user,instance_normalized,0.6708442769065093
inter_user,instance_normalized,0.6126095724974496
inter_user,instance_normalized,0.7106243173953835
inter_user,instance_normalized,0.5946991045376503
inter_user,instance_normalized,0.6495478432541543
